Apache Maven 3.9.16 (2bdd9fddda4b155ebf8000e807eb73fd829a51d5)
Maven home: /home/runner/.m2/wrapper/dists/apache-maven-3.9.16/56ba1f9f
Java version: 25.0.4, vendor: Eclipse Adoptium, runtime: /usr/lib/jvm/temurin-25-jdk-amd64
Default locale: en, platform encoding: UTF-8
OS name: "linux", version: "6.17.0-1022-azure", arch: "amd64", family: "unix"
[INFO] Scanning for projects...
[INFO] ------------------------------------------------------------------------
[INFO] Detecting the operating system and CPU architecture
[INFO] ------------------------------------------------------------------------
[INFO] os.detected.name: linux
[INFO] os.detected.arch: x86_64
[INFO] os.detected.bitness: 64
[INFO] os.detected.version: 6.17
[INFO] os.detected.version.major: 6
[INFO] os.detected.version.minor: 17
[INFO] os.detected.release: ubuntu
[INFO] os.detected.release.version: 24.04
[INFO] os.detected.release.like.ubuntu: true
[INFO] os.detected.release.like.debian: true
[INFO] os.detected.classifier: linux-x86_64
[INFO] ------------------------------------------------------------------------
[INFO] Reactor Build Order:
[INFO] 
[INFO] Apache Ratis                                                       [pom]
[INFO] Apache Ratis Documentation                                         [jar]
[INFO] Apache Ratis Protocols                                             [jar]
[INFO] Apache Ratis Common                                                [jar]
[INFO] Apache Ratis Client                                                [jar]
[INFO] Apache Ratis Server API                                            [jar]
[INFO] Apache Ratis Metrics API                                           [jar]
[INFO] Apache Ratis Metrics Default Implementation                        [jar]
[INFO] Apache Ratis Server                                                [jar]
[INFO] Apache Ratis - Resource Bundle                                     [jar]
[INFO] Apache Ratis gRPC Support                                          [jar]
[INFO] Apache Ratis Netty Support                                         [jar]
[INFO] Apache Ratis Metrics Dropwizard 3 Implementation                   [jar]
[INFO] Apache Ratis Tracing - OpenTelemetry                               [jar]
[INFO] Apache Ratis Tools                                                 [jar]
[INFO] Apache Ratis Shell                                                 [jar]
[INFO] Apache Ratis Test                                                  [jar]
[INFO] Apache Ratis Examples                                              [jar]
[INFO] Apache Ratis Project Assembly                                      [pom]
[INFO] Apache Ratis BOM                                                   [pom]
[INFO] 
[INFO] -----------------------< org.apache.ratis:ratis >-----------------------
[INFO] Building Apache Ratis 3.3.0-SNAPSHOT                              [1/20]
[INFO]   from pom.xml
[INFO] --------------------------------[ pom ]---------------------------------
[INFO] 
[INFO] --- enforcer:3.6.3:enforce (enforce-maven-version) @ ratis ---
[INFO] Rule 0: org.apache.maven.enforcer.rules.version.RequireMavenVersion passed
[INFO] 
[INFO] --- enforcer:3.6.3:enforce (enforce-java-version) @ ratis ---
[INFO] Rule 0: org.apache.maven.enforcer.rules.version.RequireJavaVersion passed
[INFO] 
[INFO] --- jacoco:0.8.15:prepare-agent (default-prepare-agent) @ ratis ---
[INFO] argLine set to -javaagent:/home/runner/.m2/repository/org/jacoco/org.jacoco.agent/0.8.15/org.jacoco.agent-0.8.15-runtime.jar=destfile=/home/runner/work/ratis/ratis/target/jacoco.exec,includes=org.apache.ratis.*
[INFO] 
[INFO] --- build-helper:3.6.1:add-source (add-source) @ ratis ---
[INFO] Source directory: /home/runner/work/ratis/ratis/target/generated-sources added.
[INFO] 
[INFO] --- enforcer:3.6.3:enforce (bannedImports-finalizers) @ ratis ---
[INFO] Rule 0: org.apache.maven.plugins.enforcer.RestrictImports passed
[INFO] 
[INFO] --- remote-resources:3.3.0:process (process-resource-bundles) @ ratis ---
[INFO] Preparing remote bundle org.apache.apache.resources:apache-jar-resource-bundle:1.8
[INFO] Copying 3 resources from 1 bundle.
[INFO] 
[INFO] --- hadoops:3.4.3:version-info (version-info) @ ratis ---
[INFO] SCM: GIT
[INFO] Computed MD5: bd9c711933c94996bd3f9fdfbdd1879e
[INFO] 
[INFO] --------------------< org.apache.ratis:ratis-docs >---------------------
[INFO] Building Apache Ratis Documentation 3.3.0-SNAPSHOT                [2/20]
[INFO]   from ratis-docs/pom.xml
[INFO] --------------------------------[ jar ]---------------------------------
[INFO] 
[INFO] --- enforcer:3.6.3:enforce (enforce-maven-version) @ ratis-docs ---
[INFO] 
[INFO] --- enforcer:3.6.3:enforce (enforce-java-version) @ ratis-docs ---
[INFO] 
[INFO] --- jacoco:0.8.15:prepare-agent (default-prepare-agent) @ ratis-docs ---
[INFO] argLine set to -javaagent:/home/runner/.m2/repository/org/jacoco/org.jacoco.agent/0.8.15/org.jacoco.agent-0.8.15-runtime.jar=destfile=/home/runner/work/ratis/ratis/ratis-docs/target/jacoco.exec,includes=org.apache.ratis.*
[INFO] 
[INFO] --- build-helper:3.6.1:add-source (add-source) @ ratis-docs ---
[INFO] Source directory: /home/runner/work/ratis/ratis/ratis-docs/target/generated-sources added.
[INFO] 
[INFO] --- enforcer:3.6.3:enforce (bannedImports-finalizers) @ ratis-docs ---
[INFO] Rule 0: org.apache.maven.plugins.enforcer.RestrictImports passed
[INFO] 
[INFO] --- remote-resources:3.3.0:process (process-resource-bundles) @ ratis-docs ---
[INFO] Preparing remote bundle org.apache.apache.resources:apache-jar-resource-bundle:1.8
[INFO] Copying 3 resources from 1 bundle.
[INFO] 
[INFO] --- hadoops:3.4.3:version-info (version-info) @ ratis-docs ---
[INFO] SCM: GIT
[INFO] Computed MD5: d41d8cd98f0b24e980998ecf8427e
[INFO] 
[INFO] --- resources:3.5.0:resources (default-resources) @ ratis-docs ---
[INFO] skip non existing resourceDirectory /home/runner/work/ratis/ratis/ratis-docs/src/main/resources
[INFO] Copying 1 resource from ../src/main/resources to target/classes
[INFO] Copying 3 resources from target/maven-shared-archive-resources to target/classes
[INFO] 
[INFO] --- compiler:3.15.0:compile (default-compile) @ ratis-docs ---
[INFO] No sources to compile
[INFO] 
[INFO] --- resources:3.5.0:testResources (default-testResources) @ ratis-docs ---
[INFO] skip non existing resourceDirectory /home/runner/work/ratis/ratis/ratis-docs/src/test/resources
[INFO] Copying 3 resources from target/maven-shared-archive-resources to target/test-classes
[INFO] 
[INFO] --- compiler:3.15.0:testCompile (default-testCompile) @ ratis-docs ---
[INFO] No sources to compile
[INFO] 
[INFO] --- surefire:3.5.6:test (default-test) @ ratis-docs ---
[INFO] Skipped
[INFO] 
[INFO] --------------------< org.apache.ratis:ratis-proto >--------------------
[INFO] Building Apache Ratis Protocols 3.3.0-SNAPSHOT                    [3/20]
[INFO]   from ratis-proto/pom.xml
[INFO] --------------------------------[ jar ]---------------------------------
[INFO] 
[INFO] --- enforcer:3.6.3:enforce (enforce-maven-version) @ ratis-proto ---
[INFO] 
[INFO] --- enforcer:3.6.3:enforce (enforce-java-version) @ ratis-proto ---
[INFO] 
[INFO] --- jacoco:0.8.15:prepare-agent (default-prepare-agent) @ ratis-proto ---
[INFO] argLine set to -javaagent:/home/runner/.m2/repository/org/jacoco/org.jacoco.agent/0.8.15/org.jacoco.agent-0.8.15-runtime.jar=destfile=/home/runner/work/ratis/ratis/ratis-proto/target/jacoco.exec,includes=org.apache.ratis.*
[INFO] 
[INFO] --- build-helper:3.6.1:add-source (add-source) @ ratis-proto ---
[INFO] Source directory: /home/runner/work/ratis/ratis/ratis-proto/target/generated-sources added.
[INFO] 
[INFO] --- protobuf:0.6.1:compile (compile-protobuf) @ ratis-proto ---
[INFO] Compiling 6 proto file(s) to /home/runner/work/ratis/ratis/ratis-proto/target/generated-sources
[INFO] 
[INFO] --- protobuf:0.6.1:compile-custom (compile-grpc) @ ratis-proto ---
[INFO] Compiling 6 proto file(s) to /home/runner/work/ratis/ratis/ratis-proto/target/generated-sources
[INFO] 
[INFO] --- enforcer:3.6.3:enforce (bannedImports-finalizers) @ ratis-proto ---
[INFO] Rule 0: org.apache.maven.plugins.enforcer.RestrictImports passed
[INFO] 
[INFO] --- replacer:1.5.3:replace (default) @ ratis-proto ---
[INFO] Replacement run on 19 files.
[INFO] 
[INFO] --- remote-resources:3.3.0:process (process-resource-bundles) @ ratis-proto ---
[INFO] Preparing remote bundle org.apache.apache.resources:apache-jar-resource-bundle:1.8
[INFO] Copying 3 resources from 1 bundle.
[INFO] 
[INFO] --- hadoops:3.4.3:version-info (version-info) @ ratis-proto ---
[INFO] SCM: GIT
[INFO] Computed MD5: d41d8cd98f0b24e980998ecf8427e
[INFO] 
[INFO] --- resources:3.5.0:resources (default-resources) @ ratis-proto ---
[INFO] skip non existing resourceDirectory /home/runner/work/ratis/ratis/ratis-proto/src/main/resources
[INFO] Copying 1 resource from ../src/main/resources to target/classes
[INFO] Copying 6 resources from src/main/proto to target/classes
[INFO] Copying 6 resources from src/main/proto to target/classes
[INFO] Copying 3 resources from target/maven-shared-archive-resources to target/classes
[INFO] 
[INFO] --- compiler:3.15.0:compile (default-compile) @ ratis-proto ---
[INFO] Compiling 19 source files with javac [forked debug release 8] to target/classes
[INFO] 
[INFO] --- resources:3.5.0:testResources (default-testResources) @ ratis-proto ---
[INFO] skip non existing resourceDirectory /home/runner/work/ratis/ratis/ratis-proto/src/test/resources
[INFO] Copying 3 resources from target/maven-shared-archive-resources to target/test-classes
[INFO] 
[INFO] --- compiler:3.15.0:testCompile (default-testCompile) @ ratis-proto ---
[INFO] No sources to compile
[INFO] 
[INFO] --- surefire:3.5.6:test (default-test) @ ratis-proto ---
[INFO] Skipped
[INFO] 
[INFO] -------------------< org.apache.ratis:ratis-common >--------------------
[INFO] Building Apache Ratis Common 3.3.0-SNAPSHOT                       [4/20]
[INFO]   from ratis-common/pom.xml
[INFO] --------------------------------[ jar ]---------------------------------
[INFO] 
[INFO] --- enforcer:3.6.3:enforce (enforce-maven-version) @ ratis-common ---
[INFO] 
[INFO] --- enforcer:3.6.3:enforce (enforce-java-version) @ ratis-common ---
[INFO] 
[INFO] --- jacoco:0.8.15:prepare-agent (default-prepare-agent) @ ratis-common ---
[INFO] argLine set to -javaagent:/home/runner/.m2/repository/org/jacoco/org.jacoco.agent/0.8.15/org.jacoco.agent-0.8.15-runtime.jar=destfile=/home/runner/work/ratis/ratis/ratis-common/target/jacoco.exec,includes=org.apache.ratis.*
[INFO] 
[INFO] --- build-helper:3.6.1:add-source (add-source) @ ratis-common ---
[INFO] Source directory: /home/runner/work/ratis/ratis/ratis-common/target/generated-sources added.
[INFO] 
[INFO] --- enforcer:3.6.3:enforce (bannedImports-finalizers) @ ratis-common ---
[INFO] Rule 0: org.apache.maven.plugins.enforcer.RestrictImports passed
[INFO] 
[INFO] --- remote-resources:3.3.0:process (process-resource-bundles) @ ratis-common ---
[INFO] Preparing remote bundle org.apache.apache.resources:apache-jar-resource-bundle:1.8
[INFO] Copying 3 resources from 1 bundle.
[INFO] 
[INFO] --- hadoops:3.4.3:version-info (version-info) @ ratis-common ---
[INFO] SCM: GIT
[INFO] Computed MD5: d41d8cd98f0b24e980998ecf8427e
[INFO] 
[INFO] --- resources:3.5.0:resources (default-resources) @ ratis-common ---
[INFO] skip non existing resourceDirectory /home/runner/work/ratis/ratis/ratis-common/src/main/resources
[INFO] Copying 1 resource from ../src/main/resources to target/classes
[INFO] Copying 3 resources from target/maven-shared-archive-resources to target/classes
[INFO] 
[INFO] --- compiler:3.15.0:compile (default-compile) @ ratis-common ---
[INFO] Compiling 164 source files with javac [forked debug release 8] to target/classes
[WARNING] Cannot find annotation method 'replacement()' in type 'InlineMe': class file for com.google.errorprone.annotations.InlineMe not found
/home/runner/work/ratis/ratis/ratis-common/src/main/java/org/apache/ratis/conf/ConfUtils.java:[177,57] [varargs] Varargs method could cause heap pollution from non-reifiable varargs parameter assertions
[WARNING] /home/runner/work/ratis/ratis/ratis-common/src/main/java/org/apache/ratis/conf/ConfUtils.java:[184,57] [varargs] Varargs method could cause heap pollution from non-reifiable varargs parameter assertions
[WARNING] /home/runner/work/ratis/ratis/ratis-common/src/main/java/org/apache/ratis/conf/ConfUtils.java:[192,85] [varargs] Varargs method could cause heap pollution from non-reifiable varargs parameter assertions
[WARNING] /home/runner/work/ratis/ratis/ratis-common/src/main/java/org/apache/ratis/conf/ConfUtils.java:[199,54] [varargs] Varargs method could cause heap pollution from non-reifiable varargs parameter assertions
[WARNING] /home/runner/work/ratis/ratis/ratis-common/src/main/java/org/apache/ratis/conf/ConfUtils.java:[206,56] [varargs] Varargs method could cause heap pollution from non-reifiable varargs parameter assertions
[WARNING] /home/runner/work/ratis/ratis/ratis-common/src/main/java/org/apache/ratis/conf/ConfUtils.java:[213,54] [varargs] Varargs method could cause heap pollution from non-reifiable varargs parameter assertions
[WARNING] /home/runner/work/ratis/ratis/ratis-common/src/main/java/org/apache/ratis/conf/ConfUtils.java:[220,54] [varargs] Varargs method could cause heap pollution from non-reifiable varargs parameter assertions
[WARNING] /home/runner/work/ratis/ratis/ratis-common/src/main/java/org/apache/ratis/conf/ConfUtils.java:[228,69] [varargs] Varargs method could cause heap pollution from non-reifiable varargs parameter assertions
[WARNING] /home/runner/work/ratis/ratis/ratis-common/src/main/java/org/apache/ratis/conf/ConfUtils.java:[237,70] [varargs] Varargs method could cause heap pollution from non-reifiable varargs parameter assertions
[WARNING] /home/runner/work/ratis/ratis/ratis-common/src/main/java/org/apache/ratis/conf/ConfUtils.java:[247,98] [varargs] Varargs method could cause heap pollution from non-reifiable varargs parameter assertions
[WARNING] /home/runner/work/ratis/ratis/ratis-common/src/main/java/org/apache/ratis/conf/ConfUtils.java:[264,18] [varargs] Varargs method could cause heap pollution from non-reifiable varargs parameter assertions
[WARNING] /home/runner/work/ratis/ratis/ratis-common/src/main/java/org/apache/ratis/conf/ConfUtils.java:[272,51] [varargs] Varargs method could cause heap pollution from non-reifiable varargs parameter assertions
[WARNING] /home/runner/work/ratis/ratis/ratis-common/src/main/java/org/apache/ratis/conf/ConfUtils.java:[292,35] [varargs] Varargs method could cause heap pollution from non-reifiable varargs parameter assertions
[WARNING] /home/runner/work/ratis/ratis/ratis-common/src/main/java/org/apache/ratis/conf/ConfUtils.java:[299,35] [varargs] Varargs method could cause heap pollution from non-reifiable varargs parameter assertions
[WARNING] /home/runner/work/ratis/ratis/ratis-common/src/main/java/org/apache/ratis/conf/ConfUtils.java:[306,32] [varargs] Varargs method could cause heap pollution from non-reifiable varargs parameter assertions
[WARNING] /home/runner/work/ratis/ratis/ratis-common/src/main/java/org/apache/ratis/conf/ConfUtils.java:[313,34] [varargs] Varargs method could cause heap pollution from non-reifiable varargs parameter assertions
[WARNING] /home/runner/work/ratis/ratis/ratis-common/src/main/java/org/apache/ratis/conf/ConfUtils.java:[320,32] [varargs] Varargs method could cause heap pollution from non-reifiable varargs parameter assertions
[WARNING] /home/runner/work/ratis/ratis/ratis-common/src/main/java/org/apache/ratis/conf/ConfUtils.java:[327,32] [varargs] Varargs method could cause heap pollution from non-reifiable varargs parameter assertions
[WARNING] /home/runner/work/ratis/ratis/ratis-common/src/main/java/org/apache/ratis/conf/ConfUtils.java:[335,18] [varargs] Varargs method could cause heap pollution from non-reifiable varargs parameter assertions
[WARNING] /home/runner/work/ratis/ratis/ratis-common/src/main/java/org/apache/ratis/conf/ConfUtils.java:[343,40] [varargs] Varargs method could cause heap pollution from non-reifiable varargs parameter assertions
[WARNING] /home/runner/work/ratis/ratis/ratis-common/src/main/java/org/apache/ratis/conf/ConfUtils.java:[355,18] [varargs] Varargs method could cause heap pollution from non-reifiable varargs parameter assertions
[WARNING] /home/runner/work/ratis/ratis/ratis-common/src/main/java/org/apache/ratis/RaftConfigKeys.java:[1] [dangling-doc-comments] documentation comment is not attached to any declaration
[WARNING] /home/runner/work/ratis/ratis/ratis-common/src/main/java/org/apache/ratis/util/TraditionalBinaryPrefix.java:[1] [dangling-doc-comments] documentation comment is not attached to any declaration
[WARNING] /home/runner/work/ratis/ratis/ratis-common/src/main/java/org/apache/ratis/conf/RaftProperties.java:[107,12] [fallthrough] possible fall-through into case
[WARNING] /home/runner/work/ratis/ratis/ratis-common/src/main/java/org/apache/ratis/conf/Parameters.java:[1] [dangling-doc-comments] documentation comment is not attached to any declaration
[WARNING] /home/runner/work/ratis/ratis/ratis-common/src/main/java/org/apache/ratis/rpc/RpcFactory.java:[1] [dangling-doc-comments] documentation comment is not attached to any declaration
[WARNING] /home/runner/work/ratis/ratis/ratis-common/src/main/java/org/apache/ratis/util/Daemon.java:[24,13] [this-escape] possible 'this' escape before subclass is fully initialized
[WARNING] /home/runner/work/ratis/ratis/ratis-common/src/main/java/org/apache/ratis/util/Daemon.java:[30,11] [this-escape] possible 'this' escape before subclass is fully initialized
[WARNING] /home/runner/work/ratis/ratis/ratis-common/src/main/java/org/apache/ratis/io/CloseAsync.java:[24,7] [try] auto-closeable resource CloseAsync<REPLY> has a member method close() that could throw InterruptedException
  where REPLY is a type-variable:
    REPLY extends Object declared in interface CloseAsync
[WARNING] /home/runner/work/ratis/ratis/ratis-common/src/main/java/org/apache/ratis/io/CorruptedFileException.java:[1] [dangling-doc-comments] documentation comment is not attached to any declaration
[WARNING] /home/runner/work/ratis/ratis/ratis-common/src/main/java/org/apache/ratis/io/CorruptedFileException.java:[23,7] [serial] serializable class CorruptedFileException has no definition of serialVersionUID
[WARNING] /home/runner/work/ratis/ratis/ratis-common/src/main/java/org/apache/ratis/protocol/AdminAsynchronousProtocol.java:[1] [dangling-doc-comments] documentation comment is not attached to any declaration
[WARNING] /home/runner/work/ratis/ratis/ratis-common/src/main/java/org/apache/ratis/protocol/RaftRpcMessage.java:[1] [dangling-doc-comments] documentation comment is not attached to any declaration
[WARNING] /home/runner/work/ratis/ratis/ratis-common/src/main/java/org/apache/ratis/protocol/exceptions/RaftException.java:[1] [dangling-doc-comments] documentation comment is not attached to any declaration
[WARNING] /home/runner/work/ratis/ratis/ratis-common/src/main/java/org/apache/ratis/protocol/exceptions/AlreadyClosedException.java:[23,7] [serial] serializable class AlreadyClosedException has no definition of serialVersionUID
[WARNING] /home/runner/work/ratis/ratis/ratis-common/src/main/java/org/apache/ratis/protocol/exceptions/NotLeaderException.java:[27,7] [serial] serializable class NotLeaderException has no definition of serialVersionUID
[WARNING] /home/runner/work/ratis/ratis/ratis-common/src/main/java/org/apache/ratis/protocol/exceptions/NotLeaderException.java:[28,25] [serial] non-transient instance field of a serializable class declared with a non-serializable type
[WARNING] /home/runner/work/ratis/ratis/ratis-common/src/main/java/org/apache/ratis/protocol/exceptions/NotLeaderException.java:[30,37] [serial] non-transient instance field of a serializable class declared with a non-serializable type
[WARNING] /home/runner/work/ratis/ratis/ratis-common/src/main/java/org/apache/ratis/protocol/exceptions/NotReplicatedException.java:[25,7] [serial] serializable class NotReplicatedException has no definition of serialVersionUID
[WARNING] /home/runner/work/ratis/ratis/ratis-common/src/main/java/org/apache/ratis/protocol/exceptions/NotReplicatedException.java:[30,38] [serial] non-transient instance field of a serializable class declared with a non-serializable type
[WARNING] /home/runner/work/ratis/ratis/ratis-common/src/main/java/org/apache/ratis/protocol/exceptions/StateMachineException.java:[22,7] [serial] serializable class StateMachineException has no definition of serialVersionUID
[WARNING] /home/runner/work/ratis/ratis/ratis-common/src/main/java/org/apache/ratis/protocol/exceptions/DataStreamException.java:[22,7] [serial] serializable class DataStreamException has no definition of serialVersionUID
[WARNING] /home/runner/work/ratis/ratis/ratis-common/src/main/java/org/apache/ratis/protocol/exceptions/ServerNotReadyException.java:[1] [dangling-doc-comments] documentation comment is not attached to any declaration
[WARNING] /home/runner/work/ratis/ratis/ratis-common/src/main/java/org/apache/ratis/protocol/exceptions/ServerNotReadyException.java:[23,7] [serial] serializable class ServerNotReadyException has no definition of serialVersionUID
[WARNING] /home/runner/work/ratis/ratis/ratis-common/src/main/java/org/apache/ratis/protocol/exceptions/LeaderNotReadyException.java:[30,7] [serial] serializable class LeaderNotReadyException has no definition of serialVersionUID
[WARNING] /home/runner/work/ratis/ratis/ratis-common/src/main/java/org/apache/ratis/protocol/exceptions/LeaderSteppingDownException.java:[20,7] [serial] serializable class LeaderSteppingDownException has no definition of serialVersionUID
[WARNING] /home/runner/work/ratis/ratis/ratis-common/src/main/java/org/apache/ratis/protocol/exceptions/TransferLeadershipException.java:[20,7] [serial] serializable class TransferLeadershipException has no definition of serialVersionUID
[WARNING] /home/runner/work/ratis/ratis/ratis-common/src/main/java/org/apache/ratis/protocol/exceptions/ReadException.java:[1] [dangling-doc-comments] documentation comment is not attached to any declaration
[WARNING] /home/runner/work/ratis/ratis/ratis-common/src/main/java/org/apache/ratis/protocol/exceptions/ReadException.java:[23,7] [serial] serializable class ReadException has no definition of serialVersionUID
[WARNING] /home/runner/work/ratis/ratis/ratis-common/src/main/java/org/apache/ratis/protocol/exceptions/ReadIndexException.java:[24,7] [serial] serializable class ReadIndexException has no definition of serialVersionUID
[WARNING] /home/runner/work/ratis/ratis/ratis-common/src/main/java/org/apache/ratis/protocol/RaftClientAsynchronousProtocol.java:[1] [dangling-doc-comments] documentation comment is not attached to any declaration
[WARNING] /home/runner/work/ratis/ratis/ratis-common/src/main/java/org/apache/ratis/protocol/RaftClientProtocol.java:[1] [dangling-doc-comments] documentation comment is not attached to any declaration
[WARNING] /home/runner/work/ratis/ratis/ratis-common/src/main/java/org/apache/ratis/protocol/exceptions/AlreadyExistsException.java:[1] [dangling-doc-comments] documentation comment is not attached to any declaration
[WARNING] /home/runner/work/ratis/ratis/ratis-common/src/main/java/org/apache/ratis/protocol/exceptions/ChecksumException.java:[1] [dangling-doc-comments] documentation comment is not attached to any declaration
[WARNING] /home/runner/work/ratis/ratis/ratis-common/src/main/java/org/apache/ratis/protocol/exceptions/GroupMismatchException.java:[1] [dangling-doc-comments] documentation comment is not attached to any declaration
[WARNING] /home/runner/work/ratis/ratis/ratis-common/src/main/java/org/apache/ratis/protocol/exceptions/GroupMismatchException.java:[24,7] [serial] serializable class GroupMismatchException has no definition of serialVersionUID
[WARNING] /home/runner/work/ratis/ratis/ratis-common/src/main/java/org/apache/ratis/protocol/exceptions/RaftRetryFailureException.java:[26,7] [serial] serializable class RaftRetryFailureException has no definition of serialVersionUID
[WARNING] /home/runner/work/ratis/ratis/ratis-common/src/main/java/org/apache/ratis/protocol/exceptions/ReconfigurationInProgressException.java:[1] [dangling-doc-comments] documentation comment is not attached to any declaration
[WARNING] /home/runner/work/ratis/ratis/ratis-common/src/main/java/org/apache/ratis/protocol/exceptions/ReconfigurationInProgressException.java:[20,7] [serial] serializable class ReconfigurationInProgressException has no definition of serialVersionUID
[WARNING] /home/runner/work/ratis/ratis/ratis-common/src/main/java/org/apache/ratis/protocol/exceptions/ReconfigurationTimeoutException.java:[1] [dangling-doc-comments] documentation comment is not attached to any declaration
[WARNING] /home/runner/work/ratis/ratis/ratis-common/src/main/java/org/apache/ratis/protocol/exceptions/ReconfigurationTimeoutException.java:[20,7] [serial] serializable class ReconfigurationTimeoutException has no definition of serialVersionUID
[WARNING] /home/runner/work/ratis/ratis/ratis-common/src/main/java/org/apache/ratis/protocol/exceptions/ResourceUnavailableException.java:[23,7] [serial] serializable class ResourceUnavailableException has no definition of serialVersionUID
[WARNING] /home/runner/work/ratis/ratis/ratis-common/src/main/java/org/apache/ratis/protocol/exceptions/SetConfigurationException.java:[20,7] [serial] serializable class SetConfigurationException has no definition of serialVersionUID
[WARNING] /home/runner/work/ratis/ratis/ratis-common/src/main/java/org/apache/ratis/protocol/exceptions/StaleReadException.java:[1] [dangling-doc-comments] documentation comment is not attached to any declaration
[WARNING] /home/runner/work/ratis/ratis/ratis-common/src/main/java/org/apache/ratis/protocol/exceptions/StaleReadException.java:[23,7] [serial] serializable class StaleReadException has no definition of serialVersionUID
[WARNING] /home/runner/work/ratis/ratis/ratis-common/src/main/java/org/apache/ratis/protocol/exceptions/StreamException.java:[23,7] [serial] serializable class StreamException has no definition of serialVersionUID
[WARNING] /home/runner/work/ratis/ratis/ratis-common/src/main/java/org/apache/ratis/rpc/SupportedRpcType.java:[1] [dangling-doc-comments] documentation comment is not attached to any declaration
[WARNING] /home/runner/work/ratis/ratis/ratis-common/src/main/java/org/apache/ratis/trace/TraceConfigKeys.java:[1] [dangling-doc-comments] documentation comment is not attached to any declaration
[WARNING] /home/runner/work/ratis/ratis/ratis-common/src/main/java/org/apache/ratis/util/CodeInjectionForTesting.java:[1] [dangling-doc-comments] documentation comment is not attached to any declaration
[WARNING] /home/runner/work/ratis/ratis/ratis-common/src/main/java/org/apache/ratis/util/DataBlockingQueue.java:[55,26] [try] auto-closeable resource auto is never referenced in body of corresponding try statement
[WARNING] /home/runner/work/ratis/ratis/ratis-common/src/main/java/org/apache/ratis/util/DataBlockingQueue.java:[62,26] [try] auto-closeable resource auto is never referenced in body of corresponding try statement
[WARNING] /home/runner/work/ratis/ratis/ratis-common/src/main/java/org/apache/ratis/util/DataBlockingQueue.java:[69,26] [try] auto-closeable resource auto is never referenced in body of corresponding try statement
[WARNING] /home/runner/work/ratis/ratis/ratis-common/src/main/java/org/apache/ratis/util/DataBlockingQueue.java:[78,26] [try] auto-closeable resource auto is never referenced in body of corresponding try statement
[WARNING] /home/runner/work/ratis/ratis/ratis-common/src/main/java/org/apache/ratis/util/DataBlockingQueue.java:[96,26] [try] auto-closeable resource auto is never referenced in body of corresponding try statement
[WARNING] /home/runner/work/ratis/ratis/ratis-common/src/main/java/org/apache/ratis/util/DataBlockingQueue.java:[113,26] [try] auto-closeable resource auto is never referenced in body of corresponding try statement
[WARNING] /home/runner/work/ratis/ratis/ratis-common/src/main/java/org/apache/ratis/util/DataBlockingQueue.java:[124,26] [try] auto-closeable resource auto is never referenced in body of corresponding try statement
[WARNING] /home/runner/work/ratis/ratis/ratis-common/src/main/java/org/apache/ratis/util/DataBlockingQueue.java:[138,26] [try] auto-closeable resource auto is never referenced in body of corresponding try statement
[WARNING] /home/runner/work/ratis/ratis/ratis-common/src/main/java/org/apache/ratis/util/DataBlockingQueue.java:[157,26] [try] auto-closeable resource auto is never referenced in body of corresponding try statement
[WARNING] /home/runner/work/ratis/ratis/ratis-common/src/main/java/org/apache/ratis/util/DataBlockingQueue.java:[168,26] [try] auto-closeable resource auto is never referenced in body of corresponding try statement
[WARNING] /home/runner/work/ratis/ratis/ratis-common/src/main/java/org/apache/ratis/util/LongMinMax.java:[1] [dangling-doc-comments] documentation comment is not attached to any declaration
[WARNING] /home/runner/work/ratis/ratis/ratis-common/src/main/java/org/apache/ratis/util/NetUtils.java:[197,26] [try] auto-closeable resource ignored is never referenced in body of corresponding try statement
[WARNING] /home/runner/work/ratis/ratis/ratis-common/src/main/java/org/apache/ratis/util/OpenCloseState.java:[27,17] [serial] serializable class OpenTrace has no definition of serialVersionUID
[WARNING] /home/runner/work/ratis/ratis/ratis-common/src/main/java/org/apache/ratis/util/OpenCloseState.java:[33,17] [serial] serializable class CloseTrace has no definition of serialVersionUID
[WARNING] /home/runner/work/ratis/ratis/ratis-common/src/main/java/org/apache/ratis/util/PureJavaCrc32C.java:[80,6] [fallthrough] possible fall-through into case
[WARNING] /home/runner/work/ratis/ratis/ratis-common/src/main/java/org/apache/ratis/util/PureJavaCrc32C.java:[81,6] [fallthrough] possible fall-through into case
[WARNING] /home/runner/work/ratis/ratis/ratis-common/src/main/java/org/apache/ratis/util/PureJavaCrc32C.java:[82,6] [fallthrough] possible fall-through into case
[WARNING] /home/runner/work/ratis/ratis/ratis-common/src/main/java/org/apache/ratis/util/PureJavaCrc32C.java:[83,6] [fallthrough] possible fall-through into case
[WARNING] /home/runner/work/ratis/ratis/ratis-common/src/main/java/org/apache/ratis/util/PureJavaCrc32C.java:[84,6] [fallthrough] possible fall-through into case
[WARNING] /home/runner/work/ratis/ratis/ratis-common/src/main/java/org/apache/ratis/util/PureJavaCrc32C.java:[85,6] [fallthrough] possible fall-through into case
[WARNING] /home/runner/work/ratis/ratis/ratis-common/src/main/java/org/apache/ratis/util/PureJavaCrc32C.java:[39,9] [this-escape] possible 'this' escape before subclass is fully initialized
[WARNING] /home/runner/work/ratis/ratis/ratis-common/src/main/java/org/apache/ratis/util/ResourceSemaphore.java:[31,7] [serial] serializable class ResourceSemaphore has no definition of serialVersionUID
[WARNING] /home/runner/work/ratis/ratis/ratis-common/src/main/java/org/apache/ratis/util/StringUtils.java:[1] [dangling-doc-comments] documentation comment is not attached to any declaration
[INFO] 
[INFO] --- resources:3.5.0:testResources (default-testResources) @ ratis-common ---
[INFO] Copying 2 resources from src/test/resources to target/test-classes
[INFO] Copying 3 resources from target/maven-shared-archive-resources to target/test-classes
[INFO] 
[INFO] --- compiler:3.15.0:testCompile (default-testCompile) @ ratis-common ---
[INFO] Compiling 12 source files with javac [forked debug release 8] to target/test-classes
[WARNING] /home/runner/work/ratis/ratis/ratis-common/src/test/java/org/apache/ratis/BaseTest.java:[135,35] [varargs] Varargs method could cause heap pollution from non-reifiable varargs parameter expectedCauseClasses
[WARNING] /home/runner/work/ratis/ratis/ratis-common/src/test/java/org/apache/ratis/util/TestNetUtils.java:[35,50] [deprecation] createLocalServerAddress(int) in NetUtils has been deprecated
[WARNING] /home/runner/work/ratis/ratis/ratis-common/src/test/java/org/apache/ratis/util/TestNetUtils.java:[52,22] [try] auto-closeable resource ignored is never referenced in body of corresponding try statement
[WARNING] /home/runner/work/ratis/ratis/ratis-common/src/test/java/org/apache/ratis/util/TestRefCountingMap.java:[1] [dangling-doc-comments] documentation comment is not attached to any declaration
[INFO] 
[INFO] --- surefire:3.5.6:test (default-test) @ ratis-common ---
[INFO] Using auto detected provider org.apache.maven.surefire.junitplatform.JUnitPlatformProvider
[INFO] Using auto detected provider org.apache.maven.surefire.junitplatform.JUnitPlatformProvider
[INFO] Using auto detected provider org.apache.maven.surefire.junitplatform.JUnitPlatformProvider
[INFO] 
[INFO] -------------------------------------------------------
[INFO]  T E S T S
[INFO] -------------------------------------------------------
[INFO] 
[INFO] Results:
[INFO] 
[INFO] Tests run: 0, Failures: 0, Errors: 0, Skipped: 0
[INFO] 
[INFO] 
[INFO] -------------------< org.apache.ratis:ratis-client >--------------------
[INFO] Building Apache Ratis Client 3.3.0-SNAPSHOT                       [5/20]
[INFO]   from ratis-client/pom.xml
[INFO] --------------------------------[ jar ]---------------------------------
[INFO] 
[INFO] --- enforcer:3.6.3:enforce (enforce-maven-version) @ ratis-client ---
[INFO] 
[INFO] --- enforcer:3.6.3:enforce (enforce-java-version) @ ratis-client ---
[INFO] 
[INFO] --- jacoco:0.8.15:prepare-agent (default-prepare-agent) @ ratis-client ---
[INFO] argLine set to -javaagent:/home/runner/.m2/repository/org/jacoco/org.jacoco.agent/0.8.15/org.jacoco.agent-0.8.15-runtime.jar=destfile=/home/runner/work/ratis/ratis/ratis-client/target/jacoco.exec,includes=org.apache.ratis.*
[INFO] 
[INFO] --- build-helper:3.6.1:add-source (add-source) @ ratis-client ---
[INFO] Source directory: /home/runner/work/ratis/ratis/ratis-client/target/generated-sources added.
[INFO] 
[INFO] --- enforcer:3.6.3:enforce (bannedImports-finalizers) @ ratis-client ---
[INFO] Rule 0: org.apache.maven.plugins.enforcer.RestrictImports passed
[INFO] 
[INFO] --- remote-resources:3.3.0:process (process-resource-bundles) @ ratis-client ---
[INFO] Preparing remote bundle org.apache.apache.resources:apache-jar-resource-bundle:1.8
[INFO] Copying 3 resources from 1 bundle.
[INFO] 
[INFO] --- hadoops:3.4.3:version-info (version-info) @ ratis-client ---
[INFO] SCM: GIT
[INFO] Computed MD5: d41d8cd98f0b24e980998ecf8427e
[INFO] 
[INFO] --- resources:3.5.0:resources (default-resources) @ ratis-client ---
[INFO] skip non existing resourceDirectory /home/runner/work/ratis/ratis/ratis-client/src/main/resources
[INFO] Copying 1 resource from ../src/main/resources to target/classes
[INFO] Copying 3 resources from target/maven-shared-archive-resources to target/classes
[INFO] 
[INFO] --- compiler:3.15.0:compile (default-compile) @ ratis-client ---
[INFO] Compiling 41 source files with javac [forked debug release 8] to target/classes
[WARNING] Cannot find annotation method 'replacement()' in type 'InlineMe': class file for com.google.errorprone.annotations.InlineMe not found
/home/runner/work/ratis/ratis/ratis-client/src/main/java/org/apache/ratis/client/ClientFactory.java:[1] [dangling-doc-comments] documentation comment is not attached to any declaration
[WARNING] /home/runner/work/ratis/ratis/ratis-client/src/main/java/org/apache/ratis/client/api/MessageOutputStream.java:[27,7] [try] auto-closeable resource MessageOutputStream has a member method close() that could throw InterruptedException
[WARNING] /home/runner/work/ratis/ratis/ratis-client/src/main/java/org/apache/ratis/client/api/DataStreamOutput.java:[33,7] [try] auto-closeable resource DataStreamOutput has a member method close() that could throw InterruptedException
[WARNING] /home/runner/work/ratis/ratis/ratis-client/src/main/java/org/apache/ratis/client/DataStreamOutputRpc.java:[26,7] [try] auto-closeable resource DataStreamOutputRpc has a member method close() that could throw InterruptedException
[WARNING] /home/runner/work/ratis/ratis/ratis-client/src/main/java/org/apache/ratis/client/impl/RaftClientImpl.java:[82,6] [deprecation] expireAfterAccess(long,TimeUnit) in CacheBuilder has been deprecated
  where K,V are type-variables:
    K extends Object declared in class CacheBuilder
    V extends Object declared in class CacheBuilder
[WARNING] /home/runner/work/ratis/ratis/ratis-client/src/main/java/org/apache/ratis/client/impl/MessageStreamImpl.java:[45,2] [try] auto-closeable resource MessageStreamImpl.MessageOutputStreamImpl has a member method close() that could throw InterruptedException
[WARNING] /home/runner/work/ratis/ratis/ratis-client/src/main/java/org/apache/ratis/client/impl/DataStreamClientImpl.java:[101,15] [try] auto-closeable resource DataStreamClientImpl.DataStreamOutputImpl has a member method close() that could throw InterruptedException
[WARNING] /home/runner/work/ratis/ratis/ratis-client/src/main/java/org/apache/ratis/client/impl/SnapshotManagementImpl.java:[1] [dangling-doc-comments] documentation comment is not attached to any declaration
[INFO] 
[INFO] --- resources:3.5.0:testResources (default-testResources) @ ratis-client ---
[INFO] skip non existing resourceDirectory /home/runner/work/ratis/ratis/ratis-client/src/test/resources
[INFO] Copying 3 resources from target/maven-shared-archive-resources to target/test-classes
[INFO] 
[INFO] --- compiler:3.15.0:testCompile (default-testCompile) @ ratis-client ---
[INFO] No sources to compile
[INFO] 
[INFO] --- surefire:3.5.6:test (default-test) @ ratis-client ---
[INFO] Skipped
[INFO] 
[INFO] -----------------< org.apache.ratis:ratis-server-api >------------------
[INFO] Building Apache Ratis Server API 3.3.0-SNAPSHOT                   [6/20]
[INFO]   from ratis-server-api/pom.xml
[INFO] --------------------------------[ jar ]---------------------------------
[INFO] 
[INFO] --- enforcer:3.6.3:enforce (enforce-maven-version) @ ratis-server-api ---
[INFO] 
[INFO] --- enforcer:3.6.3:enforce (enforce-java-version) @ ratis-server-api ---
[INFO] 
[INFO] --- jacoco:0.8.15:prepare-agent (default-prepare-agent) @ ratis-server-api ---
[INFO] argLine set to -javaagent:/home/runner/.m2/repository/org/jacoco/org.jacoco.agent/0.8.15/org.jacoco.agent-0.8.15-runtime.jar=destfile=/home/runner/work/ratis/ratis/ratis-server-api/target/jacoco.exec,includes=org.apache.ratis.*
[INFO] 
[INFO] --- build-helper:3.6.1:add-source (add-source) @ ratis-server-api ---
[INFO] Source directory: /home/runner/work/ratis/ratis/ratis-server-api/target/generated-sources added.
[INFO] 
[INFO] --- enforcer:3.6.3:enforce (bannedImports-finalizers) @ ratis-server-api ---
[INFO] Rule 0: org.apache.maven.plugins.enforcer.RestrictImports passed
[INFO] 
[INFO] --- remote-resources:3.3.0:process (process-resource-bundles) @ ratis-server-api ---
[INFO] Preparing remote bundle org.apache.apache.resources:apache-jar-resource-bundle:1.8
[INFO] Copying 3 resources from 1 bundle.
[INFO] 
[INFO] --- hadoops:3.4.3:version-info (version-info) @ ratis-server-api ---
[INFO] SCM: GIT
[INFO] Computed MD5: d41d8cd98f0b24e980998ecf8427e
[INFO] 
[INFO] --- resources:3.5.0:resources (default-resources) @ ratis-server-api ---
[INFO] skip non existing resourceDirectory /home/runner/work/ratis/ratis/ratis-server-api/src/main/resources
[INFO] Copying 1 resource from ../src/main/resources to target/classes
[INFO] Copying 3 resources from target/maven-shared-archive-resources to target/classes
[INFO] 
[INFO] --- compiler:3.15.0:compile (default-compile) @ ratis-server-api ---
[INFO] Compiling 39 source files with javac [forked debug release 8] to target/classes
[WARNING] Cannot find annotation method 'staticImports()' in type 'InlineMe'
/home/runner/work/ratis/ratis/ratis-server-api/src/main/java/org/apache/ratis/server/raftlog/RaftLogIOException.java:[25,7] [serial] serializable class RaftLogIOException has no definition of serialVersionUID
[WARNING] /home/runner/work/ratis/ratis/ratis-server-api/src/main/java/org/apache/ratis/server/RaftServerRpcWithProxy.java:[42,8] [this-escape] possible 'this' escape before subclass is fully initialized
[INFO] 
[INFO] --- resources:3.5.0:testResources (default-testResources) @ ratis-server-api ---
[INFO] skip non existing resourceDirectory /home/runner/work/ratis/ratis/ratis-server-api/src/test/resources
[INFO] Copying 3 resources from target/maven-shared-archive-resources to target/test-classes
[INFO] 
[INFO] --- compiler:3.15.0:testCompile (default-testCompile) @ ratis-server-api ---
[INFO] No sources to compile
[INFO] 
[INFO] --- surefire:3.5.6:test (default-test) @ ratis-server-api ---
[INFO] Skipped
[INFO] 
[INFO] -----------------< org.apache.ratis:ratis-metrics-api >-----------------
[INFO] Building Apache Ratis Metrics API 3.3.0-SNAPSHOT                  [7/20]
[INFO]   from ratis-metrics-api/pom.xml
[INFO] --------------------------------[ jar ]---------------------------------
[INFO] 
[INFO] --- enforcer:3.6.3:enforce (enforce-maven-version) @ ratis-metrics-api ---
[INFO] 
[INFO] --- enforcer:3.6.3:enforce (enforce-java-version) @ ratis-metrics-api ---
[INFO] 
[INFO] --- jacoco:0.8.15:prepare-agent (default-prepare-agent) @ ratis-metrics-api ---
[INFO] argLine set to -javaagent:/home/runner/.m2/repository/org/jacoco/org.jacoco.agent/0.8.15/org.jacoco.agent-0.8.15-runtime.jar=destfile=/home/runner/work/ratis/ratis/ratis-metrics-api/target/jacoco.exec,includes=org.apache.ratis.*
[INFO] 
[INFO] --- build-helper:3.6.1:add-source (add-source) @ ratis-metrics-api ---
[INFO] Source directory: /home/runner/work/ratis/ratis/ratis-metrics-api/target/generated-sources added.
[INFO] 
[INFO] --- enforcer:3.6.3:enforce (bannedImports-finalizers) @ ratis-metrics-api ---
[INFO] Rule 0: org.apache.maven.plugins.enforcer.RestrictImports passed
[INFO] 
[INFO] --- remote-resources:3.3.0:process (process-resource-bundles) @ ratis-metrics-api ---
[INFO] Preparing remote bundle org.apache.apache.resources:apache-jar-resource-bundle:1.8
[INFO] Copying 3 resources from 1 bundle.
[INFO] 
[INFO] --- hadoops:3.4.3:version-info (version-info) @ ratis-metrics-api ---
[INFO] SCM: GIT
[INFO] Computed MD5: d41d8cd98f0b24e980998ecf8427e
[INFO] 
[INFO] --- resources:3.5.0:resources (default-resources) @ ratis-metrics-api ---
[INFO] skip non existing resourceDirectory /home/runner/work/ratis/ratis/ratis-metrics-api/src/main/resources
[INFO] Copying 1 resource from ../src/main/resources to target/classes
[INFO] Copying 3 resources from target/maven-shared-archive-resources to target/classes
[INFO] 
[INFO] --- compiler:3.15.0:compile (default-compile) @ ratis-metrics-api ---
[INFO] Compiling 7 source files with javac [forked debug release 8] to target/classes
[WARNING] /home/runner/work/ratis/ratis/ratis-metrics-api/src/main/java/org/apache/ratis/metrics/MetricRegistries.java:[1] [dangling-doc-comments] documentation comment is not attached to any declaration
[WARNING] /home/runner/work/ratis/ratis/ratis-metrics-api/src/main/java/org/apache/ratis/metrics/RatisMetrics.java:[1] [dangling-doc-comments] documentation comment is not attached to any declaration
[INFO] 
[INFO] --- resources:3.5.0:testResources (default-testResources) @ ratis-metrics-api ---
[INFO] skip non existing resourceDirectory /home/runner/work/ratis/ratis/ratis-metrics-api/src/test/resources
[INFO] Copying 3 resources from target/maven-shared-archive-resources to target/test-classes
[INFO] 
[INFO] --- compiler:3.15.0:testCompile (default-testCompile) @ ratis-metrics-api ---
[INFO] No sources to compile
[INFO] 
[INFO] --- surefire:3.5.6:test (default-test) @ ratis-metrics-api ---
[INFO] Skipped
[INFO] 
[INFO] ---------------< org.apache.ratis:ratis-metrics-default >---------------
[INFO] Building Apache Ratis Metrics Default Implementation 3.3.0-SNAPSHOT [8/20]
[INFO]   from ratis-metrics-default/pom.xml
[INFO] --------------------------------[ jar ]---------------------------------
[INFO] 
[INFO] --- enforcer:3.6.3:enforce (enforce-maven-version) @ ratis-metrics-default ---
[INFO] 
[INFO] --- enforcer:3.6.3:enforce (enforce-java-version) @ ratis-metrics-default ---
[INFO] 
[INFO] --- jacoco:0.8.15:prepare-agent (default-prepare-agent) @ ratis-metrics-default ---
[INFO] argLine set to -javaagent:/home/runner/.m2/repository/org/jacoco/org.jacoco.agent/0.8.15/org.jacoco.agent-0.8.15-runtime.jar=destfile=/home/runner/work/ratis/ratis/ratis-metrics-default/target/jacoco.exec,includes=org.apache.ratis.*
[INFO] 
[INFO] --- build-helper:3.6.1:add-source (add-source) @ ratis-metrics-default ---
[INFO] Source directory: /home/runner/work/ratis/ratis/ratis-metrics-default/target/generated-sources added.
[INFO] 
[INFO] --- enforcer:3.6.3:enforce (bannedImports-finalizers) @ ratis-metrics-default ---
[INFO] Rule 0: org.apache.maven.plugins.enforcer.RestrictImports passed
[INFO] 
[INFO] --- remote-resources:3.3.0:process (process-resource-bundles) @ ratis-metrics-default ---
[INFO] Preparing remote bundle org.apache.apache.resources:apache-jar-resource-bundle:1.8
[INFO] Copying 3 resources from 1 bundle.
[INFO] 
[INFO] --- hadoops:3.4.3:version-info (version-info) @ ratis-metrics-default ---
[INFO] SCM: GIT
[INFO] Computed MD5: d41d8cd98f0b24e980998ecf8427e
[INFO] 
[INFO] --- resources:3.5.0:resources (default-resources) @ ratis-metrics-default ---
[INFO] Copying 1 resource from src/main/resources to target/classes
[INFO] Copying 1 resource from ../src/main/resources to target/classes
[INFO] Copying 3 resources from target/maven-shared-archive-resources to target/classes
[INFO] 
[INFO] --- compiler:3.15.0:compile (default-compile) @ ratis-metrics-default ---
[INFO] Compiling 7 source files with javac [forked debug release 8] to target/classes
[WARNING] /home/runner/work/ratis/ratis/ratis-metrics-default/src/main/java/org/apache/ratis/metrics/impl/MetricRegistriesImpl.java:[1] [dangling-doc-comments] documentation comment is not attached to any declaration
[WARNING] /home/runner/work/ratis/ratis/ratis-metrics-default/src/main/java/org/apache/ratis/metrics/impl/MetricRegistryFactoryImpl.java:[1] [dangling-doc-comments] documentation comment is not attached to any declaration
[WARNING] /home/runner/work/ratis/ratis/ratis-metrics-default/src/main/java/org/apache/ratis/metrics/impl/RatisMetricRegistryImpl.java:[108,27] [rawtypes] found raw type: Gauge
  missing type arguments for generic class Gauge<T>
  where T is a type-variable:
    T extends Object declared in interface Gauge
[WARNING] /home/runner/work/ratis/ratis/ratis-metrics-default/src/main/java/org/apache/ratis/metrics/impl/RatisObjectNameFactory.java:[1] [dangling-doc-comments] documentation comment is not attached to any declaration
[INFO] 
[INFO] --- resources:3.5.0:testResources (default-testResources) @ ratis-metrics-default ---
[INFO] skip non existing resourceDirectory /home/runner/work/ratis/ratis/ratis-metrics-default/src/test/resources
[INFO] Copying 3 resources from target/maven-shared-archive-resources to target/test-classes
[INFO] 
[INFO] --- compiler:3.15.0:testCompile (default-testCompile) @ ratis-metrics-default ---
[INFO] No sources to compile
[INFO] 
[INFO] --- surefire:3.5.6:test (default-test) @ ratis-metrics-default ---
[INFO] Using auto detected provider org.apache.maven.surefire.junitplatform.JUnitPlatformProvider
[INFO] 
[INFO] -------------------< org.apache.ratis:ratis-server >--------------------
[INFO] Building Apache Ratis Server 3.3.0-SNAPSHOT                       [9/20]
[INFO]   from ratis-server/pom.xml
[INFO] --------------------------------[ jar ]---------------------------------
[INFO] 
[INFO] --- enforcer:3.6.3:enforce (enforce-maven-version) @ ratis-server ---
[INFO] 
[INFO] --- enforcer:3.6.3:enforce (enforce-java-version) @ ratis-server ---
[INFO] 
[INFO] --- jacoco:0.8.15:prepare-agent (default-prepare-agent) @ ratis-server ---
[INFO] argLine set to -javaagent:/home/runner/.m2/repository/org/jacoco/org.jacoco.agent/0.8.15/org.jacoco.agent-0.8.15-runtime.jar=destfile=/home/runner/work/ratis/ratis/ratis-server/target/jacoco.exec,includes=org.apache.ratis.*
[INFO] 
[INFO] --- build-helper:3.6.1:add-source (add-source) @ ratis-server ---
[INFO] Source directory: /home/runner/work/ratis/ratis/ratis-server/target/generated-sources added.
[INFO] 
[INFO] --- enforcer:3.6.3:enforce (bannedImports-finalizers) @ ratis-server ---
[INFO] Rule 0: org.apache.maven.plugins.enforcer.RestrictImports passed
[INFO] 
[INFO] --- remote-resources:3.3.0:process (process-resource-bundles) @ ratis-server ---
[INFO] Preparing remote bundle org.apache.apache.resources:apache-jar-resource-bundle:1.8
[INFO] Copying 3 resources from 1 bundle.
[INFO] 
[INFO] --- hadoops:3.4.3:version-info (version-info) @ ratis-server ---
[INFO] SCM: GIT
[INFO] Computed MD5: d41d8cd98f0b24e980998ecf8427e
[INFO] 
[INFO] --- resources:3.5.0:resources (default-resources) @ ratis-server ---
[INFO] skip non existing resourceDirectory /home/runner/work/ratis/ratis/ratis-server/src/main/resources
[INFO] Copying 1 resource from ../src/main/resources to target/classes
[INFO] Copying 3 resources from target/maven-shared-archive-resources to target/classes
[INFO] 
[INFO] --- compiler:3.15.0:compile (default-compile) @ ratis-server ---
[INFO] Compiling 75 source files with javac [forked debug release 8] to target/classes
[WARNING] Cannot find annotation method 'replacement()' in type 'InlineMe': class file for com.google.errorprone.annotations.InlineMe not found
/home/runner/work/ratis/ratis/ratis-server/src/main/java/org/apache/ratis/server/impl/LeaderElection.java:[380,23] [try] auto-closeable resource ignored is never referenced in body of corresponding try statement
[WARNING] /home/runner/work/ratis/ratis/ratis-server/src/main/java/org/apache/ratis/server/impl/RetryCacheImpl.java:[184,8] [deprecation] expireAfterWrite(long,TimeUnit) in CacheBuilder has been deprecated
  where K,V are type-variables:
    K extends Object declared in class CacheBuilder
    V extends Object declared in class CacheBuilder
[WARNING] /home/runner/work/ratis/ratis/ratis-server/src/main/java/org/apache/ratis/server/impl/WriteIndexCache.java:[45,8] [deprecation] expireAfterAccess(long,TimeUnit) in CacheBuilder has been deprecated
  where K,V are type-variables:
    K extends Object declared in class CacheBuilder
    V extends Object declared in class CacheBuilder
[WARNING] /home/runner/work/ratis/ratis/ratis-server/src/main/java/org/apache/ratis/server/impl/LeaderStateImpl.java:[1365,44] [deprecation] notifyFollowerSlowness(RoleInfoProto) in LeaderEventApi has been deprecated
[WARNING] /home/runner/work/ratis/ratis/ratis-server/src/main/java/org/apache/ratis/server/impl/LeaderTracer.java:[44,29] [try] auto-closeable resource ignored is never referenced in body of corresponding try statement
[WARNING] /home/runner/work/ratis/ratis/ratis-server/src/main/java/org/apache/ratis/server/impl/LeaderTracer.java:[55,29] [try] auto-closeable resource ignored is never referenced in body of corresponding try statement
[WARNING] /home/runner/work/ratis/ratis/ratis-server/src/main/java/org/apache/ratis/server/impl/LeaderTracer.java:[61,29] [try] auto-closeable resource ignored is never referenced in body of corresponding try statement
[WARNING] /home/runner/work/ratis/ratis/ratis-server/src/main/java/org/apache/ratis/server/impl/LeaderTracer.java:[67,29] [try] auto-closeable resource ignored is never referenced in body of corresponding try statement
[WARNING] /home/runner/work/ratis/ratis/ratis-server/src/main/java/org/apache/ratis/server/impl/StateMachineUpdater.java:[290,33] [try] auto-closeable resource ignored is never referenced in body of corresponding try statement
[WARNING] /home/runner/work/ratis/ratis/ratis-server/src/main/java/org/apache/ratis/server/leader/LogAppenderBase.java:[76,34] [this-escape] possible 'this' escape before subclass is fully initialized
[WARNING] /home/runner/work/ratis/ratis/ratis-server/src/main/java/org/apache/ratis/server/metrics/RaftLogMetricsBase.java:[37,61] [this-escape] possible 'this' escape before subclass is fully initialized
[WARNING] /home/runner/work/ratis/ratis/ratis-server/src/main/java/org/apache/ratis/server/metrics/RaftLogMetricsBase.java:[38,63] [this-escape] possible 'this' escape before subclass is fully initialized
[WARNING] /home/runner/work/ratis/ratis/ratis-server/src/main/java/org/apache/ratis/server/metrics/RaftLogMetricsBase.java:[39,67] [this-escape] possible 'this' escape before subclass is fully initialized
[WARNING] /home/runner/work/ratis/ratis/ratis-server/src/main/java/org/apache/ratis/server/metrics/SegmentedRaftLogMetrics.java:[34,2] [dangling-doc-comments] documentation comment is not attached to any declaration
[WARNING] /home/runner/work/ratis/ratis/ratis-server/src/main/java/org/apache/ratis/server/metrics/SegmentedRaftLogMetrics.java:[32,2] [dangling-doc-comments] documentation comment is not attached to any declaration
[WARNING] /home/runner/work/ratis/ratis/ratis-server/src/main/java/org/apache/ratis/server/metrics/SegmentedRaftLogMetrics.java:[78,2] [dangling-doc-comments] documentation comment is not attached to any declaration
[WARNING] /home/runner/work/ratis/ratis/ratis-server/src/main/java/org/apache/ratis/server/metrics/SegmentedRaftLogMetrics.java:[76,2] [dangling-doc-comments] documentation comment is not attached to any declaration
[WARNING] /home/runner/work/ratis/ratis/ratis-server/src/main/java/org/apache/ratis/server/metrics/SegmentedRaftLogMetrics.java:[84,51] [this-escape] possible 'this' escape before subclass is fully initialized
[WARNING] /home/runner/work/ratis/ratis/ratis-server/src/main/java/org/apache/ratis/server/metrics/SegmentedRaftLogMetrics.java:[85,50] [this-escape] possible 'this' escape before subclass is fully initialized
[WARNING] /home/runner/work/ratis/ratis/ratis-server/src/main/java/org/apache/ratis/server/metrics/SegmentedRaftLogMetrics.java:[86,54] [this-escape] possible 'this' escape before subclass is fully initialized
[WARNING] /home/runner/work/ratis/ratis/ratis-server/src/main/java/org/apache/ratis/server/metrics/SegmentedRaftLogMetrics.java:[87,58] [this-escape] possible 'this' escape before subclass is fully initialized
[WARNING] /home/runner/work/ratis/ratis/ratis-server/src/main/java/org/apache/ratis/server/metrics/SegmentedRaftLogMetrics.java:[89,57] [this-escape] possible 'this' escape before subclass is fully initialized
[WARNING] /home/runner/work/ratis/ratis/ratis-server/src/main/java/org/apache/ratis/server/metrics/SegmentedRaftLogMetrics.java:[90,55] [this-escape] possible 'this' escape before subclass is fully initialized
[WARNING] /home/runner/work/ratis/ratis/ratis-server/src/main/java/org/apache/ratis/server/metrics/SegmentedRaftLogMetrics.java:[91,57] [this-escape] possible 'this' escape before subclass is fully initialized
[WARNING] /home/runner/work/ratis/ratis/ratis-server/src/main/java/org/apache/ratis/server/metrics/SegmentedRaftLogMetrics.java:[92,51] [this-escape] possible 'this' escape before subclass is fully initialized
[WARNING] /home/runner/work/ratis/ratis/ratis-server/src/main/java/org/apache/ratis/server/metrics/SegmentedRaftLogMetrics.java:[94,55] [this-escape] possible 'this' escape before subclass is fully initialized
[WARNING] /home/runner/work/ratis/ratis/ratis-server/src/main/java/org/apache/ratis/server/metrics/SegmentedRaftLogMetrics.java:[95,55] [this-escape] possible 'this' escape before subclass is fully initialized
[WARNING] /home/runner/work/ratis/ratis/ratis-server/src/main/java/org/apache/ratis/server/metrics/SegmentedRaftLogMetrics.java:[96,58] [this-escape] possible 'this' escape before subclass is fully initialized
[WARNING] /home/runner/work/ratis/ratis/ratis-server/src/main/java/org/apache/ratis/server/metrics/SegmentedRaftLogMetrics.java:[97,52] [this-escape] possible 'this' escape before subclass is fully initialized
[WARNING] /home/runner/work/ratis/ratis/ratis-server/src/main/java/org/apache/ratis/server/metrics/SegmentedRaftLogMetrics.java:[99,73] [this-escape] possible 'this' escape before subclass is fully initialized
[WARNING] /home/runner/work/ratis/ratis/ratis-server/src/main/java/org/apache/ratis/server/metrics/SegmentedRaftLogMetrics.java:[101,72] [this-escape] possible 'this' escape before subclass is fully initialized
[WARNING] /home/runner/work/ratis/ratis/ratis-server/src/main/java/org/apache/ratis/server/raftlog/RaftLogBase.java:[123,26] [try] auto-closeable resource writeLock is never referenced in body of corresponding try statement
[WARNING] /home/runner/work/ratis/ratis/ratis-server/src/main/java/org/apache/ratis/server/raftlog/RaftLogBase.java:[156,26] [try] auto-closeable resource writeLock is never referenced in body of corresponding try statement
[WARNING] /home/runner/work/ratis/ratis/ratis-server/src/main/java/org/apache/ratis/server/raftlog/RaftLogBase.java:[175,26] [try] auto-closeable resource writeLock is never referenced in body of corresponding try statement
[WARNING] /home/runner/work/ratis/ratis/ratis-server/src/main/java/org/apache/ratis/server/raftlog/RaftLogBase.java:[229,26] [try] auto-closeable resource writeLock is never referenced in body of corresponding try statement
[WARNING] /home/runner/work/ratis/ratis/ratis-server/src/main/java/org/apache/ratis/server/raftlog/RaftLogBase.java:[255,26] [try] auto-closeable resource writeLock is never referenced in body of corresponding try statement
[WARNING] /home/runner/work/ratis/ratis/ratis-server/src/main/java/org/apache/ratis/server/raftlog/RaftLogBase.java:[76,43] [this-escape] possible 'this' escape before subclass is fully initialized
[WARNING] /home/runner/work/ratis/ratis/ratis-server/src/main/java/org/apache/ratis/server/raftlog/RaftLogBase.java:[96,43] [this-escape] possible 'this' escape before subclass is fully initialized
[WARNING] /home/runner/work/ratis/ratis/ratis-server/src/main/java/org/apache/ratis/server/raftlog/memory/MemoryRaftLog.java:[105,26] [try] auto-closeable resource readLock is never referenced in body of corresponding try statement
[WARNING] /home/runner/work/ratis/ratis/ratis-server/src/main/java/org/apache/ratis/server/raftlog/memory/MemoryRaftLog.java:[118,26] [try] auto-closeable resource readLock is never referenced in body of corresponding try statement
[WARNING] /home/runner/work/ratis/ratis/ratis-server/src/main/java/org/apache/ratis/server/raftlog/memory/MemoryRaftLog.java:[126,26] [try] auto-closeable resource readLock is never referenced in body of corresponding try statement
[WARNING] /home/runner/work/ratis/ratis/ratis-server/src/main/java/org/apache/ratis/server/raftlog/memory/MemoryRaftLog.java:[143,26] [try] auto-closeable resource writeLock is never referenced in body of corresponding try statement
[WARNING] /home/runner/work/ratis/ratis/ratis-server/src/main/java/org/apache/ratis/server/raftlog/memory/MemoryRaftLog.java:[153,27] [try] auto-closeable resource writeLock is never referenced in body of corresponding try statement
[WARNING] /home/runner/work/ratis/ratis/ratis-server/src/main/java/org/apache/ratis/server/raftlog/memory/MemoryRaftLog.java:[163,26] [try] auto-closeable resource readLock is never referenced in body of corresponding try statement
[WARNING] /home/runner/work/ratis/ratis/ratis-server/src/main/java/org/apache/ratis/server/raftlog/memory/MemoryRaftLog.java:[171,26] [try] auto-closeable resource writeLock is never referenced in body of corresponding try statement
[WARNING] /home/runner/work/ratis/ratis/ratis-server/src/main/java/org/apache/ratis/server/raftlog/memory/MemoryRaftLog.java:[189,26] [try] auto-closeable resource writeLock is never referenced in body of corresponding try statement
[WARNING] Cannot find annotation method 'value()' in type 'DoNotMock'
/home/runner/work/ratis/ratis/ratis-server/src/main/java/org/apache/ratis/server/raftlog/segmented/SegmentedRaftLogCache.java:[590,27] [try] auto-closeable resource readLock is never referenced in body of corresponding try statement
[WARNING] /home/runner/work/ratis/ratis/ratis-server/src/main/java/org/apache/ratis/server/raftlog/segmented/SegmentedRaftLogCache.java:[600,27] [try] auto-closeable resource readLock is never referenced in body of corresponding try statement
[WARNING] /home/runner/work/ratis/ratis/ratis-server/src/main/java/org/apache/ratis/server/raftlog/segmented/SegmentedRaftLogCache.java:[609,27] [try] auto-closeable resource readLock is never referenced in body of corresponding try statement
[WARNING] /home/runner/work/ratis/ratis/ratis-server/src/main/java/org/apache/ratis/server/raftlog/segmented/SegmentedRaftLogCache.java:[616,27] [try] auto-closeable resource readLock is never referenced in body of corresponding try statement
[WARNING] /home/runner/work/ratis/ratis/ratis-server/src/main/java/org/apache/ratis/server/raftlog/segmented/SegmentedRaftLogCache.java:[675,26] [try] auto-closeable resource readLock is never referenced in body of corresponding try statement
[WARNING] /home/runner/work/ratis/ratis/ratis-server/src/main/java/org/apache/ratis/server/raftlog/segmented/SegmentedRaftLogCache.java:[249,28] [try] auto-closeable resource readLock is never referenced in body of corresponding try statement
[WARNING] /home/runner/work/ratis/ratis/ratis-server/src/main/java/org/apache/ratis/server/raftlog/segmented/SegmentedRaftLogCache.java:[259,28] [try] auto-closeable resource readLock is never referenced in body of corresponding try statement
[WARNING] /home/runner/work/ratis/ratis/ratis-server/src/main/java/org/apache/ratis/server/raftlog/segmented/SegmentedRaftLogCache.java:[265,28] [try] auto-closeable resource readLock is never referenced in body of corresponding try statement
[WARNING] /home/runner/work/ratis/ratis/ratis-server/src/main/java/org/apache/ratis/server/raftlog/segmented/SegmentedRaftLogCache.java:[276,28] [try] auto-closeable resource readLock is never referenced in body of corresponding try statement
[WARNING] /home/runner/work/ratis/ratis/ratis-server/src/main/java/org/apache/ratis/server/raftlog/segmented/SegmentedRaftLogCache.java:[299,28] [try] auto-closeable resource writeLock is never referenced in body of corresponding try statement
[WARNING] /home/runner/work/ratis/ratis/ratis-server/src/main/java/org/apache/ratis/server/raftlog/segmented/SegmentedRaftLogCache.java:[306,28] [try] auto-closeable resource writeLock is never referenced in body of corresponding try statement
[WARNING] /home/runner/work/ratis/ratis/ratis-server/src/main/java/org/apache/ratis/server/raftlog/segmented/SegmentedRaftLogCache.java:[315,28] [try] auto-closeable resource writeLock is never referenced in body of corresponding try statement
[WARNING] /home/runner/work/ratis/ratis/ratis-server/src/main/java/org/apache/ratis/server/raftlog/segmented/SegmentedRaftLogCache.java:[365,29] [try] auto-closeable resource writeLock is never referenced in body of corresponding try statement
[WARNING] /home/runner/work/ratis/ratis/ratis-server/src/main/java/org/apache/ratis/server/raftlog/segmented/CacheInvalidationPolicy.java:[52,28] [try] auto-closeable resource readLock is never referenced in body of corresponding try statement
[WARNING] /home/runner/work/ratis/ratis/ratis-server/src/main/java/org/apache/ratis/server/raftlog/segmented/SegmentedRaftLog.java:[262,35] [try] auto-closeable resource ignored is never referenced in body of corresponding try statement
[WARNING] /home/runner/work/ratis/ratis/ratis-server/src/main/java/org/apache/ratis/server/raftlog/segmented/SegmentedRaftLog.java:[250,26] [try] auto-closeable resource writeLock is never referenced in body of corresponding try statement
[WARNING] /home/runner/work/ratis/ratis/ratis-server/src/main/java/org/apache/ratis/server/raftlog/segmented/SegmentedRaftLog.java:[284,27] [try] auto-closeable resource readLock is never referenced in body of corresponding try statement
[WARNING] /home/runner/work/ratis/ratis/ratis-server/src/main/java/org/apache/ratis/server/raftlog/segmented/SegmentedRaftLog.java:[334,29] [try] auto-closeable resource ignored is never referenced in body of corresponding try statement
[WARNING] /home/runner/work/ratis/ratis/ratis-server/src/main/java/org/apache/ratis/server/raftlog/segmented/SegmentedRaftLog.java:[347,26] [try] auto-closeable resource readLock is never referenced in body of corresponding try statement
[WARNING] /home/runner/work/ratis/ratis/ratis-server/src/main/java/org/apache/ratis/server/raftlog/segmented/SegmentedRaftLog.java:[355,26] [try] auto-closeable resource readLock is never referenced in body of corresponding try statement
[WARNING] /home/runner/work/ratis/ratis/ratis-server/src/main/java/org/apache/ratis/server/raftlog/segmented/SegmentedRaftLog.java:[363,26] [try] auto-closeable resource readLock is never referenced in body of corresponding try statement
[WARNING] /home/runner/work/ratis/ratis/ratis-server/src/main/java/org/apache/ratis/server/raftlog/segmented/SegmentedRaftLog.java:[371,26] [try] auto-closeable resource writeLock is never referenced in body of corresponding try statement
[WARNING] /home/runner/work/ratis/ratis/ratis-server/src/main/java/org/apache/ratis/server/raftlog/segmented/SegmentedRaftLog.java:[384,27] [try] auto-closeable resource writeLock is never referenced in body of corresponding try statement
[WARNING] /home/runner/work/ratis/ratis/ratis-server/src/main/java/org/apache/ratis/server/raftlog/segmented/SegmentedRaftLog.java:[403,26] [try] auto-closeable resource writeLock is never referenced in body of corresponding try statement
[WARNING] /home/runner/work/ratis/ratis/ratis-server/src/main/java/org/apache/ratis/server/raftlog/segmented/SegmentedRaftLog.java:[469,26] [try] auto-closeable resource writeLock is never referenced in body of corresponding try statement
[WARNING] /home/runner/work/ratis/ratis/ratis-server/src/main/java/org/apache/ratis/server/raftlog/segmented/SegmentedRaftLog.java:[534,26] [try] auto-closeable resource writeLock is never referenced in body of corresponding try statement
[WARNING] /home/runner/work/ratis/ratis/ratis-server/src/main/java/org/apache/ratis/server/raftlog/segmented/SegmentedRaftLogWorker.java:[279,31] [try] auto-closeable resource ignored is never referenced in body of corresponding try statement
[WARNING] /home/runner/work/ratis/ratis/ratis-server/src/main/java/org/apache/ratis/server/raftlog/segmented/SegmentedRaftLogWorker.java:[316,42] [try] auto-closeable resource ignored is never referenced in body of corresponding try statement
[WARNING] /home/runner/work/ratis/ratis/ratis-server/src/main/java/org/apache/ratis/server/raftlog/segmented/SegmentedRaftLogWorker.java:[372,33] [try] auto-closeable resource ignored is never referenced in body of corresponding try statement
[WARNING] /home/runner/work/ratis/ratis/ratis-server/src/main/java/org/apache/ratis/server/raftlog/segmented/SegmentedRaftLogWorker.java:[413,31] [try] auto-closeable resource ignored is never referenced in body of corresponding try statement
[WARNING] /home/runner/work/ratis/ratis/ratis-server/src/main/java/org/apache/ratis/server/raftlog/segmented/SegmentedRaftLogWorker.java:[480,35] [try] auto-closeable resource ignored is never referenced in body of corresponding try statement
[WARNING] /home/runner/work/ratis/ratis/ratis-server/src/main/java/org/apache/ratis/server/raftlog/segmented/SegmentedRaftLogOutputStream.java:[68,28] [this-escape] possible 'this' escape before subclass is fully initialized
[WARNING] /home/runner/work/ratis/ratis/ratis-server/src/main/java/org/apache/ratis/server/raftlog/segmented/SegmentedRaftLogOutputStream.java:[165,37] [this-escape] previous possible 'this' escape happens here via invocation
[WARNING] /home/runner/work/ratis/ratis/ratis-server/src/main/java/org/apache/ratis/server/raftlog/segmented/SegmentedRaftLogReader.java:[219,22] [try] auto-closeable resource ignored is never referenced in body of corresponding try statement
[WARNING] /home/runner/work/ratis/ratis/ratis-server/src/main/java/org/apache/ratis/statemachine/impl/BaseStateMachine.java:[66,27] [this-escape] possible 'this' escape before subclass is fully initialized
[INFO] 
[INFO] --- resources:3.5.0:testResources (default-testResources) @ ratis-server ---
[INFO] skip non existing resourceDirectory /home/runner/work/ratis/ratis/ratis-server/src/test/resources
[INFO] Copying 3 resources from target/maven-shared-archive-resources to target/test-classes
[INFO] 
[INFO] --- compiler:3.15.0:testCompile (default-testCompile) @ ratis-server ---
[INFO] Compiling 53 source files with javac [forked debug release 8] to target/test-classes
[WARNING] /home/runner/work/ratis/ratis/ratis-server/src/test/java/org/apache/ratis/InstallSnapshotFromLeaderTests.java:[71,45] [this-escape] possible 'this' escape before subclass is fully initialized
[WARNING] /home/runner/work/ratis/ratis/ratis-server/src/test/java/org/apache/ratis/statemachine/impl/SimpleStateMachine4Testing.java:[173,89] [this-escape] possible 'this' escape before subclass is fully initialized
[WARNING] /home/runner/work/ratis/ratis/ratis-server/src/test/java/org/apache/ratis/RaftTestUtil.java:[574,26] [try] auto-closeable resource readLock is never referenced in body of corresponding try statement
[WARNING] /home/runner/work/ratis/ratis/ratis-server/src/test/java/org/apache/ratis/server/impl/DelayLocalExecutionInjection.java:[35,42] [this-escape] possible 'this' escape before subclass is fully initialized
[WARNING] /home/runner/work/ratis/ratis/ratis-server/src/test/java/org/apache/ratis/InstallSnapshotNotificationTests.java:[72,45] [this-escape] possible 'this' escape before subclass is fully initialized
[WARNING] /home/runner/work/ratis/ratis/ratis-server/src/test/java/org/apache/ratis/LogAppenderTests.java:[151,22] [rawtypes] found raw type: Gauge
  missing type arguments for generic class Gauge<T>
  where T is a type-variable:
    T extends Object declared in interface Gauge
[WARNING] /home/runner/work/ratis/ratis/ratis-server/src/test/java/org/apache/ratis/LogAppenderTests.java:[157,6] [rawtypes] found raw type: Gauge
  missing type arguments for generic class Gauge<T>
  where T is a type-variable:
    T extends Object declared in interface Gauge
[WARNING] /home/runner/work/ratis/ratis/ratis-server/src/test/java/org/apache/ratis/LogAppenderTests.java:[157,83] [rawtypes] found raw type: Gauge
  missing type arguments for generic class Gauge<T>
  where T is a type-variable:
    T extends Object declared in interface Gauge
[WARNING] /home/runner/work/ratis/ratis/ratis-server/src/test/java/org/apache/ratis/LogAppenderTests.java:[70,45] [this-escape] possible 'this' escape before subclass is fully initialized
[WARNING] /home/runner/work/ratis/ratis/ratis-server/src/test/java/org/apache/ratis/MessageStreamApiTests.java:[66,28] [try] auto-closeable resource MessageOutputStream has a member method close() that could throw InterruptedException
[WARNING] /home/runner/work/ratis/ratis/ratis-server/src/test/java/org/apache/ratis/RaftAsyncExceptionTests.java:[50,17] [this-escape] possible 'this' escape before subclass is fully initialized
[WARNING] /home/runner/work/ratis/ratis/ratis-server/src/test/java/org/apache/ratis/RaftAsyncTests.java:[220,4] [rawtypes] found raw type: CompletableFuture
  missing type arguments for generic class CompletableFuture<T>
  where T is a type-variable:
    T extends Object declared in class CompletableFuture
[WARNING] /home/runner/work/ratis/ratis/ratis-server/src/test/java/org/apache/ratis/RaftAsyncTests.java:[220,38] [rawtypes] found raw type: CompletableFuture
  missing type arguments for generic class CompletableFuture<T>
  where T is a type-variable:
    T extends Object declared in class CompletableFuture
[WARNING] /home/runner/work/ratis/ratis/ratis-server/src/test/java/org/apache/ratis/RaftAsyncTests.java:[87,17] [this-escape] possible 'this' escape before subclass is fully initialized
[WARNING] /home/runner/work/ratis/ratis/ratis-server/src/test/java/org/apache/ratis/RaftBasicTests.java:[502,6] [rawtypes] found raw type: Gauge
  missing type arguments for generic class Gauge<T>
  where T is a type-variable:
    T extends Object declared in interface Gauge
[WARNING] /home/runner/work/ratis/ratis/ratis-server/src/test/java/org/apache/ratis/RaftBasicTests.java:[504,6] [rawtypes] found raw type: Gauge
  missing type arguments for generic class Gauge<T>
  where T is a type-variable:
    T extends Object declared in interface Gauge
[WARNING] /home/runner/work/ratis/ratis/ratis-server/src/test/java/org/apache/ratis/RaftBasicTests.java:[533,4] [rawtypes] found raw type: Gauge
  missing type arguments for generic class Gauge<T>
  where T is a type-variable:
    T extends Object declared in interface Gauge
[WARNING] /home/runner/work/ratis/ratis/ratis-server/src/test/java/org/apache/ratis/RaftBasicTests.java:[537,6] [rawtypes] found raw type: Gauge
  missing type arguments for generic class Gauge<T>
  where T is a type-variable:
    T extends Object declared in interface Gauge
[WARNING] /home/runner/work/ratis/ratis/ratis-server/src/test/java/org/apache/ratis/RaftBasicTests.java:[540,6] [rawtypes] found raw type: Gauge
  missing type arguments for generic class Gauge<T>
  where T is a type-variable:
    T extends Object declared in interface Gauge
[WARNING] /home/runner/work/ratis/ratis/ratis-server/src/test/java/org/apache/ratis/RaftBasicTests.java:[547,17] [rawtypes] found raw type: Gauge
  missing type arguments for generic class Gauge<T>
  where T is a type-variable:
    T extends Object declared in interface Gauge
[WARNING] /home/runner/work/ratis/ratis/ratis-server/src/test/java/org/apache/ratis/RaftBasicTests.java:[83,63] [this-escape] possible 'this' escape before subclass is fully initialized
[WARNING] /home/runner/work/ratis/ratis/ratis-server/src/test/java/org/apache/ratis/RaftExceptionBaseTest.java:[59,70] [this-escape] possible 'this' escape before subclass is fully initialized
[WARNING] /home/runner/work/ratis/ratis/ratis-server/src/test/java/org/apache/ratis/RequestLimitAsyncBaseTest.java:[56,44] [this-escape] possible 'this' escape before subclass is fully initialized
[WARNING] /home/runner/work/ratis/ratis/ratis-server/src/test/java/org/apache/ratis/TestReConfigProperty.java:[46,17] [this-escape] possible 'this' escape before subclass is fully initialized
[WARNING] /home/runner/work/ratis/ratis/ratis-server/src/test/java/org/apache/ratis/server/impl/PreAppendLeaderStepDownTest.java:[69,45] [this-escape] possible 'this' escape before subclass is fully initialized
[WARNING] /home/runner/work/ratis/ratis/ratis-server/src/test/java/org/apache/ratis/server/impl/RaftReconfigurationBaseTest.java:[83,59] [this-escape] possible 'this' escape before subclass is fully initialized
[WARNING] /home/runner/work/ratis/ratis/ratis-server/src/test/java/org/apache/ratis/server/impl/RaftStateMachineExceptionTests.java:[86,45] [this-escape] possible 'this' escape before subclass is fully initialized
[WARNING] /home/runner/work/ratis/ratis/ratis-server/src/test/java/org/apache/ratis/server/impl/TestLogAppenderMetrics.java:[56,4] [rawtypes] found raw type: Gauge
  missing type arguments for generic class Gauge<T>
  where T is a type-variable:
    T extends Object declared in interface Gauge
[WARNING] /home/runner/work/ratis/ratis/ratis-server/src/test/java/org/apache/ratis/server/impl/TestLogAppenderMetrics.java:[59,4] [rawtypes] found raw type: Gauge
  missing type arguments for generic class Gauge<T>
  where T is a type-variable:
    T extends Object declared in interface Gauge
[WARNING] /home/runner/work/ratis/ratis/ratis-server/src/test/java/org/apache/ratis/server/impl/TestLogAppenderMetrics.java:[62,4] [rawtypes] found raw type: Gauge
  missing type arguments for generic class Gauge<T>
  where T is a type-variable:
    T extends Object declared in interface Gauge
[WARNING] /home/runner/work/ratis/ratis/ratis-server/src/test/java/org/apache/ratis/server/impl/TestRetryCacheMetrics.java:[115,24] [rawtypes] found raw type: Gauge
  missing type arguments for generic class Gauge<T>
  where T is a type-variable:
    T extends Object declared in interface Gauge
[WARNING] /home/runner/work/ratis/ratis/ratis-server/src/test/java/org/apache/ratis/server/impl/TestRetryCacheMetrics.java:[118,30] [rawtypes] found raw type: Gauge
  missing type arguments for generic class Gauge<T>
  where T is a type-variable:
    T extends Object declared in interface Gauge
[WARNING] /home/runner/work/ratis/ratis/ratis-server/src/test/java/org/apache/ratis/server/metrics/ServerMetricsTestUtils.java:[31,9] [rawtypes] found raw type: Gauge
  missing type arguments for generic class Gauge<T>
  where T is a type-variable:
    T extends Object declared in interface Gauge
[WARNING] /home/runner/work/ratis/ratis/ratis-server/src/test/java/org/apache/ratis/server/metrics/ServerMetricsTestUtils.java:[32,28] [rawtypes] found raw type: Gauge
  missing type arguments for generic class Gauge<T>
  where T is a type-variable:
    T extends Object declared in interface Gauge
[WARNING] /home/runner/work/ratis/ratis/ratis-server/src/test/java/org/apache/ratis/server/metrics/ServerMetricsTestUtils.java:[41,9] [rawtypes] found raw type: Gauge
  missing type arguments for generic class Gauge<T>
  where T is a type-variable:
    T extends Object declared in interface Gauge
[WARNING] /home/runner/work/ratis/ratis/ratis-server/src/test/java/org/apache/ratis/server/metrics/ServerMetricsTestUtils.java:[49,28] [rawtypes] found raw type: Gauge
  missing type arguments for generic class Gauge<T>
  where T is a type-variable:
    T extends Object declared in interface Gauge
[WARNING] /home/runner/work/ratis/ratis/ratis-server/src/test/java/org/apache/ratis/server/metrics/TestLeaderElectionMetrics.java:[57,28] [rawtypes] found raw type: Gauge
  missing type arguments for generic class Gauge<T>
  where T is a type-variable:
    T extends Object declared in interface Gauge
[WARNING] /home/runner/work/ratis/ratis/ratis-server/src/test/java/org/apache/ratis/server/simulation/RaftServerRequest.java:[1] [dangling-doc-comments] documentation comment is not attached to any declaration
[WARNING] /home/runner/work/ratis/ratis/ratis-server/src/test/java/org/apache/ratis/server/simulation/RaftServerReply.java:[1] [dangling-doc-comments] documentation comment is not attached to any declaration
[WARNING] /home/runner/work/ratis/ratis/ratis-server/src/test/java/org/apache/ratis/server/simulation/RequestHandler.java:[1] [dangling-doc-comments] documentation comment is not attached to any declaration
[WARNING] /home/runner/work/ratis/ratis/ratis-server/src/test/java/org/apache/ratis/server/storage/RaftStorageTestUtils.java:[63,26] [try] auto-closeable resource readlock is never referenced in body of corresponding try statement
[WARNING] /home/runner/work/ratis/ratis/ratis-server/src/test/java/org/apache/ratis/statemachine/RaftSnapshotBaseTest.java:[74,42] [this-escape] possible 'this' escape before subclass is fully initialized
[INFO] 
[INFO] --- surefire:3.5.6:test (default-test) @ ratis-server ---
[INFO] Using auto detected provider org.apache.maven.surefire.junitplatform.JUnitPlatformProvider
[INFO] Using auto detected provider org.apache.maven.surefire.junitplatform.JUnitPlatformProvider
[INFO] Using auto detected provider org.apache.maven.surefire.junitplatform.JUnitPlatformProvider
[INFO] 
[INFO] -------------------------------------------------------
[INFO]  T E S T S
[INFO] -------------------------------------------------------
[INFO] 
[INFO] Results:
[INFO] 
[INFO] Tests run: 0, Failures: 0, Errors: 0, Skipped: 0
[INFO] 
[INFO] 
[INFO] ---------------< org.apache.ratis:ratis-resource-bundle >---------------
[INFO] Building Apache Ratis - Resource Bundle 3.3.0-SNAPSHOT           [10/20]
[INFO]   from ratis-resource-bundle/pom.xml
[INFO] --------------------------------[ jar ]---------------------------------
[INFO] 
[INFO] --- enforcer:3.6.3:enforce (enforce-maven-version) @ ratis-resource-bundle ---
[INFO] 
[INFO] --- enforcer:3.6.3:enforce (enforce-java-version) @ ratis-resource-bundle ---
[INFO] 
[INFO] --- jacoco:0.8.15:prepare-agent (default-prepare-agent) @ ratis-resource-bundle ---
[INFO] argLine set to -javaagent:/home/runner/.m2/repository/org/jacoco/org.jacoco.agent/0.8.15/org.jacoco.agent-0.8.15-runtime.jar=destfile=/home/runner/work/ratis/ratis/ratis-resource-bundle/target/jacoco.exec,includes=org.apache.ratis.*
[INFO] 
[INFO] --- build-helper:3.6.1:add-source (add-source) @ ratis-resource-bundle ---
[INFO] Source directory: /home/runner/work/ratis/ratis/ratis-resource-bundle/target/generated-sources added.
[INFO] 
[INFO] --- enforcer:3.6.3:enforce (bannedImports-finalizers) @ ratis-resource-bundle ---
[INFO] Rule 0: org.apache.maven.plugins.enforcer.RestrictImports passed
[INFO] 
[INFO] --- remote-resources:3.3.0:process (process-resource-bundles) @ ratis-resource-bundle ---
[INFO] Preparing remote bundle org.apache.apache.resources:apache-jar-resource-bundle:1.8
[INFO] Copying 3 resources from 1 bundle.
[INFO] 
[INFO] --- remote-resources:3.3.0:bundle (build-ratis-resource-bundle) @ ratis-resource-bundle ---
[INFO] Writing META-INF/maven/remote-resources.xml descriptor with 2 entries
[INFO] 
[INFO] --- hadoops:3.4.3:version-info (version-info) @ ratis-resource-bundle ---
[INFO] SCM: GIT
[INFO] Computed MD5: d41d8cd98f0b24e980998ecf8427e
[INFO] 
[INFO] --- resources:3.5.0:resources (default-resources) @ ratis-resource-bundle ---
[INFO] Copying 3 resources from src/main/resources to target/classes
[INFO] Copying 1 resource from ../src/main/resources to target/classes
[INFO] Copying 3 resources from target/maven-shared-archive-resources to target/classes
[INFO] 
[INFO] --- compiler:3.15.0:compile (default-compile) @ ratis-resource-bundle ---
[INFO] No sources to compile
[INFO] 
[INFO] --- resources:3.5.0:testResources (default-testResources) @ ratis-resource-bundle ---
[INFO] Not copying test resources
[INFO] 
[INFO] --- compiler:3.15.0:testCompile (default-testCompile) @ ratis-resource-bundle ---
[INFO] Skipped
[INFO] 
[INFO] --- surefire:3.5.6:test (default-test) @ ratis-resource-bundle ---
[INFO] Skipped
[INFO] 
[INFO] --------------------< org.apache.ratis:ratis-grpc >---------------------
[INFO] Building Apache Ratis gRPC Support 3.3.0-SNAPSHOT                [11/20]
[INFO]   from ratis-grpc/pom.xml
[INFO] --------------------------------[ jar ]---------------------------------
[INFO] 
[INFO] --- enforcer:3.6.3:enforce (enforce-maven-version) @ ratis-grpc ---
[INFO] 
[INFO] --- enforcer:3.6.3:enforce (enforce-java-version) @ ratis-grpc ---
[INFO] 
[INFO] --- jacoco:0.8.15:prepare-agent (default-prepare-agent) @ ratis-grpc ---
[INFO] argLine set to -javaagent:/home/runner/.m2/repository/org/jacoco/org.jacoco.agent/0.8.15/org.jacoco.agent-0.8.15-runtime.jar=destfile=/home/runner/work/ratis/ratis/ratis-grpc/target/jacoco.exec,includes=org.apache.ratis.*
[INFO] 
[INFO] --- build-helper:3.6.1:add-source (add-source) @ ratis-grpc ---
[INFO] Source directory: /home/runner/work/ratis/ratis/ratis-grpc/target/generated-sources added.
[INFO] 
[INFO] --- enforcer:3.6.3:enforce (bannedImports-finalizers) @ ratis-grpc ---
[INFO] Rule 0: org.apache.maven.plugins.enforcer.RestrictImports passed
[INFO] 
[INFO] --- remote-resources:3.3.0:process (process-resource-bundles) @ ratis-grpc ---
[INFO] Preparing remote bundle org.apache.apache.resources:apache-jar-resource-bundle:1.8
[INFO] Copying 3 resources from 1 bundle.
[INFO] 
[INFO] --- hadoops:3.4.3:version-info (version-info) @ ratis-grpc ---
[INFO] SCM: GIT
[INFO] Computed MD5: d41d8cd98f0b24e980998ecf8427e
[INFO] 
[INFO] --- resources:3.5.0:resources (default-resources) @ ratis-grpc ---
[INFO] skip non existing resourceDirectory /home/runner/work/ratis/ratis/ratis-grpc/src/main/resources
[INFO] Copying 1 resource from ../src/main/resources to target/classes
[INFO] Copying 3 resources from target/maven-shared-archive-resources to target/classes
[INFO] 
[INFO] --- compiler:3.15.0:compile (default-compile) @ ratis-grpc ---
[INFO] Compiling 24 source files with javac [forked debug release 8] to target/classes
[WARNING] Cannot find annotation method 'replacement()' in type 'InlineMe'
/home/runner/work/ratis/ratis/ratis-grpc/src/main/java/org/apache/ratis/grpc/GrpcTlsConfig.java:[1] [dangling-doc-comments] documentation comment is not attached to any declaration
[WARNING] Cannot find annotation method 'value()' in type 'DoNotCall'
/home/runner/work/ratis/ratis/ratis-grpc/src/main/java/org/apache/ratis/grpc/metrics/intercept/client/MetricClientInterceptor.java:[1] [dangling-doc-comments] documentation comment is not attached to any declaration
[WARNING] /home/runner/work/ratis/ratis/ratis-grpc/src/main/java/org/apache/ratis/grpc/metrics/GrpcServerMetrics.java:[1] [dangling-doc-comments] documentation comment is not attached to any declaration
[WARNING] /home/runner/work/ratis/ratis/ratis-grpc/src/main/java/org/apache/ratis/grpc/metrics/GrpcServerMetrics.java:[54,54] [this-escape] possible 'this' escape before subclass is fully initialized
[WARNING] /home/runner/work/ratis/ratis/ratis-grpc/src/main/java/org/apache/ratis/grpc/metrics/GrpcServerMetrics.java:[55,64] [this-escape] possible 'this' escape before subclass is fully initialized
[WARNING] /home/runner/work/ratis/ratis/ratis-grpc/src/main/java/org/apache/ratis/grpc/metrics/GrpcServerMetrics.java:[57,82] [this-escape] possible 'this' escape before subclass is fully initialized
[WARNING] /home/runner/work/ratis/ratis/ratis-grpc/src/main/java/org/apache/ratis/grpc/metrics/intercept/client/MetricClientCall.java:[1] [dangling-doc-comments] documentation comment is not attached to any declaration
[WARNING] /home/runner/work/ratis/ratis/ratis-grpc/src/main/java/org/apache/ratis/grpc/metrics/intercept/client/MetricClientCallListener.java:[1] [dangling-doc-comments] documentation comment is not attached to any declaration
[WARNING] /home/runner/work/ratis/ratis/ratis-grpc/src/main/java/org/apache/ratis/grpc/metrics/intercept/server/MetricServerCall.java:[1] [dangling-doc-comments] documentation comment is not attached to any declaration
[WARNING] /home/runner/work/ratis/ratis/ratis-grpc/src/main/java/org/apache/ratis/grpc/metrics/intercept/server/MetricServerInterceptor.java:[1] [dangling-doc-comments] documentation comment is not attached to any declaration
[WARNING] /home/runner/work/ratis/ratis/ratis-grpc/src/main/java/org/apache/ratis/grpc/server/GrpcLogAppender.java:[728,8] [fallthrough] possible fall-through into case
[WARNING] /home/runner/work/ratis/ratis/ratis-grpc/src/main/java/org/apache/ratis/grpc/server/GrpcLogAppender.java:[207,27] [try] auto-closeable resource writeLock is never referenced in body of corresponding try statement
[WARNING] /home/runner/work/ratis/ratis/ratis-grpc/src/main/java/org/apache/ratis/grpc/server/GrpcLogAppender.java:[395,27] [try] auto-closeable resource writeLock is never referenced in body of corresponding try statement
[WARNING] /home/runner/work/ratis/ratis/ratis-grpc/src/main/java/org/apache/ratis/grpc/server/GrpcLogAppender.java:[573,27] [try] auto-closeable resource writeLock is never referenced in body of corresponding try statement
[WARNING] /home/runner/work/ratis/ratis/ratis-grpc/src/main/java/org/apache/ratis/grpc/server/GrpcLogAppender.java:[595,29] [try] auto-closeable resource writeLock is never referenced in body of corresponding try statement
[WARNING] /home/runner/work/ratis/ratis/ratis-grpc/src/main/java/org/apache/ratis/grpc/server/GrpcLogAppender.java:[614,29] [try] auto-closeable resource writeLock is never referenced in body of corresponding try statement
[WARNING] /home/runner/work/ratis/ratis/ratis-grpc/src/main/java/org/apache/ratis/grpc/server/GrpcLogAppender.java:[659,29] [try] auto-closeable resource readLock is never referenced in body of corresponding try statement
[WARNING] /home/runner/work/ratis/ratis/ratis-grpc/src/main/java/org/apache/ratis/grpc/server/GrpcLogAppender.java:[175,39] [this-escape] possible 'this' escape before subclass is fully initialized
[INFO] 
[INFO] --- resources:3.5.0:testResources (default-testResources) @ ratis-grpc ---
[INFO] skip non existing resourceDirectory /home/runner/work/ratis/ratis/ratis-grpc/src/test/resources
[INFO] Copying 3 resources from target/maven-shared-archive-resources to target/test-classes
[INFO] 
[INFO] --- compiler:3.15.0:testCompile (default-testCompile) @ ratis-grpc ---
[INFO] Compiling 2 source files with javac [forked debug release 8] to target/test-classes
[INFO] 
[INFO] --- surefire:3.5.6:test (default-test) @ ratis-grpc ---
[INFO] Using auto detected provider org.apache.maven.surefire.junitplatform.JUnitPlatformProvider
[INFO] Using auto detected provider org.apache.maven.surefire.junitplatform.JUnitPlatformProvider
[INFO] Using auto detected provider org.apache.maven.surefire.junitplatform.JUnitPlatformProvider
[INFO] 
[INFO] -------------------------------------------------------
[INFO]  T E S T S
[INFO] -------------------------------------------------------
[INFO] 
[INFO] Results:
[INFO] 
[INFO] Tests run: 0, Failures: 0, Errors: 0, Skipped: 0
[INFO] 
[INFO] 
[INFO] --------------------< org.apache.ratis:ratis-netty >--------------------
[INFO] Building Apache Ratis Netty Support 3.3.0-SNAPSHOT               [12/20]
[INFO]   from ratis-netty/pom.xml
[INFO] --------------------------------[ jar ]---------------------------------
[INFO] 
[INFO] --- enforcer:3.6.3:enforce (enforce-maven-version) @ ratis-netty ---
[INFO] 
[INFO] --- enforcer:3.6.3:enforce (enforce-java-version) @ ratis-netty ---
[INFO] 
[INFO] --- jacoco:0.8.15:prepare-agent (default-prepare-agent) @ ratis-netty ---
[INFO] argLine set to -javaagent:/home/runner/.m2/repository/org/jacoco/org.jacoco.agent/0.8.15/org.jacoco.agent-0.8.15-runtime.jar=destfile=/home/runner/work/ratis/ratis/ratis-netty/target/jacoco.exec,includes=org.apache.ratis.*
[INFO] 
[INFO] --- build-helper:3.6.1:add-source (add-source) @ ratis-netty ---
[INFO] Source directory: /home/runner/work/ratis/ratis/ratis-netty/target/generated-sources added.
[INFO] 
[INFO] --- enforcer:3.6.3:enforce (bannedImports-finalizers) @ ratis-netty ---
[INFO] Rule 0: org.apache.maven.plugins.enforcer.RestrictImports passed
[INFO] 
[INFO] --- remote-resources:3.3.0:process (process-resource-bundles) @ ratis-netty ---
[INFO] Preparing remote bundle org.apache.apache.resources:apache-jar-resource-bundle:1.8
[INFO] Copying 3 resources from 1 bundle.
[INFO] 
[INFO] --- hadoops:3.4.3:version-info (version-info) @ ratis-netty ---
[INFO] SCM: GIT
[INFO] Computed MD5: d41d8cd98f0b24e980998ecf8427e
[INFO] 
[INFO] --- resources:3.5.0:resources (default-resources) @ ratis-netty ---
[INFO] skip non existing resourceDirectory /home/runner/work/ratis/ratis/ratis-netty/src/main/resources
[INFO] Copying 1 resource from ../src/main/resources to target/classes
[INFO] Copying 3 resources from target/maven-shared-archive-resources to target/classes
[INFO] 
[INFO] --- compiler:3.15.0:compile (default-compile) @ ratis-netty ---
[INFO] Compiling 17 source files with javac [forked debug release 8] to target/classes
[WARNING] /home/runner/work/ratis/ratis/ratis-netty/src/main/java/org/apache/ratis/netty/client/NettyClientStreamRpc.java:[369,61] [try] auto-closeable resource ignored is never referenced in body of corresponding try statement
[WARNING] /home/runner/work/ratis/ratis/ratis-netty/src/main/java/org/apache/ratis/netty/metrics/NettyServerStreamRpcMetrics.java:[1] [dangling-doc-comments] documentation comment is not attached to any declaration
[WARNING] /home/runner/work/ratis/ratis/ratis-netty/src/main/java/org/apache/ratis/netty/server/DataStreamManagement.java:[395,33] [try] auto-closeable resource ignore is never referenced in body of corresponding try statement
[WARNING] /home/runner/work/ratis/ratis/ratis-netty/src/main/java/org/apache/ratis/netty/server/NettyServerStreamRpc.java:[241,35] [try] auto-closeable resource autoReset is never referenced in body of corresponding try statement
[INFO] 
[INFO] --- resources:3.5.0:testResources (default-testResources) @ ratis-netty ---
[INFO] skip non existing resourceDirectory /home/runner/work/ratis/ratis/ratis-netty/src/test/resources
[INFO] Copying 3 resources from target/maven-shared-archive-resources to target/test-classes
[INFO] 
[INFO] --- compiler:3.15.0:testCompile (default-testCompile) @ ratis-netty ---
[INFO] Compiling 1 source file with javac [forked debug release 8] to target/test-classes
[INFO] 
[INFO] --- surefire:3.5.6:test (default-test) @ ratis-netty ---
[INFO] Skipped
[INFO] 
[INFO] -------------< org.apache.ratis:ratis-metrics-dropwizard3 >-------------
[INFO] Building Apache Ratis Metrics Dropwizard 3 Implementation 3.3.0-SNAPSHOT [13/20]
[INFO]   from ratis-metrics-dropwizard3/pom.xml
[INFO] --------------------------------[ jar ]---------------------------------
[INFO] 
[INFO] --- enforcer:3.6.3:enforce (enforce-maven-version) @ ratis-metrics-dropwizard3 ---
[INFO] 
[INFO] --- enforcer:3.6.3:enforce (enforce-java-version) @ ratis-metrics-dropwizard3 ---
[INFO] 
[INFO] --- jacoco:0.8.15:prepare-agent (default-prepare-agent) @ ratis-metrics-dropwizard3 ---
[INFO] argLine set to -javaagent:/home/runner/.m2/repository/org/jacoco/org.jacoco.agent/0.8.15/org.jacoco.agent-0.8.15-runtime.jar=destfile=/home/runner/work/ratis/ratis/ratis-metrics-dropwizard3/target/jacoco.exec,includes=org.apache.ratis.*
[INFO] 
[INFO] --- build-helper:3.6.1:add-source (add-source) @ ratis-metrics-dropwizard3 ---
[INFO] Source directory: /home/runner/work/ratis/ratis/ratis-metrics-dropwizard3/target/generated-sources added.
[INFO] 
[INFO] --- enforcer:3.6.3:enforce (bannedImports-finalizers) @ ratis-metrics-dropwizard3 ---
[INFO] Rule 0: org.apache.maven.plugins.enforcer.RestrictImports passed
[INFO] 
[INFO] --- remote-resources:3.3.0:process (process-resource-bundles) @ ratis-metrics-dropwizard3 ---
[INFO] Preparing remote bundle org.apache.apache.resources:apache-jar-resource-bundle:1.8
[INFO] Copying 3 resources from 1 bundle.
[INFO] 
[INFO] --- hadoops:3.4.3:version-info (version-info) @ ratis-metrics-dropwizard3 ---
[INFO] SCM: GIT
[INFO] Computed MD5: d41d8cd98f0b24e980998ecf8427e
[INFO] 
[INFO] --- resources:3.5.0:resources (default-resources) @ ratis-metrics-dropwizard3 ---
[INFO] Copying 1 resource from src/main/resources to target/classes
[INFO] Copying 1 resource from ../src/main/resources to target/classes
[INFO] Copying 3 resources from target/maven-shared-archive-resources to target/classes
[INFO] 
[INFO] --- compiler:3.15.0:compile (default-compile) @ ratis-metrics-dropwizard3 ---
[INFO] Compiling 7 source files with javac [forked debug release 8] to target/classes
[WARNING] /home/runner/work/ratis/ratis/ratis-metrics-dropwizard3/src/main/java/org/apache/ratis/metrics/dropwizard3/Dm3MetricRegistriesImpl.java:[1] [dangling-doc-comments] documentation comment is not attached to any declaration
[WARNING] /home/runner/work/ratis/ratis/ratis-metrics-dropwizard3/src/main/java/org/apache/ratis/metrics/dropwizard3/Dm3MetricRegistryFactoryImpl.java:[1] [dangling-doc-comments] documentation comment is not attached to any declaration
[WARNING] /home/runner/work/ratis/ratis/ratis-metrics-dropwizard3/src/main/java/org/apache/ratis/metrics/dropwizard3/Dm3RatisMetricRegistryImpl.java:[109,27] [rawtypes] found raw type: Gauge
  missing type arguments for generic class Gauge<T>
  where T is a type-variable:
    T extends Object declared in interface Gauge
[WARNING] /home/runner/work/ratis/ratis/ratis-metrics-dropwizard3/src/main/java/org/apache/ratis/metrics/dropwizard3/Dm3RatisObjectNameFactory.java:[1] [dangling-doc-comments] documentation comment is not attached to any declaration
[INFO] 
[INFO] --- resources:3.5.0:testResources (default-testResources) @ ratis-metrics-dropwizard3 ---
[INFO] skip non existing resourceDirectory /home/runner/work/ratis/ratis/ratis-metrics-dropwizard3/src/test/resources
[INFO] Copying 3 resources from target/maven-shared-archive-resources to target/test-classes
[INFO] 
[INFO] --- compiler:3.15.0:testCompile (default-testCompile) @ ratis-metrics-dropwizard3 ---
[INFO] Compiling 1 source file with javac [forked debug release 8] to target/test-classes
[INFO] 
[INFO] --- surefire:3.5.6:test (default-test) @ ratis-metrics-dropwizard3 ---
[INFO] Using auto detected provider org.apache.maven.surefire.junitplatform.JUnitPlatformProvider
[INFO] Using auto detected provider org.apache.maven.surefire.junitplatform.JUnitPlatformProvider
[INFO] Using auto detected provider org.apache.maven.surefire.junitplatform.JUnitPlatformProvider
[INFO] 
[INFO] -------------------------------------------------------
[INFO]  T E S T S
[INFO] -------------------------------------------------------
[INFO] 
[INFO] Results:
[INFO] 
[INFO] Tests run: 0, Failures: 0, Errors: 0, Skipped: 0
[INFO] 
[INFO] 
[INFO] -----------------< org.apache.ratis:ratis-trace-otel >------------------
[INFO] Building Apache Ratis Tracing - OpenTelemetry 3.3.0-SNAPSHOT     [14/20]
[INFO]   from ratis-trace-otel/pom.xml
[INFO] --------------------------------[ jar ]---------------------------------
[INFO] 
[INFO] --- enforcer:3.6.3:enforce (enforce-maven-version) @ ratis-trace-otel ---
[INFO] 
[INFO] --- enforcer:3.6.3:enforce (enforce-java-version) @ ratis-trace-otel ---
[INFO] 
[INFO] --- jacoco:0.8.15:prepare-agent (default-prepare-agent) @ ratis-trace-otel ---
[INFO] argLine set to -javaagent:/home/runner/.m2/repository/org/jacoco/org.jacoco.agent/0.8.15/org.jacoco.agent-0.8.15-runtime.jar=destfile=/home/runner/work/ratis/ratis/ratis-trace-otel/target/jacoco.exec,includes=org.apache.ratis.*
[INFO] 
[INFO] --- build-helper:3.6.1:add-source (add-source) @ ratis-trace-otel ---
[INFO] Source directory: /home/runner/work/ratis/ratis/ratis-trace-otel/target/generated-sources added.
[INFO] 
[INFO] --- enforcer:3.6.3:enforce (bannedImports-finalizers) @ ratis-trace-otel ---
[INFO] Rule 0: org.apache.maven.plugins.enforcer.RestrictImports passed
[INFO] 
[INFO] --- remote-resources:3.3.0:process (process-resource-bundles) @ ratis-trace-otel ---
[INFO] Preparing remote bundle org.apache.apache.resources:apache-jar-resource-bundle:1.8
[INFO] Copying 3 resources from 1 bundle.
[INFO] 
[INFO] --- hadoops:3.4.3:version-info (version-info) @ ratis-trace-otel ---
[INFO] SCM: GIT
[INFO] Computed MD5: d41d8cd98f0b24e980998ecf8427e
[INFO] 
[INFO] --- resources:3.5.0:resources (default-resources) @ ratis-trace-otel ---
[INFO] Copying 1 resource from src/main/resources to target/classes
[INFO] Copying 1 resource from ../src/main/resources to target/classes
[INFO] Copying 3 resources from target/maven-shared-archive-resources to target/classes
[INFO] 
[INFO] --- compiler:3.15.0:compile (default-compile) @ ratis-trace-otel ---
[INFO] Compiling 3 source files with javac [forked debug release 8] to target/classes
[INFO] 
[INFO] --- resources:3.5.0:testResources (default-testResources) @ ratis-trace-otel ---
[INFO] skip non existing resourceDirectory /home/runner/work/ratis/ratis/ratis-trace-otel/src/test/resources
[INFO] Copying 3 resources from target/maven-shared-archive-resources to target/test-classes
[INFO] 
[INFO] --- compiler:3.15.0:testCompile (default-testCompile) @ ratis-trace-otel ---
[INFO] No sources to compile
[INFO] 
[INFO] --- surefire:3.5.6:test (default-test) @ ratis-trace-otel ---
[INFO] Using auto detected provider org.apache.maven.surefire.junitplatform.JUnitPlatformProvider
[INFO] 
[INFO] --------------------< org.apache.ratis:ratis-tools >--------------------
[INFO] Building Apache Ratis Tools 3.3.0-SNAPSHOT                       [15/20]
[INFO]   from ratis-tools/pom.xml
[INFO] --------------------------------[ jar ]---------------------------------
[INFO] 
[INFO] --- enforcer:3.6.3:enforce (enforce-maven-version) @ ratis-tools ---
[INFO] 
[INFO] --- enforcer:3.6.3:enforce (enforce-java-version) @ ratis-tools ---
[INFO] 
[INFO] --- jacoco:0.8.15:prepare-agent (default-prepare-agent) @ ratis-tools ---
[INFO] argLine set to -javaagent:/home/runner/.m2/repository/org/jacoco/org.jacoco.agent/0.8.15/org.jacoco.agent-0.8.15-runtime.jar=destfile=/home/runner/work/ratis/ratis/ratis-tools/target/jacoco.exec,includes=org.apache.ratis.*
[INFO] 
[INFO] --- build-helper:3.6.1:add-source (add-source) @ ratis-tools ---
[INFO] Source directory: /home/runner/work/ratis/ratis/ratis-tools/target/generated-sources added.
[INFO] 
[INFO] --- enforcer:3.6.3:enforce (bannedImports-finalizers) @ ratis-tools ---
[INFO] Rule 0: org.apache.maven.plugins.enforcer.RestrictImports passed
[INFO] 
[INFO] --- remote-resources:3.3.0:process (process-resource-bundles) @ ratis-tools ---
[INFO] Preparing remote bundle org.apache.apache.resources:apache-jar-resource-bundle:1.8
[INFO] Copying 3 resources from 1 bundle.
[INFO] 
[INFO] --- hadoops:3.4.3:version-info (version-info) @ ratis-tools ---
[INFO] SCM: GIT
[INFO] Computed MD5: d41d8cd98f0b24e980998ecf8427e
[INFO] 
[INFO] --- resources:3.5.0:resources (default-resources) @ ratis-tools ---
[INFO] skip non existing resourceDirectory /home/runner/work/ratis/ratis/ratis-tools/src/main/resources
[INFO] Copying 1 resource from ../src/main/resources to target/classes
[INFO] Copying 3 resources from target/maven-shared-archive-resources to target/classes
[INFO] 
[INFO] --- compiler:3.15.0:compile (default-compile) @ ratis-tools ---
[INFO] Compiling 2 source files with javac [forked debug release 8] to target/classes
[INFO] 
[INFO] --- resources:3.5.0:testResources (default-testResources) @ ratis-tools ---
[INFO] skip non existing resourceDirectory /home/runner/work/ratis/ratis/ratis-tools/src/test/resources
[INFO] Copying 3 resources from target/maven-shared-archive-resources to target/test-classes
[INFO] 
[INFO] --- compiler:3.15.0:testCompile (default-testCompile) @ ratis-tools ---
[INFO] No sources to compile
[INFO] 
[INFO] --- surefire:3.5.6:test (default-test) @ ratis-tools ---
[INFO] Skipped
[INFO] 
[INFO] --------------------< org.apache.ratis:ratis-shell >--------------------
[INFO] Building Apache Ratis Shell 3.3.0-SNAPSHOT                       [16/20]
[INFO]   from ratis-shell/pom.xml
[INFO] --------------------------------[ jar ]---------------------------------
[INFO] 
[INFO] --- enforcer:3.6.3:enforce (enforce-maven-version) @ ratis-shell ---
[INFO] 
[INFO] --- enforcer:3.6.3:enforce (enforce-java-version) @ ratis-shell ---
[INFO] 
[INFO] --- jacoco:0.8.15:prepare-agent (default-prepare-agent) @ ratis-shell ---
[INFO] argLine set to -javaagent:/home/runner/.m2/repository/org/jacoco/org.jacoco.agent/0.8.15/org.jacoco.agent-0.8.15-runtime.jar=destfile=/home/runner/work/ratis/ratis/ratis-shell/target/jacoco.exec,includes=org.apache.ratis.*
[INFO] 
[INFO] --- build-helper:3.6.1:add-source (add-source) @ ratis-shell ---
[INFO] Source directory: /home/runner/work/ratis/ratis/ratis-shell/target/generated-sources added.
[INFO] 
[INFO] --- enforcer:3.6.3:enforce (bannedImports-finalizers) @ ratis-shell ---
[INFO] Rule 0: org.apache.maven.plugins.enforcer.RestrictImports passed
[INFO] 
[INFO] --- remote-resources:3.3.0:process (process-resource-bundles) @ ratis-shell ---
[INFO] Preparing remote bundle org.apache.apache.resources:apache-jar-resource-bundle:1.8
[INFO] Copying 3 resources from 1 bundle.
[INFO] 
[INFO] --- hadoops:3.4.3:version-info (version-info) @ ratis-shell ---
[INFO] SCM: GIT
[INFO] Computed MD5: d41d8cd98f0b24e980998ecf8427e
[INFO] 
[INFO] --- resources:3.5.0:resources (default-resources) @ ratis-shell ---
[INFO] skip non existing resourceDirectory /home/runner/work/ratis/ratis/ratis-shell/src/main/resources
[INFO] Copying 1 resource from ../src/main/resources to target/classes
[INFO] Copying 3 resources from target/maven-shared-archive-resources to target/classes
[INFO] 
[INFO] --- compiler:3.15.0:compile (default-compile) @ ratis-shell ---
[INFO] Compiling 24 source files with javac [forked debug release 8] to target/classes
[WARNING] /home/runner/work/ratis/ratis/ratis-shell/src/main/java/org/apache/ratis/shell/cli/AbstractShell.java:[43,28] [this-escape] possible 'this' escape before subclass is fully initialized
[WARNING] /home/runner/work/ratis/ratis/ratis-shell/src/main/java/org/apache/ratis/shell/cli/sh/command/AbstractRatisCommand.java:[90,20] [deprecation] build() in Builder has been deprecated
[WARNING] /home/runner/work/ratis/ratis/ratis-shell/src/main/java/org/apache/ratis/shell/cli/sh/election/PauseCommand.java:[93,12] [deprecation] build() in Builder has been deprecated
[WARNING] /home/runner/work/ratis/ratis/ratis-shell/src/main/java/org/apache/ratis/shell/cli/sh/election/ResumeCommand.java:[93,12] [deprecation] build() in Builder has been deprecated
[WARNING] /home/runner/work/ratis/ratis/ratis-shell/src/main/java/org/apache/ratis/shell/cli/sh/election/TransferCommand.java:[143,12] [deprecation] build() in Builder has been deprecated
[WARNING] /home/runner/work/ratis/ratis/ratis-shell/src/main/java/org/apache/ratis/shell/cli/sh/election/TransferCommand.java:[149,12] [deprecation] build() in Builder has been deprecated
[WARNING] /home/runner/work/ratis/ratis/ratis-shell/src/main/java/org/apache/ratis/shell/cli/sh/local/RaftMetaConfCommand.java:[160,12] [deprecation] build() in Builder has been deprecated
[WARNING] /home/runner/work/ratis/ratis/ratis-shell/src/main/java/org/apache/ratis/shell/cli/sh/local/RaftMetaConfCommand.java:[167,12] [deprecation] build() in Builder has been deprecated
[WARNING] /home/runner/work/ratis/ratis/ratis-shell/src/main/java/org/apache/ratis/shell/cli/sh/peer/AddCommand.java:[169,12] [deprecation] build() in Builder has been deprecated
[WARNING] /home/runner/work/ratis/ratis/ratis-shell/src/main/java/org/apache/ratis/shell/cli/sh/peer/AddCommand.java:[174,12] [deprecation] build() in Builder has been deprecated
[WARNING] /home/runner/work/ratis/ratis/ratis-shell/src/main/java/org/apache/ratis/shell/cli/sh/peer/AddCommand.java:[179,12] [deprecation] build() in Builder has been deprecated
[WARNING] /home/runner/work/ratis/ratis/ratis-shell/src/main/java/org/apache/ratis/shell/cli/sh/peer/AddCommand.java:[184,12] [deprecation] build() in Builder has been deprecated
[WARNING] /home/runner/work/ratis/ratis/ratis-shell/src/main/java/org/apache/ratis/shell/cli/sh/peer/RemoveCommand.java:[103,12] [deprecation] build() in Builder has been deprecated
[WARNING] /home/runner/work/ratis/ratis/ratis-shell/src/main/java/org/apache/ratis/shell/cli/sh/peer/RemoveCommand.java:[107,12] [deprecation] build() in Builder has been deprecated
[WARNING] /home/runner/work/ratis/ratis/ratis-shell/src/main/java/org/apache/ratis/shell/cli/sh/peer/SetPriorityCommand.java:[101,12] [deprecation] build() in Builder has been deprecated
[WARNING] /home/runner/work/ratis/ratis/ratis-shell/src/main/java/org/apache/ratis/shell/cli/sh/snapshot/TakeSnapshotCommand.java:[100,12] [deprecation] build() in Builder has been deprecated
[WARNING] /home/runner/work/ratis/ratis/ratis-shell/src/main/java/org/apache/ratis/shell/cli/sh/snapshot/TakeSnapshotCommand.java:[105,12] [deprecation] build() in Builder has been deprecated
[INFO] 
[INFO] --- resources:3.5.0:testResources (default-testResources) @ ratis-shell ---
[INFO] skip non existing resourceDirectory /home/runner/work/ratis/ratis/ratis-shell/src/test/resources
[INFO] Copying 3 resources from target/maven-shared-archive-resources to target/test-classes
[INFO] 
[INFO] --- compiler:3.15.0:testCompile (default-testCompile) @ ratis-shell ---
[INFO] No sources to compile
[INFO] 
[INFO] --- surefire:3.5.6:test (default-test) @ ratis-shell ---
[INFO] Skipped
[INFO] 
[INFO] --------------------< org.apache.ratis:ratis-test >---------------------
[INFO] Building Apache Ratis Test 3.3.0-SNAPSHOT                        [17/20]
[INFO]   from ratis-test/pom.xml
[INFO] --------------------------------[ jar ]---------------------------------
[INFO] 
[INFO] --- enforcer:3.6.3:enforce (enforce-maven-version) @ ratis-test ---
[INFO] 
[INFO] --- enforcer:3.6.3:enforce (enforce-java-version) @ ratis-test ---
[INFO] 
[INFO] --- jacoco:0.8.15:prepare-agent (default-prepare-agent) @ ratis-test ---
[INFO] argLine set to -javaagent:/home/runner/.m2/repository/org/jacoco/org.jacoco.agent/0.8.15/org.jacoco.agent-0.8.15-runtime.jar=destfile=/home/runner/work/ratis/ratis/ratis-test/target/jacoco.exec,includes=org.apache.ratis.*
[INFO] 
[INFO] --- build-helper:3.6.1:add-source (add-source) @ ratis-test ---
[INFO] Source directory: /home/runner/work/ratis/ratis/ratis-test/target/generated-sources added.
[INFO] 
[INFO] --- enforcer:3.6.3:enforce (bannedImports-finalizers) @ ratis-test ---
[INFO] Rule 0: org.apache.maven.plugins.enforcer.RestrictImports passed
[INFO] 
[INFO] --- remote-resources:3.3.0:process (process-resource-bundles) @ ratis-test ---
[INFO] Preparing remote bundle org.apache.apache.resources:apache-jar-resource-bundle:1.8
[INFO] Copying 3 resources from 1 bundle.
[INFO] 
[INFO] --- hadoops:3.4.3:version-info (version-info) @ ratis-test ---
[INFO] SCM: GIT
[INFO] Computed MD5: d41d8cd98f0b24e980998ecf8427e
[INFO] 
[INFO] --- resources:3.5.0:resources (default-resources) @ ratis-test ---
[INFO] skip non existing resourceDirectory /home/runner/work/ratis/ratis/ratis-test/src/main/resources
[INFO] Copying 1 resource from ../src/main/resources to target/classes
[INFO] Copying 3 resources from target/maven-shared-archive-resources to target/classes
[INFO] 
[INFO] --- compiler:3.15.0:compile (default-compile) @ ratis-test ---
[INFO] No sources to compile
[INFO] 
[INFO] --- resources:3.5.0:testResources (default-testResources) @ ratis-test ---
[INFO] Copying 15 resources from src/test/resources to target/test-classes
[INFO] Copying 3 resources from target/maven-shared-archive-resources to target/test-classes
[INFO] 
[INFO] --- compiler:3.15.0:testCompile (default-testCompile) @ ratis-test ---
[INFO] Compiling 168 source files with javac [forked debug release 8] to target/test-classes
[WARNING] Cannot find annotation method 'replacement()' in type 'InlineMe'
/home/runner/work/ratis/ratis/ratis-test/src/test/java/org/apache/ratis/RaftLogTruncateTests.java:[79,42] [this-escape] possible 'this' escape before subclass is fully initialized
[WARNING] /home/runner/work/ratis/ratis/ratis-test/src/test/java/org/apache/ratis/TestRaftServerSlownessDetection.java:[94,22] [rawtypes] found raw type: Gauge
  missing type arguments for generic class Gauge<T>
  where T is a type-variable:
    T extends Object declared in interface Gauge
[WARNING] /home/runner/work/ratis/ratis/ratis-test/src/test/java/org/apache/ratis/TestRaftServerSlownessDetection.java:[99,4] [rawtypes] found raw type: Gauge
  missing type arguments for generic class Gauge<T>
  where T is a type-variable:
    T extends Object declared in interface Gauge
[WARNING] /home/runner/work/ratis/ratis/ratis-test/src/test/java/org/apache/ratis/TestRaftServerSlownessDetection.java:[99,81] [rawtypes] found raw type: Gauge
  missing type arguments for generic class Gauge<T>
  where T is a type-variable:
    T extends Object declared in interface Gauge
[WARNING] /home/runner/work/ratis/ratis/ratis-test/src/test/java/org/apache/ratis/TestRaftServerSlownessDetection.java:[62,52] [this-escape] possible 'this' escape before subclass is fully initialized
[WARNING] /home/runner/work/ratis/ratis/ratis-test/src/test/java/org/apache/ratis/datastream/DataStreamClusterTests.java:[115,37] [try] auto-closeable resource DataStreamClientImpl.DataStreamOutputImpl has a member method close() that could throw InterruptedException
[WARNING] /home/runner/work/ratis/ratis/ratis-test/src/test/java/org/apache/ratis/datastream/DataStreamClusterTests.java:[209,37] [try] auto-closeable resource DataStreamClientImpl.DataStreamOutputImpl has a member method close() that could throw InterruptedException
[WARNING] /home/runner/work/ratis/ratis/ratis-test/src/test/java/org/apache/ratis/datastream/DataStreamClusterTests.java:[64,19] [this-escape] possible 'this' escape before subclass is fully initialized
[WARNING] /home/runner/work/ratis/ratis/ratis-test/src/test/java/org/apache/ratis/datastream/TestDataStreamDisabled.java:[46,25] [try] auto-closeable resource DataStreamOutput has a member method close() that could throw InterruptedException
[WARNING] /home/runner/work/ratis/ratis/ratis-test/src/test/java/org/apache/ratis/datastream/TestDataStreamSslWithRpcTypeGrpcAndDataStreamTypeNetty.java:[47,68] [this-escape] possible 'this' escape before subclass is fully initialized
[WARNING] Cannot find annotation method 'value()' in type 'DoNotCall': class file for com.google.errorprone.annotations.DoNotCall not found
/home/runner/work/ratis/ratis/ratis-test/src/test/java/org/apache/ratis/grpc/TestGroupInfoWithGrpc.java:[1] [dangling-doc-comments] documentation comment is not attached to any declaration
[WARNING] /home/runner/work/ratis/ratis/ratis-test/src/test/java/org/apache/ratis/grpc/TestGroupManagementWithGrpc.java:[1] [dangling-doc-comments] documentation comment is not attached to any declaration
[WARNING] /home/runner/work/ratis/ratis/ratis-test/src/test/java/org/apache/ratis/grpc/TestLeaderElectionWithGrpc.java:[1] [dangling-doc-comments] documentation comment is not attached to any declaration
[WARNING] /home/runner/work/ratis/ratis/ratis-test/src/test/java/org/apache/ratis/grpc/TestRaftAsyncWithGrpcTracing.java:[37,44] [this-escape] possible 'this' escape before subclass is fully initialized
[WARNING] /home/runner/work/ratis/ratis/ratis-test/src/test/java/org/apache/ratis/grpc/TestRaftExceptionWithGrpc.java:[1] [dangling-doc-comments] documentation comment is not attached to any declaration
[WARNING] /home/runner/work/ratis/ratis/ratis-test/src/test/java/org/apache/ratis/grpc/TestRaftStateMachineExceptionWithGrpc.java:[1] [dangling-doc-comments] documentation comment is not attached to any declaration
[WARNING] /home/runner/work/ratis/ratis/ratis-test/src/test/java/org/apache/ratis/grpc/TestRaftWithGrpc.java:[50,17] [this-escape] possible 'this' escape before subclass is fully initialized
[WARNING] /home/runner/work/ratis/ratis/ratis-test/src/test/java/org/apache/ratis/grpc/TestRetryCacheWithGrpc.java:[60,17] [this-escape] possible 'this' escape before subclass is fully initialized
[WARNING] /home/runner/work/ratis/ratis/ratis-test/src/test/java/org/apache/ratis/grpc/TestRetryCacheWithGrpcTracing.java:[40,44] [this-escape] possible 'this' escape before subclass is fully initialized
[WARNING] /home/runner/work/ratis/ratis/ratis-test/src/test/java/org/apache/ratis/grpc/TestServerRestartWithGrpc.java:[1] [dangling-doc-comments] documentation comment is not attached to any declaration
[WARNING] /home/runner/work/ratis/ratis/ratis-test/src/test/java/org/apache/ratis/server/ServerRestartTests.java:[80,45] [this-escape] possible 'this' escape before subclass is fully initialized
[WARNING] /home/runner/work/ratis/ratis/ratis-test/src/test/java/org/apache/ratis/grpc/TestSnapshotManagementWithGrpc.java:[1] [dangling-doc-comments] documentation comment is not attached to any declaration
[WARNING] /home/runner/work/ratis/ratis/ratis-test/src/test/java/org/apache/ratis/grpc/TestStateMachineShutdownWithGrpc.java:[1] [dangling-doc-comments] documentation comment is not attached to any declaration
[WARNING] /home/runner/work/ratis/ratis/ratis-test/src/test/java/org/apache/ratis/shell/cli/sh/AbstractCommandIntegrationTestWithGrpc.java:[1] [dangling-doc-comments] documentation comment is not attached to any declaration
[WARNING] /home/runner/work/ratis/ratis/ratis-test/src/test/java/org/apache/ratis/grpc/cli/TestElectionCommandIntegrationWithGrpc.java:[1] [dangling-doc-comments] documentation comment is not attached to any declaration
[WARNING] /home/runner/work/ratis/ratis/ratis-test/src/test/java/org/apache/ratis/shell/cli/sh/ElectionCommandIntegrationTest.java:[49,45] [this-escape] possible 'this' escape before subclass is fully initialized
[WARNING] /home/runner/work/ratis/ratis/ratis-test/src/test/java/org/apache/ratis/grpc/cli/TestGroupCommandIntegrationWithGrpc.java:[1] [dangling-doc-comments] documentation comment is not attached to any declaration
[WARNING] /home/runner/work/ratis/ratis/ratis-test/src/test/java/org/apache/ratis/shell/cli/sh/GroupCommandIntegrationTest.java:[50,45] [this-escape] possible 'this' escape before subclass is fully initialized
[WARNING] /home/runner/work/ratis/ratis/ratis-test/src/test/java/org/apache/ratis/grpc/cli/TestPeerCommandIntegrationWithGrpc.java:[1] [dangling-doc-comments] documentation comment is not attached to any declaration
[WARNING] /home/runner/work/ratis/ratis/ratis-test/src/test/java/org/apache/ratis/shell/cli/sh/PeerCommandIntegrationTest.java:[53,45] [this-escape] possible 'this' escape before subclass is fully initialized
[WARNING] /home/runner/work/ratis/ratis/ratis-test/src/test/java/org/apache/ratis/grpc/cli/TestSnapshotCommandIntegrationWithGrpc.java:[1] [dangling-doc-comments] documentation comment is not attached to any declaration
[WARNING] /home/runner/work/ratis/ratis/ratis-test/src/test/java/org/apache/ratis/shell/cli/sh/SnapshotCommandIntegrationTest.java:[50,45] [this-escape] possible 'this' escape before subclass is fully initialized
[WARNING] /home/runner/work/ratis/ratis/ratis-test/src/test/java/org/apache/ratis/grpc/server/TestGrpcServerMetrics.java:[1] [dangling-doc-comments] documentation comment is not attached to any declaration
[WARNING] /home/runner/work/ratis/ratis/ratis-test/src/test/java/org/apache/ratis/grpc/server/TestGrpcServerMetrics.java:[112,10] [rawtypes] found raw type: Gauge
  missing type arguments for generic class Gauge<T>
  where T is a type-variable:
    T extends Object declared in interface Gauge
[WARNING] /home/runner/work/ratis/ratis/ratis-test/src/test/java/org/apache/ratis/grpc/util/TestStreamObserverWithTimeout.java:[1] [dangling-doc-comments] documentation comment is not attached to any declaration
[WARNING] /home/runner/work/ratis/ratis/ratis-test/src/test/java/org/apache/ratis/netty/TestGroupInfoWithNetty.java:[1] [dangling-doc-comments] documentation comment is not attached to any declaration
[WARNING] /home/runner/work/ratis/ratis/ratis-test/src/test/java/org/apache/ratis/netty/TestGroupManagementWithNetty.java:[1] [dangling-doc-comments] documentation comment is not attached to any declaration
[WARNING] /home/runner/work/ratis/ratis/ratis-test/src/test/java/org/apache/ratis/netty/TestLeaderElectionWithNetty.java:[1] [dangling-doc-comments] documentation comment is not attached to any declaration
[WARNING] /home/runner/work/ratis/ratis/ratis-test/src/test/java/org/apache/ratis/netty/TestRaftExceptionWithNetty.java:[1] [dangling-doc-comments] documentation comment is not attached to any declaration
[WARNING] /home/runner/work/ratis/ratis/ratis-test/src/test/java/org/apache/ratis/netty/TestRaftReconfigurationWithNetty.java:[1] [dangling-doc-comments] documentation comment is not attached to any declaration
[WARNING] /home/runner/work/ratis/ratis/ratis-test/src/test/java/org/apache/ratis/netty/TestRaftStateMachineExceptionWithNetty.java:[1] [dangling-doc-comments] documentation comment is not attached to any declaration
[WARNING] /home/runner/work/ratis/ratis/ratis-test/src/test/java/org/apache/ratis/netty/TestRaftWithNetty.java:[1] [dangling-doc-comments] documentation comment is not attached to any declaration
[WARNING] /home/runner/work/ratis/ratis/ratis-test/src/test/java/org/apache/ratis/netty/TestServerRestartWithNetty.java:[1] [dangling-doc-comments] documentation comment is not attached to any declaration
[WARNING] /home/runner/work/ratis/ratis/ratis-test/src/test/java/org/apache/ratis/netty/TestSnapshotManagementWithNetty.java:[1] [dangling-doc-comments] documentation comment is not attached to any declaration
[WARNING] /home/runner/work/ratis/ratis/ratis-test/src/test/java/org/apache/ratis/netty/TestTlsConfWithNetty.java:[199,25] [try] auto-closeable resource server is never referenced in body of corresponding try statement
[WARNING] /home/runner/work/ratis/ratis/ratis-test/src/test/java/org/apache/ratis/netty/client/TestNettyClientStreamRpcReconnectBackoff.java:[1] [dangling-doc-comments] documentation comment is not attached to any declaration
[WARNING] /home/runner/work/ratis/ratis/ratis-test/src/test/java/org/apache/ratis/netty/client/TestNettyDataStreamReconnectWithGrpcCluster.java:[45,19] [this-escape] possible 'this' escape before subclass is fully initialized
[WARNING] /home/runner/work/ratis/ratis/ratis-test/src/test/java/org/apache/ratis/protocol/TestRaftGroup.java:[1] [dangling-doc-comments] documentation comment is not attached to any declaration
[WARNING] /home/runner/work/ratis/ratis/ratis-test/src/test/java/org/apache/ratis/server/impl/TestRaftServerJmx.java:[1] [dangling-doc-comments] documentation comment is not attached to any declaration
[WARNING] /home/runner/work/ratis/ratis/ratis-test/src/test/java/org/apache/ratis/server/raftlog/TestRaftLogMetrics.java:[61,17] [this-escape] possible 'this' escape before subclass is fully initialized
[WARNING] /home/runner/work/ratis/ratis/ratis-test/src/test/java/org/apache/ratis/server/raftlog/segmented/TestLogSegment.java:[302,41] [try] auto-closeable resource ignored is never referenced in body of corresponding try statement
[WARNING] /home/runner/work/ratis/ratis/ratis-test/src/test/java/org/apache/ratis/server/simulation/TestGroupInfoWithSimulatedRpc.java:[1] [dangling-doc-comments] documentation comment is not attached to any declaration
[WARNING] /home/runner/work/ratis/ratis/ratis-test/src/test/java/org/apache/ratis/server/simulation/TestGroupManagementWithSimulatedRpc.java:[1] [dangling-doc-comments] documentation comment is not attached to any declaration
[WARNING] /home/runner/work/ratis/ratis/ratis-test/src/test/java/org/apache/ratis/server/simulation/TestLeaderElectionWithSimulatedRpc.java:[1] [dangling-doc-comments] documentation comment is not attached to any declaration
[WARNING] /home/runner/work/ratis/ratis/ratis-test/src/test/java/org/apache/ratis/server/simulation/TestRaftReconfigurationWithSimulatedRpc.java:[1] [dangling-doc-comments] documentation comment is not attached to any declaration
[WARNING] /home/runner/work/ratis/ratis/ratis-test/src/test/java/org/apache/ratis/server/simulation/TestRaftStateMachineExceptionWithSimulatedRpc.java:[1] [dangling-doc-comments] documentation comment is not attached to any declaration
[WARNING] /home/runner/work/ratis/ratis/ratis-test/src/test/java/org/apache/ratis/server/simulation/TestRaftWithSimulatedRpc.java:[1] [dangling-doc-comments] documentation comment is not attached to any declaration
[WARNING] /home/runner/work/ratis/ratis/ratis-test/src/test/java/org/apache/ratis/server/simulation/TestServerRestartWithSimulatedRpc.java:[1] [dangling-doc-comments] documentation comment is not attached to any declaration
[WARNING] /home/runner/work/ratis/ratis/ratis-test/src/test/java/org/apache/ratis/server/storage/TestRaftStorage.java:[115,21] [try] auto-closeable resource ignored is never referenced in body of corresponding try statement
[WARNING] /home/runner/work/ratis/ratis/ratis-test/src/test/java/org/apache/ratis/shell/cli/sh/TestRatisShell.java:[49,44] [rawtypes] found raw type: Class
  missing type arguments for generic class Class<T>
  where T is a type-variable:
    T extends Object declared in class Class
[WARNING] /home/runner/work/ratis/ratis/ratis-test/src/test/java/org/apache/ratis/util/TestMinMax.java:[1] [dangling-doc-comments] documentation comment is not attached to any declaration
[WARNING] /home/runner/work/ratis/ratis/ratis-test/src/test/java/org/apache/ratis/util/TestPeerProxyMap.java:[126,29] [try] auto-closeable resource ignored is never referenced in body of corresponding try statement
[WARNING] /home/runner/work/ratis/ratis/ratis-test/src/test/java/org/apache/ratis/util/TestReferenceCountedObject.java:[117,31] [try] auto-closeable resource ignore is never referenced in body of corresponding try statement
[WARNING] /home/runner/work/ratis/ratis/ratis-test/src/test/java/org/apache/ratis/util/TestReferenceCountedObject.java:[193,31] [try] auto-closeable resource ignore is never referenced in body of corresponding try statement
[INFO] 
[INFO] --- surefire:3.5.6:test (default-test) @ ratis-test ---
[INFO] Using auto detected provider org.apache.maven.surefire.junitplatform.JUnitPlatformProvider
[INFO] Using auto detected provider org.apache.maven.surefire.junitplatform.JUnitPlatformProvider
[INFO] Using auto detected provider org.apache.maven.surefire.junitplatform.JUnitPlatformProvider
[INFO] 
[INFO] -------------------------------------------------------
[INFO]  T E S T S
[INFO] -------------------------------------------------------
[INFO] Running org.apache.ratis.netty.TestRaftWithNetty
[INFO] Tests run: 1, Failures: 0, Errors: 0, Skipped: 0, Time elapsed: 4.637 s -- in org.apache.ratis.netty.TestRaftWithNetty
[INFO] Running org.apache.ratis.netty.TestRaftReconfigurationWithNetty
[INFO] Tests run: 1, Failures: 0, Errors: 0, Skipped: 0, Time elapsed: 5.510 s -- in org.apache.ratis.netty.TestRaftReconfigurationWithNetty
[INFO] Running org.apache.ratis.netty.TestRaftAsyncWithNetty
[ERROR] Tests run: 14, Failures: 1, Errors: 0, Skipped: 0, Time elapsed: 128.6 s <<< FAILURE! -- in org.apache.ratis.netty.TestRaftAsyncWithNetty
[ERROR] org.apache.ratis.netty.TestRaftAsyncWithNetty.testBasicAppendEntriesAsyncKillLeader -- Time elapsed: 61.12 s <<< FAILURE!
org.opentest4j.AssertionFailedError: 
Failed to find m6 in entries [term: 2
index: 3
stateMachineLogEntry {
  logData: "m0"
  stateMachineEntry {
    stateMachineData: "StateMachine Data"
  }
  clientId: "\000\000\000\000\000\000\000\000\000\000\000\000\000\000\000\004"
  callId: 623
}
, term: 2
index: 5
stateMachineLogEntry {
  logData: "m1"
  stateMachineEntry {
    stateMachineData: "StateMachine Data"
  }
  clientId: "\000\000\000\000\000\000\000\000\000\000\000\000\000\000\000\004"
  callId: 624
}
, term: 2
index: 7
stateMachineLogEntry {
  logData: "m2"
  stateMachineEntry {
    stateMachineData: "StateMachine Data"
  }
  clientId: "\000\000\000\000\000\000\000\000\000\000\000\000\000\000\000\004"
  callId: 625
}
, term: 2
index: 9
stateMachineLogEntry {
  logData: "m6"
  stateMachineEntry {
    stateMachineData: "StateMachine Data"
  }
  clientId: "\000\000\000\000\000\000\000\000\000\000\000\000\000\000\000\004"
  callId: 629
}
, term: 2
index: 11
stateMachineLogEntry {
  logData: "m10"
  stateMachineEntry {
    stateMachineData: "StateMachine Data"
  }
  clientId: "\000\000\000\000\000\000\000\000\000\000\000\000\000\000\000\004"
  callId: 633
}
, term: 2
index: 13
stateMachineLogEntry {
  logData: "m14"
  stateMachineEntry {
    stateMachineData: "StateMachine Data"
  }
  clientId: "\000\000\000\000\000\000\000\000\000\000\000\000\000\000\000\004"
  callId: 637
}
, term: 2
index: 15
stateMachineLogEntry {
  logData: "m3"
  stateMachineEntry {
    stateMachineData: "StateMachine Data"
  }
  clientId: "\000\000\000\000\000\000\000\000\000\000\000\000\000\000\000\004"
  callId: 626
}
, term: 2
index: 17
stateMachineLogEntry {
  logData: "m7"
  stateMachineEntry {
    stateMachineData: "StateMachine Data"
  }
  clientId: "\000\000\000\000\000\000\000\000\000\000\000\000\000\000\000\004"
  callId: 630
}
, term: 2
index: 19
stateMachineLogEntry {
  logData: "m4"
  stateMachineEntry {
    stateMachineData: "StateMachine Data"
  }
  clientId: "\000\000\000\000\000\000\000\000\000\000\000\000\000\000\000\004"
  callId: 627
}
, term: 2
index: 21
stateMachineLogEntry {
  logData: "m8"
  stateMachineEntry {
    stateMachineData: "StateMachine Data"
  }
  clientId: "\000\000\000\000\000\000\000\000\000\000\000\000\000\000\000\004"
  callId: 631
}
, term: 2
index: 23
stateMachineLogEntry {
  logData: "m12"
  stateMachineEntry {
    stateMachineData: "StateMachine Data"
  }
  clientId: "\000\000\000\000\000\000\000\000\000\000\000\000\000\000\000\004"
  callId: 635
}
, term: 2
index: 25
stateMachineLogEntry {
  logData: "m16"
  stateMachineEntry {
    stateMachineData: "StateMachine Data"
  }
  clientId: "\000\000\000\000\000\000\000\000\000\000\000\000\000\000\000\004"
  callId: 639
}
, term: 2
index: 27
stateMachineLogEntry {
  logData: "m20"
  stateMachineEntry {
    stateMachineData: "StateMachine Data"
  }
  clientId: "\000\000\000\000\000\000\000\000\000\000\000\000\000\000\000\004"
  callId: 643
}
, term: 2
index: 29
stateMachineLogEntry {
  logData: "m24"
  stateMachineEntry {
    stateMachineData: "StateMachine Data"
  }
  clientId: "\000\000\000\000\000\000\000\000\000\000\000\000\000\000\000\004"
  callId: 647
}
, term: 2
index: 31
stateMachineLogEntry {
  logData: "m9"
  stateMachineEntry {
    stateMachineData: "StateMachine Data"
  }
  clientId: "\000\000\000\000\000\000\000\000\000\000\000\000\000\000\000\004"
  callId: 632
}
, term: 2
index: 33
stateMachineLogEntry {
  logData: "m5"
  stateMachineEntry {
    stateMachineData: "StateMachine Data"
  }
  clientId: "\000\000\000\000\000\000\000\000\000\000\000\000\000\000\000\004"
  callId: 628
}
, term: 2
index: 35
stateMachineLogEntry {
  logData: "m13"
  stateMachineEntry {
    stateMachineData: "StateMachine Data"
  }
  clientId: "\000\000\000\000\000\000\000\000\000\000\000\000\000\000\000\004"
  callId: 636
}
, term: 2
index: 37
stateMachineLogEntry {
  logData: "m11"
  stateMachineEntry {
    stateMachineData: "StateMachine Data"
  }
  clientId: "\000\000\000\000\000\000\000\000\000\000\000\000\000\000\000\004"
  callId: 634
}
, term: 2
index: 39
stateMachineLogEntry {
  logData: "m18"
  stateMachineEntry {
    stateMachineData: "StateMachine Data"
  }
  clientId: "\000\000\000\000\000\000\000\000\000\000\000\000\000\000\000\004"
  callId: 641
}
, term: 2
index: 41
stateMachineLogEntry {
  logData: "m22"
  stateMachineEntry {
    stateMachineData: "StateMachine Data"
  }
  clientId: "\000\000\000\000\000\000\000\000\000\000\000\000\000\000\000\004"
  callId: 645
}
, term: 2
index: 43
stateMachineLogEntry {
  logData: "m26"
  stateMachineEntry {
    stateMachineData: "StateMachine Data"
  }
  clientId: "\000\000\000\000\000\000\000\000\000\000\000\000\000\000\000\004"
  callId: 649
}
, term: 2
index: 45
stateMachineLogEntry {
  logData: "m30"
  stateMachineEntry {
    stateMachineData: "StateMachine Data"
  }
  clientId: "\000\000\000\000\000\000\000\000\000\000\000\000\000\000\000\004"
  callId: 653
}
, term: 2
index: 47
stateMachineLogEntry {
  logData: "m17"
  stateMachineEntry {
    stateMachineData: "StateMachine Data"
  }
  clientId: "\000\000\000\000\000\000\000\000\000\000\000\000\000\000\000\004"
  callId: 640
}
, term: 2
index: 49
stateMachineLogEntry {
  logData: "m21"
  stateMachineEntry {
    stateMachineData: "StateMachine Data"
  }
  clientId: "\000\000\000\000\000\000\000\000\000\000\000\000\000\000\000\004"
  callId: 644
}
, term: 2
index: 51
stateMachineLogEntry {
  logData: "m25"
  stateMachineEntry {
    stateMachineData: "StateMachine Data"
  }
  clientId: "\000\000\000\000\000\000\000\000\000\000\000\000\000\000\000\004"
  callId: 648
}
, term: 2
index: 53
stateMachineLogEntry {
  logData: "m29"
  stateMachineEntry {
    stateMachineData: "StateMachine Data"
  }
  clientId: "\000\000\000\000\000\000\000\000\000\000\000\000\000\000\000\004"
  callId: 652
}
, term: 2
index: 55
stateMachineLogEntry {
  logData: "m33"
  stateMachineEntry {
    stateMachineData: "StateMachine Data"
  }
  clientId: "\000\000\000\000\000\000\000\000\000\000\000\000\000\000\000\004"
  callId: 656
}
, term: 2
index: 57
stateMachineLogEntry {
  logData: "m37"
  stateMachineEntry {
    stateMachineData: "StateMachine Data"
  }
  clientId: "\000\000\000\000\000\000\000\000\000\000\000\000\000\000\000\004"
  callId: 660
}
, term: 2
index: 59
stateMachineLogEntry {
  logData: "m41"
  stateMachineEntry {
    stateMachineData: "StateMachine Data"
  }
  clientId: "\000\000\000\000\000\000\000\000\000\000\000\000\000\000\000\004"
  callId: 664
}
, term: 2
index: 61
stateMachineLogEntry {
  logData: "m15"
  stateMachineEntry {
    stateMachineData: "StateMachine Data"
  }
  clientId: "\000\000\000\000\000\000\000\000\000\000\000\000\000\000\000\004"
  callId: 638
}
, term: 2
index: 63
stateMachineLogEntry {
  logData: "m19"
  stateMachineEntry {
    stateMachineData: "StateMachine Data"
  }
  clientId: "\000\000\000\000\000\000\000\000\000\000\000\000\000\000\000\004"
  callId: 642
}
, term: 2
index: 65
stateMachineLogEntry {
  logData: "m23"
  stateMachineEntry {
    stateMachineData: "StateMachine Data"
  }
  clientId: "\000\000\000\000\000\000\000\000\000\000\000\000\000\000\000\004"
  callId: 646
}
, term: 2
index: 67
stateMachineLogEntry {
  logData: "m27"
  stateMachineEntry {
    stateMachineData: "StateMachine Data"
  }
  clientId: "\000\000\000\000\000\000\000\000\000\000\000\000\000\000\000\004"
  callId: 650
}
, term: 2
index: 69
stateMachineLogEntry {
  logData: "m31"
  stateMachineEntry {
    stateMachineData: "StateMachine Data"
  }
  clientId: "\000\000\000\000\000\000\000\000\000\000\000\000\000\000\000\004"
  callId: 654
}
, term: 2
index: 71
stateMachineLogEntry {
  logData: "m35"
  stateMachineEntry {
    stateMachineData: "StateMachine Data"
  }
  clientId: "\000\000\000\000\000\000\000\000\000\000\000\000\000\000\000\004"
  callId: 658
}
, term: 2
index: 73
stateMachineLogEntry {
  logData: "m39"
  stateMachineEntry {
    stateMachineData: "StateMachine Data"
  }
  clientId: "\000\000\000\000\000\000\000\000\000\000\000\000\000\000\000\004"
  callId: 662
}
, term: 2
index: 75
stateMachineLogEntry {
  logData: "m43"
  stateMachineEntry {
    stateMachineData: "StateMachine Data"
  }
  clientId: "\000\000\000\000\000\000\000\000\000\000\000\000\000\000\000\004"
  callId: 666
}
, term: 2
index: 77
stateMachineLogEntry {
  logData: "m28"
  stateMachineEntry {
    stateMachineData: "StateMachine Data"
  }
  clientId: "\000\000\000\000\000\000\000\000\000\000\000\000\000\000\000\004"
  callId: 651
}
, term: 2
index: 79
stateMachineLogEntry {
  logData: "m32"
  stateMachineEntry {
    stateMachineData: "StateMachine Data"
  }
  clientId: "\000\000\000\000\000\000\000\000\000\000\000\000\000\000\000\004"
  callId: 655
}
, term: 2
index: 81
stateMachineLogEntry {
  logData: "m36"
  stateMachineEntry {
    stateMachineData: "StateMachine Data"
  }
  clientId: "\000\000\000\000\000\000\000\000\000\000\000\000\000\000\000\004"
  callId: 659
}
, term: 2
index: 83
stateMachineLogEntry {
  logData: "m40"
  stateMachineEntry {
    stateMachineData: "StateMachine Data"
  }
  clientId: "\000\000\000\000\000\000\000\000\000\000\000\000\000\000\000\004"
  callId: 663
}
, term: 2
index: 85
stateMachineLogEntry {
  logData: "m34"
  stateMachineEntry {
    stateMachineData: "StateMachine Data"
  }
  clientId: "\000\000\000\000\000\000\000\000\000\000\000\000\000\000\000\004"
  callId: 657
}
, term: 2
index: 87
stateMachineLogEntry {
  logData: "m38"
  stateMachineEntry {
    stateMachineData: "StateMachine Data"
  }
  clientId: "\000\000\000\000\000\000\000\000\000\000\000\000\000\000\000\004"
  callId: 661
}
, term: 2
index: 89
stateMachineLogEntry {
  logData: "m42"
  stateMachineEntry {
    stateMachineData: "StateMachine Data"
  }
  clientId: "\000\000\000\000\000\000\000\000\000\000\000\000\000\000\000\004"
  callId: 665
}
, term: 2
index: 91
stateMachineLogEntry {
  logData: "m46"
  stateMachineEntry {
    stateMachineData: "StateMachine Data"
  }
  clientId: "\000\000\000\000\000\000\000\000\000\000\000\000\000\000\000\004"
  callId: 669
}
, term: 2
index: 93
stateMachineLogEntry {
  logData: "m50"
  stateMachineEntry {
    stateMachineData: "StateMachine Data"
  }
  clientId: "\000\000\000\000\000\000\000\000\000\000\000\000\000\000\000\004"
  callId: 673
}
, term: 2
index: 95
stateMachineLogEntry {
  logData: "m54"
  stateMachineEntry {
    stateMachineData: "StateMachine Data"
  }
  clientId: "\000\000\000\000\000\000\000\000\000\000\000\000\000\000\000\004"
  callId: 677
}
, term: 2
index: 97
stateMachineLogEntry {
  logData: "m44"
  stateMachineEntry {
    stateMachineData: "StateMachine Data"
  }
  clientId: "\000\000\000\000\000\000\000\000\000\000\000\000\000\000\000\004"
  callId: 667
}
, term: 2
index: 99
stateMachineLogEntry {
  logData: "m48"
  stateMachineEntry {
    stateMachineData: "StateMachine Data"
  }
  clientId: "\000\000\000\000\000\000\000\000\000\000\000\000\000\000\000\004"
  callId: 671
}
, term: 2
index: 101
stateMachineLogEntry {
  logData: "m52"
  stateMachineEntry {
    stateMachineData: "StateMachine Data"
  }
  clientId: "\000\000\000\000\000\000\000\000\000\000\000\000\000\000\000\004"
  callId: 675
}
, term: 2
index: 103
stateMachineLogEntry {
  logData: "m47"
  stateMachineEntry {
    stateMachineData: "StateMachine Data"
  }
  clientId: "\000\000\000\000\000\000\000\000\000\000\000\000\000\000\000\004"
  callId: 670
}
, term: 2
index: 105
stateMachineLogEntry {
  logData: "m51"
  stateMachineEntry {
    stateMachineData: "StateMachine Data"
  }
  clientId: "\000\000\000\000\000\000\000\000\000\000\000\000\000\000\000\004"
  callId: 674
}
, term: 2
index: 107
stateMachineLogEntry {
  logData: "m45"
  stateMachineEntry {
    stateMachineData: "StateMachine Data"
  }
  clientId: "\000\000\000\000\000\000\000\000\000\000\000\000\000\000\000\004"
  callId: 668
}
, term: 2
index: 109
stateMachineLogEntry {
  logData: "m49"
  stateMachineEntry {
    stateMachineData: "StateMachine Data"
  }
  clientId: "\000\000\000\000\000\000\000\000\000\000\000\000\000\000\000\004"
  callId: 672
}
, term: 2
index: 111
stateMachineLogEntry {
  logData: "m53"
  stateMachineEntry {
    stateMachineData: "StateMachine Data"
  }
  clientId: "\000\000\000\000\000\000\000\000\000\000\000\000\000\000\000\004"
  callId: 676
}
, term: 2
index: 113
stateMachineLogEntry {
  logData: "m57"
  stateMachineEntry {
    stateMachineData: "StateMachine Data"
  }
  clientId: "\000\000\000\000\000\000\000\000\000\000\000\000\000\000\000\004"
  callId: 680
}
, term: 2
index: 115
stateMachineLogEntry {
  logData: "m56"
  stateMachineEntry {
    stateMachineData: "StateMachine Data"
  }
  clientId: "\000\000\000\000\000\000\000\000\000\000\000\000\000\000\000\004"
  callId: 679
}
, term: 2
index: 117
stateMachineLogEntry {
  logData: "m58"
  stateMachineEntry {
    stateMachineData: "StateMachine Data"
  }
  clientId: "\000\000\000\000\000\000\000\000\000\000\000\000\000\000\000\004"
  callId: 681
}
, term: 2
index: 119
stateMachineLogEntry {
  logData: "m62"
  stateMachineEntry {
    stateMachineData: "StateMachine Data"
  }
  clientId: "\000\000\000\000\000\000\000\000\000\000\000\000\000\000\000\004"
  callId: 685
}
, term: 2
index: 121
stateMachineLogEntry {
  logData: "m61"
  stateMachineEntry {
    stateMachineData: "StateMachine Data"
  }
  clientId: "\000\000\000\000\000\000\000\000\000\000\000\000\000\000\000\004"
  callId: 684
}
, term: 2
index: 123
stateMachineLogEntry {
  logData: "m69"
  stateMachineEntry {
    stateMachineData: "StateMachine Data"
  }
  clientId: "\000\000\000\000\000\000\000\000\000\000\000\000\000\000\000\004"
  callId: 692
}
, term: 2
index: 125
stateMachineLogEntry {
  logData: "m65"
  stateMachineEntry {
    stateMachineData: "StateMachine Data"
  }
  clientId: "\000\000\000\000\000\000\000\000\000\000\000\000\000\000\000\004"
  callId: 688
}
, term: 2
index: 127
stateMachineLogEntry {
  logData: "m60"
  stateMachineEntry {
    stateMachineData: "StateMachine Data"
  }
  clientId: "\000\000\000\000\000\000\000\000\000\000\000\000\000\000\000\004"
  callId: 683
}
, term: 2
index: 129
stateMachineLogEntry {
  logData: "m55"
  stateMachineEntry {
    stateMachineData: "StateMachine Data"
  }
  clientId: "\000\000\000\000\000\000\000\000\000\000\000\000\000\000\000\004"
  callId: 678
}
, term: 2
index: 131
stateMachineLogEntry {
  logData: "m59"
  stateMachineEntry {
    stateMachineData: "StateMachine Data"
  }
  clientId: "\000\000\000\000\000\000\000\000\000\000\000\000\000\000\000\004"
  callId: 682
}
, term: 2
index: 133
stateMachineLogEntry {
  logData: "m63"
  stateMachineEntry {
    stateMachineData: "StateMachine Data"
  }
  clientId: "\000\000\000\000\000\000\000\000\000\000\000\000\000\000\000\004"
  callId: 686
}
, term: 2
index: 135
stateMachineLogEntry {
  logData: "m67"
  stateMachineEntry {
    stateMachineData: "StateMachine Data"
  }
  clientId: "\000\000\000\000\000\000\000\000\000\000\000\000\000\000\000\004"
  callId: 690
}
, term: 2
index: 137
stateMachineLogEntry {
  logData: "m64"
  stateMachineEntry {
    stateMachineData: "StateMachine Data"
  }
  clientId: "\000\000\000\000\000\000\000\000\000\000\000\000\000\000\000\004"
  callId: 687
}
, term: 2
index: 139
stateMachineLogEntry {
  logData: "m68"
  stateMachineEntry {
    stateMachineData: "StateMachine Data"
  }
  clientId: "\000\000\000\000\000\000\000\000\000\000\000\000\000\000\000\004"
  callId: 691
}
, term: 2
index: 141
stateMachineLogEntry {
  logData: "m66"
  stateMachineEntry {
    stateMachineData: "StateMachine Data"
  }
  clientId: "\000\000\000\000\000\000\000\000\000\000\000\000\000\000\000\004"
  callId: 689
}
, term: 2
index: 143
stateMachineLogEntry {
  logData: "m70"
  stateMachineEntry {
    stateMachineData: "StateMachine Data"
  }
  clientId: "\000\000\000\000\000\000\000\000\000\000\000\000\000\000\000\004"
  callId: 693
}
, term: 2
index: 145
stateMachineLogEntry {
  logData: "m74"
  stateMachineEntry {
    stateMachineData: "StateMachine Data"
  }
  clientId: "\000\000\000\000\000\000\000\000\000\000\000\000\000\000\000\004"
  callId: 697
}
, term: 2
index: 147
stateMachineLogEntry {
  logData: "m78"
  stateMachineEntry {
    stateMachineData: "StateMachine Data"
  }
  clientId: "\000\000\000\000\000\000\000\000\000\000\000\000\000\000\000\004"
  callId: 701
}
, term: 2
index: 149
stateMachineLogEntry {
  logData: "m73"
  stateMachineEntry {
    stateMachineData: "StateMachine Data"
  }
  clientId: "\000\000\000\000\000\000\000\000\000\000\000\000\000\000\000\004"
  callId: 696
}
, term: 2
index: 151
stateMachineLogEntry {
  logData: "m77"
  stateMachineEntry {
    stateMachineData: "StateMachine Data"
  }
  clientId: "\000\000\000\000\000\000\000\000\000\000\000\000\000\000\000\004"
  callId: 700
}
, term: 2
index: 153
stateMachineLogEntry {
  logData: "m75"
  stateMachineEntry {
    stateMachineData: "StateMachine Data"
  }
  clientId: "\000\000\000\000\000\000\000\000\000\000\000\000\000\000\000\004"
  callId: 698
}
, term: 2
index: 155
stateMachineLogEntry {
  logData: "m71"
  stateMachineEntry {
    stateMachineData: "StateMachine Data"
  }
  clientId: "\000\000\000\000\000\000\000\000\000\000\000\000\000\000\000\004"
  callId: 694
}
, term: 2
index: 157
stateMachineLogEntry {
  logData: "m87"
  stateMachineEntry {
    stateMachineData: "StateMachine Data"
  }
  clientId: "\000\000\000\000\000\000\000\000\000\000\000\000\000\000\000\004"
  callId: 710
}
, term: 2
index: 159
stateMachineLogEntry {
  logData: "m79"
  stateMachineEntry {
    stateMachineData: "StateMachine Data"
  }
  clientId: "\000\000\000\000\000\000\000\000\000\000\000\000\000\000\000\004"
  callId: 702
}
, term: 2
index: 161
stateMachineLogEntry {
  logData: "m83"
  stateMachineEntry {
    stateMachineData: "StateMachine Data"
  }
  clientId: "\000\000\000\000\000\000\000\000\000\000\000\000\000\000\000\004"
  callId: 706
}
, term: 2
index: 163
stateMachineLogEntry {
  logData: "m86"
  stateMachineEntry {
    stateMachineData: "StateMachine Data"
  }
  clientId: "\000\000\000\000\000\000\000\000\000\000\000\000\000\000\000\004"
  callId: 709
}
, term: 2
index: 165
stateMachineLogEntry {
  logData: "m82"
  stateMachineEntry {
    stateMachineData: "StateMachine Data"
  }
  clientId: "\000\000\000\000\000\000\000\000\000\000\000\000\000\000\000\004"
  callId: 705
}
, term: 2
index: 167
stateMachineLogEntry {
  logData: "m85"
  stateMachineEntry {
    stateMachineData: "StateMachine Data"
  }
  clientId: "\000\000\000\000\000\000\000\000\000\000\000\000\000\000\000\004"
  callId: 708
}
, term: 2
index: 169
stateMachineLogEntry {
  logData: "m81"
  stateMachineEntry {
    stateMachineData: "StateMachine Data"
  }
  clientId: "\000\000\000\000\000\000\000\000\000\000\000\000\000\000\000\004"
  callId: 704
}
, term: 2
index: 171
stateMachineLogEntry {
  logData: "m95"
  stateMachineEntry {
    stateMachineData: "StateMachine Data"
  }
  clientId: "\000\000\000\000\000\000\000\000\000\000\000\000\000\000\000\004"
  callId: 718
}
, term: 2
index: 173
stateMachineLogEntry {
  logData: "m91"
  stateMachineEntry {
    stateMachineData: "StateMachine Data"
  }
  clientId: "\000\000\000\000\000\000\000\000\000\000\000\000\000\000\000\004"
  callId: 714
}
, term: 2
index: 175
stateMachineLogEntry {
  logData: "m90"
  stateMachineEntry {
    stateMachineData: "StateMachine Data"
  }
  clientId: "\000\000\000\000\000\000\000\000\000\000\000\000\000\000\000\004"
  callId: 713
}
, term: 2
index: 177
stateMachineLogEntry {
  logData: "m94"
  stateMachineEntry {
    stateMachineData: "StateMachine Data"
  }
  clientId: "\000\000\000\000\000\000\000\000\000\000\000\000\000\000\000\004"
  callId: 717
}
, term: 2
index: 179
stateMachineLogEntry {
  logData: "m89"
  stateMachineEntry {
    stateMachineData: "StateMachine Data"
  }
  clientId: "\000\000\000\000\000\000\000\000\000\000\000\000\000\000\000\004"
  callId: 712
}
, term: 2
index: 181
stateMachineLogEntry {
  logData: "m93"
  stateMachineEntry {
    stateMachineData: "StateMachine Data"
  }
  clientId: "\000\000\000\000\000\000\000\000\000\000\000\000\000\000\000\004"
  callId: 716
}
, term: 2
index: 183
stateMachineLogEntry {
  logData: "m97"
  stateMachineEntry {
    stateMachineData: "StateMachine Data"
  }
  clientId: "\000\000\000\000\000\000\000\000\000\000\000\000\000\000\000\004"
  callId: 720
}
, term: 2
index: 185
stateMachineLogEntry {
  logData: "m76"
  stateMachineEntry {
    stateMachineData: "StateMachine Data"
  }
  clientId: "\000\000\000\000\000\000\000\000\000\000\000\000\000\000\000\004"
  callId: 699
}
, term: 2
index: 187
stateMachineLogEntry {
  logData: "m72"
  stateMachineEntry {
    stateMachineData: "StateMachine Data"
  }
  clientId: "\000\000\000\000\000\000\000\000\000\000\000\000\000\000\000\004"
  callId: 695
}
, term: 2
index: 189
stateMachineLogEntry {
  logData: "m80"
  stateMachineEntry {
    stateMachineData: "StateMachine Data"
  }
  clientId: "\000\000\000\000\000\000\000\000\000\000\000\000\000\000\000\004"
  callId: 703
}
, term: 2
index: 191
stateMachineLogEntry {
  logData: "m84"
  stateMachineEntry {
    stateMachineData: "StateMachine Data"
  }
  clientId: "\000\000\000\000\000\000\000\000\000\000\000\000\000\000\000\004"
  callId: 707
}
, term: 2
index: 193
stateMachineLogEntry {
  logData: "m88"
  stateMachineEntry {
    stateMachineData: "StateMachine Data"
  }
  clientId: "\000\000\000\000\000\000\000\000\000\000\000\000\000\000\000\004"
  callId: 711
}
, term: 2
index: 195
stateMachineLogEntry {
  logData: "m92"
  stateMachineEntry {
    stateMachineData: "StateMachine Data"
  }
  clientId: "\000\000\000\000\000\000\000\000\000\000\000\000\000\000\000\004"
  callId: 715
}
, term: 2
index: 197
stateMachineLogEntry {
  logData: "m96"
  stateMachineEntry {
    stateMachineData: "StateMachine Data"
  }
  clientId: "\000\000\000\000\000\000\000\000\000\000\000\000\000\000\000\004"
  callId: 719
}
, term: 2
index: 199
stateMachineLogEntry {
  logData: "m99"
  stateMachineEntry {
    stateMachineData: "StateMachine Data"
  }
  clientId: "\000\000\000\000\000\000\000\000\000\000\000\000\000\000\000\004"
  callId: 741
}
, term: 2
index: 201
stateMachineLogEntry {
  logData: "m98"
  stateMachineEntry {
    stateMachineData: "StateMachine Data"
  }
  clientId: "\000\000\000\000\000\000\000\000\000\000\000\000\000\000\000\004"
  callId: 721
}
] ==> expected: <true> but was: <false>
	at org.apache.ratis.RaftBasicTests.findLogEntriesContaining(RaftBasicTests.java:135)
	at org.apache.ratis.RaftBasicTests.lambda$assertLogEntriesContaining$0(RaftBasicTests.java:146)
	at org.apache.ratis.util.JavaUtils.lambda$attempt$0(JavaUtils.java:212)
	at org.apache.ratis.util.JavaUtils.attempt(JavaUtils.java:225)
	at org.apache.ratis.util.JavaUtils.attempt(JavaUtils.java:212)
	at org.apache.ratis.RaftBasicTests.assertLogEntriesContaining(RaftBasicTests.java:144)
	at org.apache.ratis.RaftBasicTests.runTestBasicAppendEntries(RaftBasicTests.java:205)
	at org.apache.ratis.RaftAsyncTests.lambda$runTestBasicAppendEntriesAsync$0(RaftAsyncTests.java:268)
	at org.apache.ratis.server.impl.MiniRaftCluster$Factory$Get.runWithNewCluster(MiniRaftCluster.java:146)
	at org.apache.ratis.server.impl.MiniRaftCluster$Factory$Get.runWithNewCluster(MiniRaftCluster.java:124)
	at org.apache.ratis.RaftAsyncTests.runTestBasicAppendEntriesAsync(RaftAsyncTests.java:267)
	at org.apache.ratis.RaftAsyncTests.testBasicAppendEntriesAsyncKillLeader(RaftAsyncTests.java:278)
	at java.base/java.lang.reflect.Method.invoke(Method.java:565)
	at java.base/java.util.ArrayList.forEach(ArrayList.java:1604)
	at java.base/java.util.ArrayList.forEach(ArrayList.java:1604)

[INFO] Running org.apache.ratis.netty.TestRaftAsyncWithNetty
[ERROR] Tests run: 1, Failures: 1, Errors: 0, Skipped: 0, Time elapsed: 60.35 s <<< FAILURE! -- in org.apache.ratis.netty.TestRaftAsyncWithNetty
[ERROR] org.apache.ratis.netty.TestRaftAsyncWithNetty.testBasicAppendEntriesAsyncKillLeader -- Time elapsed: 60.35 s <<< FAILURE!
org.opentest4j.AssertionFailedError: 
Failed to find m7 in entries [term: 3
index: 5
stateMachineLogEntry {
  logData: "m0"
  stateMachineEntry {
    stateMachineData: "StateMachine Data"
  }
  clientId: "\000\000\000\000\000\000\000\000\000\000\000\000\000\000\000\023"
  callId: 14310
}
, term: 3
index: 7
stateMachineLogEntry {
  logData: "m99"
  stateMachineEntry {
    stateMachineData: "StateMachine Data"
  }
  clientId: "\000\000\000\000\000\000\000\000\000\000\000\000\000\000\000\023"
  callId: 14417
}
, term: 3
index: 9
stateMachineLogEntry {
  logData: "m26"
  stateMachineEntry {
    stateMachineData: "StateMachine Data"
  }
  clientId: "\000\000\000\000\000\000\000\000\000\000\000\000\000\000\000\023"
  callId: 14336
}
, term: 3
index: 11
stateMachineLogEntry {
  logData: "m30"
  stateMachineEntry {
    stateMachineData: "StateMachine Data"
  }
  clientId: "\000\000\000\000\000\000\000\000\000\000\000\000\000\000\000\023"
  callId: 14340
}
, term: 3
index: 13
stateMachineLogEntry {
  logData: "m27"
  stateMachineEntry {
    stateMachineData: "StateMachine Data"
  }
  clientId: "\000\000\000\000\000\000\000\000\000\000\000\000\000\000\000\023"
  callId: 14337
}
, term: 3
index: 15
stateMachineLogEntry {
  logData: "m28"
  stateMachineEntry {
    stateMachineData: "StateMachine Data"
  }
  clientId: "\000\000\000\000\000\000\000\000\000\000\000\000\000\000\000\023"
  callId: 14338
}
, term: 3
index: 17
stateMachineLogEntry {
  logData: "m29"
  stateMachineEntry {
    stateMachineData: "StateMachine Data"
  }
  clientId: "\000\000\000\000\000\000\000\000\000\000\000\000\000\000\000\023"
  callId: 14339
}
, term: 3
index: 19
stateMachineLogEntry {
  logData: "m37"
  stateMachineEntry {
    stateMachineData: "StateMachine Data"
  }
  clientId: "\000\000\000\000\000\000\000\000\000\000\000\000\000\000\000\023"
  callId: 14347
}
, term: 3
index: 21
stateMachineLogEntry {
  logData: "m34"
  stateMachineEntry {
    stateMachineData: "StateMachine Data"
  }
  clientId: "\000\000\000\000\000\000\000\000\000\000\000\000\000\000\000\023"
  callId: 14344
}
, term: 3
index: 23
stateMachineLogEntry {
  logData: "m31"
  stateMachineEntry {
    stateMachineData: "StateMachine Data"
  }
  clientId: "\000\000\000\000\000\000\000\000\000\000\000\000\000\000\000\023"
  callId: 14341
}
, term: 3
index: 25
stateMachineLogEntry {
  logData: "m35"
  stateMachineEntry {
    stateMachineData: "StateMachine Data"
  }
  clientId: "\000\000\000\000\000\000\000\000\000\000\000\000\000\000\000\023"
  callId: 14345
}
, term: 3
index: 27
stateMachineLogEntry {
  logData: "m36"
  stateMachineEntry {
    stateMachineData: "StateMachine Data"
  }
  clientId: "\000\000\000\000\000\000\000\000\000\000\000\000\000\000\000\023"
  callId: 14346
}
, term: 3
index: 29
stateMachineLogEntry {
  logData: "m32"
  stateMachineEntry {
    stateMachineData: "StateMachine Data"
  }
  clientId: "\000\000\000\000\000\000\000\000\000\000\000\000\000\000\000\023"
  callId: 14342
}
, term: 3
index: 31
stateMachineLogEntry {
  logData: "m33"
  stateMachineEntry {
    stateMachineData: "StateMachine Data"
  }
  clientId: "\000\000\000\000\000\000\000\000\000\000\000\000\000\000\000\023"
  callId: 14343
}
, term: 3
index: 33
stateMachineLogEntry {
  logData: "m38"
  stateMachineEntry {
    stateMachineData: "StateMachine Data"
  }
  clientId: "\000\000\000\000\000\000\000\000\000\000\000\000\000\000\000\023"
  callId: 14348
}
, term: 3
index: 35
stateMachineLogEntry {
  logData: "m42"
  stateMachineEntry {
    stateMachineData: "StateMachine Data"
  }
  clientId: "\000\000\000\000\000\000\000\000\000\000\000\000\000\000\000\023"
  callId: 14352
}
, term: 3
index: 37
stateMachineLogEntry {
  logData: "m46"
  stateMachineEntry {
    stateMachineData: "StateMachine Data"
  }
  clientId: "\000\000\000\000\000\000\000\000\000\000\000\000\000\000\000\023"
  callId: 14356
}
, term: 3
index: 39
stateMachineLogEntry {
  logData: "m50"
  stateMachineEntry {
    stateMachineData: "StateMachine Data"
  }
  clientId: "\000\000\000\000\000\000\000\000\000\000\000\000\000\000\000\023"
  callId: 14360
}
, term: 3
index: 41
stateMachineLogEntry {
  logData: "m54"
  stateMachineEntry {
    stateMachineData: "StateMachine Data"
  }
  clientId: "\000\000\000\000\000\000\000\000\000\000\000\000\000\000\000\023"
  callId: 14364
}
, term: 3
index: 43
stateMachineLogEntry {
  logData: "m39"
  stateMachineEntry {
    stateMachineData: "StateMachine Data"
  }
  clientId: "\000\000\000\000\000\000\000\000\000\000\000\000\000\000\000\023"
  callId: 14349
}
, term: 3
index: 45
stateMachineLogEntry {
  logData: "m43"
  stateMachineEntry {
    stateMachineData: "StateMachine Data"
  }
  clientId: "\000\000\000\000\000\000\000\000\000\000\000\000\000\000\000\023"
  callId: 14353
}
, term: 3
index: 47
stateMachineLogEntry {
  logData: "m47"
  stateMachineEntry {
    stateMachineData: "StateMachine Data"
  }
  clientId: "\000\000\000\000\000\000\000\000\000\000\000\000\000\000\000\023"
  callId: 14357
}
, term: 3
index: 49
stateMachineLogEntry {
  logData: "m51"
  stateMachineEntry {
    stateMachineData: "StateMachine Data"
  }
  clientId: "\000\000\000\000\000\000\000\000\000\000\000\000\000\000\000\023"
  callId: 14361
}
, term: 3
index: 51
stateMachineLogEntry {
  logData: "m55"
  stateMachineEntry {
    stateMachineData: "StateMachine Data"
  }
  clientId: "\000\000\000\000\000\000\000\000\000\000\000\000\000\000\000\023"
  callId: 14365
}
, term: 3
index: 53
stateMachineLogEntry {
  logData: "m59"
  stateMachineEntry {
    stateMachineData: "StateMachine Data"
  }
  clientId: "\000\000\000\000\000\000\000\000\000\000\000\000\000\000\000\023"
  callId: 14369
}
, term: 3
index: 55
stateMachineLogEntry {
  logData: "m63"
  stateMachineEntry {
    stateMachineData: "StateMachine Data"
  }
  clientId: "\000\000\000\000\000\000\000\000\000\000\000\000\000\000\000\023"
  callId: 14373
}
, term: 3
index: 57
stateMachineLogEntry {
  logData: "m41"
  stateMachineEntry {
    stateMachineData: "StateMachine Data"
  }
  clientId: "\000\000\000\000\000\000\000\000\000\000\000\000\000\000\000\023"
  callId: 14351
}
, term: 3
index: 59
stateMachineLogEntry {
  logData: "m45"
  stateMachineEntry {
    stateMachineData: "StateMachine Data"
  }
  clientId: "\000\000\000\000\000\000\000\000\000\000\000\000\000\000\000\023"
  callId: 14355
}
, term: 3
index: 61
stateMachineLogEntry {
  logData: "m49"
  stateMachineEntry {
    stateMachineData: "StateMachine Data"
  }
  clientId: "\000\000\000\000\000\000\000\000\000\000\000\000\000\000\000\023"
  callId: 14359
}
, term: 3
index: 63
stateMachineLogEntry {
  logData: "m53"
  stateMachineEntry {
    stateMachineData: "StateMachine Data"
  }
  clientId: "\000\000\000\000\000\000\000\000\000\000\000\000\000\000\000\023"
  callId: 14363
}
, term: 3
index: 65
stateMachineLogEntry {
  logData: "m57"
  stateMachineEntry {
    stateMachineData: "StateMachine Data"
  }
  clientId: "\000\000\000\000\000\000\000\000\000\000\000\000\000\000\000\023"
  callId: 14367
}
, term: 3
index: 67
stateMachineLogEntry {
  logData: "m61"
  stateMachineEntry {
    stateMachineData: "StateMachine Data"
  }
  clientId: "\000\000\000\000\000\000\000\000\000\000\000\000\000\000\000\023"
  callId: 14371
}
, term: 3
index: 69
stateMachineLogEntry {
  logData: "m40"
  stateMachineEntry {
    stateMachineData: "StateMachine Data"
  }
  clientId: "\000\000\000\000\000\000\000\000\000\000\000\000\000\000\000\023"
  callId: 14350
}
, term: 3
index: 71
stateMachineLogEntry {
  logData: "m44"
  stateMachineEntry {
    stateMachineData: "StateMachine Data"
  }
  clientId: "\000\000\000\000\000\000\000\000\000\000\000\000\000\000\000\023"
  callId: 14354
}
, term: 3
index: 73
stateMachineLogEntry {
  logData: "m48"
  stateMachineEntry {
    stateMachineData: "StateMachine Data"
  }
  clientId: "\000\000\000\000\000\000\000\000\000\000\000\000\000\000\000\023"
  callId: 14358
}
, term: 3
index: 75
stateMachineLogEntry {
  logData: "m52"
  stateMachineEntry {
    stateMachineData: "StateMachine Data"
  }
  clientId: "\000\000\000\000\000\000\000\000\000\000\000\000\000\000\000\023"
  callId: 14362
}
, term: 3
index: 77
stateMachineLogEntry {
  logData: "m56"
  stateMachineEntry {
    stateMachineData: "StateMachine Data"
  }
  clientId: "\000\000\000\000\000\000\000\000\000\000\000\000\000\000\000\023"
  callId: 14366
}
, term: 3
index: 79
stateMachineLogEntry {
  logData: "m60"
  stateMachineEntry {
    stateMachineData: "StateMachine Data"
  }
  clientId: "\000\000\000\000\000\000\000\000\000\000\000\000\000\000\000\023"
  callId: 14370
}
, term: 3
index: 81
stateMachineLogEntry {
  logData: "m58"
  stateMachineEntry {
    stateMachineData: "StateMachine Data"
  }
  clientId: "\000\000\000\000\000\000\000\000\000\000\000\000\000\000\000\023"
  callId: 14368
}
, term: 3
index: 83
stateMachineLogEntry {
  logData: "m62"
  stateMachineEntry {
    stateMachineData: "StateMachine Data"
  }
  clientId: "\000\000\000\000\000\000\000\000\000\000\000\000\000\000\000\023"
  callId: 14372
}
, term: 3
index: 85
stateMachineLogEntry {
  logData: "m66"
  stateMachineEntry {
    stateMachineData: "StateMachine Data"
  }
  clientId: "\000\000\000\000\000\000\000\000\000\000\000\000\000\000\000\023"
  callId: 14376
}
, term: 3
index: 87
stateMachineLogEntry {
  logData: "m82"
  stateMachineEntry {
    stateMachineData: "StateMachine Data"
  }
  clientId: "\000\000\000\000\000\000\000\000\000\000\000\000\000\000\000\023"
  callId: 14392
}
, term: 3
index: 89
stateMachineLogEntry {
  logData: "m70"
  stateMachineEntry {
    stateMachineData: "StateMachine Data"
  }
  clientId: "\000\000\000\000\000\000\000\000\000\000\000\000\000\000\000\023"
  callId: 14380
}
, term: 3
index: 91
stateMachineLogEntry {
  logData: "m74"
  stateMachineEntry {
    stateMachineData: "StateMachine Data"
  }
  clientId: "\000\000\000\000\000\000\000\000\000\000\000\000\000\000\000\023"
  callId: 14384
}
, term: 3
index: 93
stateMachineLogEntry {
  logData: "m78"
  stateMachineEntry {
    stateMachineData: "StateMachine Data"
  }
  clientId: "\000\000\000\000\000\000\000\000\000\000\000\000\000\000\000\023"
  callId: 14388
}
, term: 3
index: 95
stateMachineLogEntry {
  logData: "m67"
  stateMachineEntry {
    stateMachineData: "StateMachine Data"
  }
  clientId: "\000\000\000\000\000\000\000\000\000\000\000\000\000\000\000\023"
  callId: 14377
}
, term: 3
index: 97
stateMachineLogEntry {
  logData: "m71"
  stateMachineEntry {
    stateMachineData: "StateMachine Data"
  }
  clientId: "\000\000\000\000\000\000\000\000\000\000\000\000\000\000\000\023"
  callId: 14381
}
, term: 3
index: 99
stateMachineLogEntry {
  logData: "m75"
  stateMachineEntry {
    stateMachineData: "StateMachine Data"
  }
  clientId: "\000\000\000\000\000\000\000\000\000\000\000\000\000\000\000\023"
  callId: 14385
}
, term: 3
index: 101
stateMachineLogEntry {
  logData: "m79"
  stateMachineEntry {
    stateMachineData: "StateMachine Data"
  }
  clientId: "\000\000\000\000\000\000\000\000\000\000\000\000\000\000\000\023"
  callId: 14389
}
, term: 3
index: 103
stateMachineLogEntry {
  logData: "m64"
  stateMachineEntry {
    stateMachineData: "StateMachine Data"
  }
  clientId: "\000\000\000\000\000\000\000\000\000\000\000\000\000\000\000\023"
  callId: 14374
}
, term: 3
index: 105
stateMachineLogEntry {
  logData: "m68"
  stateMachineEntry {
    stateMachineData: "StateMachine Data"
  }
  clientId: "\000\000\000\000\000\000\000\000\000\000\000\000\000\000\000\023"
  callId: 14378
}
, term: 3
index: 107
stateMachineLogEntry {
  logData: "m72"
  stateMachineEntry {
    stateMachineData: "StateMachine Data"
  }
  clientId: "\000\000\000\000\000\000\000\000\000\000\000\000\000\000\000\023"
  callId: 14382
}
, term: 3
index: 109
stateMachineLogEntry {
  logData: "m76"
  stateMachineEntry {
    stateMachineData: "StateMachine Data"
  }
  clientId: "\000\000\000\000\000\000\000\000\000\000\000\000\000\000\000\023"
  callId: 14386
}
, term: 3
index: 111
stateMachineLogEntry {
  logData: "m80"
  stateMachineEntry {
    stateMachineData: "StateMachine Data"
  }
  clientId: "\000\000\000\000\000\000\000\000\000\000\000\000\000\000\000\023"
  callId: 14390
}
, term: 3
index: 113
stateMachineLogEntry {
  logData: "m65"
  stateMachineEntry {
    stateMachineData: "StateMachine Data"
  }
  clientId: "\000\000\000\000\000\000\000\000\000\000\000\000\000\000\000\023"
  callId: 14375
}
, term: 3
index: 115
stateMachineLogEntry {
  logData: "m69"
  stateMachineEntry {
    stateMachineData: "StateMachine Data"
  }
  clientId: "\000\000\000\000\000\000\000\000\000\000\000\000\000\000\000\023"
  callId: 14379
}
, term: 3
index: 117
stateMachineLogEntry {
  logData: "m73"
  stateMachineEntry {
    stateMachineData: "StateMachine Data"
  }
  clientId: "\000\000\000\000\000\000\000\000\000\000\000\000\000\000\000\023"
  callId: 14383
}
, term: 3
index: 119
stateMachineLogEntry {
  logData: "m77"
  stateMachineEntry {
    stateMachineData: "StateMachine Data"
  }
  clientId: "\000\000\000\000\000\000\000\000\000\000\000\000\000\000\000\023"
  callId: 14387
}
, term: 3
index: 121
stateMachineLogEntry {
  logData: "m81"
  stateMachineEntry {
    stateMachineData: "StateMachine Data"
  }
  clientId: "\000\000\000\000\000\000\000\000\000\000\000\000\000\000\000\023"
  callId: 14391
}
, term: 3
index: 123
stateMachineLogEntry {
  logData: "m98"
  stateMachineEntry {
    stateMachineData: "StateMachine Data"
  }
  clientId: "\000\000\000\000\000\000\000\000\000\000\000\000\000\000\000\023"
  callId: 14408
}
, term: 3
index: 125
stateMachineLogEntry {
  logData: "m86"
  stateMachineEntry {
    stateMachineData: "StateMachine Data"
  }
  clientId: "\000\000\000\000\000\000\000\000\000\000\000\000\000\000\000\023"
  callId: 14396
}
, term: 3
index: 127
stateMachineLogEntry {
  logData: "m90"
  stateMachineEntry {
    stateMachineData: "StateMachine Data"
  }
  clientId: "\000\000\000\000\000\000\000\000\000\000\000\000\000\000\000\023"
  callId: 14400
}
, term: 3
index: 129
stateMachineLogEntry {
  logData: "m94"
  stateMachineEntry {
    stateMachineData: "StateMachine Data"
  }
  clientId: "\000\000\000\000\000\000\000\000\000\000\000\000\000\000\000\023"
  callId: 14404
}
, term: 3
index: 131
stateMachineLogEntry {
  logData: "m1"
  stateMachineEntry {
    stateMachineData: "StateMachine Data"
  }
  clientId: "\000\000\000\000\000\000\000\000\000\000\000\000\000\000\000\023"
  callId: 14311
}
, term: 3
index: 133
stateMachineLogEntry {
  logData: "m83"
  stateMachineEntry {
    stateMachineData: "StateMachine Data"
  }
  clientId: "\000\000\000\000\000\000\000\000\000\000\000\000\000\000\000\023"
  callId: 14393
}
, term: 3
index: 135
stateMachineLogEntry {
  logData: "m87"
  stateMachineEntry {
    stateMachineData: "StateMachine Data"
  }
  clientId: "\000\000\000\000\000\000\000\000\000\000\000\000\000\000\000\023"
  callId: 14397
}
, term: 3
index: 137
stateMachineLogEntry {
  logData: "m91"
  stateMachineEntry {
    stateMachineData: "StateMachine Data"
  }
  clientId: "\000\000\000\000\000\000\000\000\000\000\000\000\000\000\000\023"
  callId: 14401
}
, term: 3
index: 139
stateMachineLogEntry {
  logData: "m95"
  stateMachineEntry {
    stateMachineData: "StateMachine Data"
  }
  clientId: "\000\000\000\000\000\000\000\000\000\000\000\000\000\000\000\023"
  callId: 14405
}
, term: 3
index: 141
stateMachineLogEntry {
  logData: "m96"
  stateMachineEntry {
    stateMachineData: "StateMachine Data"
  }
  clientId: "\000\000\000\000\000\000\000\000\000\000\000\000\000\000\000\023"
  callId: 14406
}
, term: 3
index: 143
stateMachineLogEntry {
  logData: "m2"
  stateMachineEntry {
    stateMachineData: "StateMachine Data"
  }
  clientId: "\000\000\000\000\000\000\000\000\000\000\000\000\000\000\000\023"
  callId: 14312
}
, term: 3
index: 145
stateMachineLogEntry {
  logData: "m84"
  stateMachineEntry {
    stateMachineData: "StateMachine Data"
  }
  clientId: "\000\000\000\000\000\000\000\000\000\000\000\000\000\000\000\023"
  callId: 14394
}
, term: 3
index: 147
stateMachineLogEntry {
  logData: "m88"
  stateMachineEntry {
    stateMachineData: "StateMachine Data"
  }
  clientId: "\000\000\000\000\000\000\000\000\000\000\000\000\000\000\000\023"
  callId: 14398
}
, term: 3
index: 149
stateMachineLogEntry {
  logData: "m92"
  stateMachineEntry {
    stateMachineData: "StateMachine Data"
  }
  clientId: "\000\000\000\000\000\000\000\000\000\000\000\000\000\000\000\023"
  callId: 14402
}
, term: 3
index: 151
stateMachineLogEntry {
  logData: "m3"
  stateMachineEntry {
    stateMachineData: "StateMachine Data"
  }
  clientId: "\000\000\000\000\000\000\000\000\000\000\000\000\000\000\000\023"
  callId: 14313
}
, term: 3
index: 153
stateMachineLogEntry {
  logData: "m97"
  stateMachineEntry {
    stateMachineData: "StateMachine Data"
  }
  clientId: "\000\000\000\000\000\000\000\000\000\000\000\000\000\000\000\023"
  callId: 14407
}
, term: 3
index: 155
stateMachineLogEntry {
  logData: "m85"
  stateMachineEntry {
    stateMachineData: "StateMachine Data"
  }
  clientId: "\000\000\000\000\000\000\000\000\000\000\000\000\000\000\000\023"
  callId: 14395
}
, term: 3
index: 157
stateMachineLogEntry {
  logData: "m89"
  stateMachineEntry {
    stateMachineData: "StateMachine Data"
  }
  clientId: "\000\000\000\000\000\000\000\000\000\000\000\000\000\000\000\023"
  callId: 14399
}
, term: 3
index: 159
stateMachineLogEntry {
  logData: "m93"
  stateMachineEntry {
    stateMachineData: "StateMachine Data"
  }
  clientId: "\000\000\000\000\000\000\000\000\000\000\000\000\000\000\000\023"
  callId: 14403
}
, term: 3
index: 161
stateMachineLogEntry {
  logData: "m16"
  stateMachineEntry {
    stateMachineData: "StateMachine Data"
  }
  clientId: "\000\000\000\000\000\000\000\000\000\000\000\000\000\000\000\023"
  callId: 14326
}
, term: 3
index: 163
stateMachineLogEntry {
  logData: "m4"
  stateMachineEntry {
    stateMachineData: "StateMachine Data"
  }
  clientId: "\000\000\000\000\000\000\000\000\000\000\000\000\000\000\000\023"
  callId: 14314
}
, term: 3
index: 165
stateMachineLogEntry {
  logData: "m8"
  stateMachineEntry {
    stateMachineData: "StateMachine Data"
  }
  clientId: "\000\000\000\000\000\000\000\000\000\000\000\000\000\000\000\023"
  callId: 14318
}
, term: 3
index: 167
stateMachineLogEntry {
  logData: "m12"
  stateMachineEntry {
    stateMachineData: "StateMachine Data"
  }
  clientId: "\000\000\000\000\000\000\000\000\000\000\000\000\000\000\000\023"
  callId: 14322
}
, term: 3
index: 169
stateMachineLogEntry {
  logData: "m20"
  stateMachineEntry {
    stateMachineData: "StateMachine Data"
  }
  clientId: "\000\000\000\000\000\000\000\000\000\000\000\000\000\000\000\023"
  callId: 14330
}
, term: 3
index: 171
stateMachineLogEntry {
  logData: "m17"
  stateMachineEntry {
    stateMachineData: "StateMachine Data"
  }
  clientId: "\000\000\000\000\000\000\000\000\000\000\000\000\000\000\000\023"
  callId: 14327
}
, term: 3
index: 173
stateMachineLogEntry {
  logData: "m5"
  stateMachineEntry {
    stateMachineData: "StateMachine Data"
  }
  clientId: "\000\000\000\000\000\000\000\000\000\000\000\000\000\000\000\023"
  callId: 14315
}
, term: 3
index: 175
stateMachineLogEntry {
  logData: "m9"
  stateMachineEntry {
    stateMachineData: "StateMachine Data"
  }
  clientId: "\000\000\000\000\000\000\000\000\000\000\000\000\000\000\000\023"
  callId: 14319
}
, term: 3
index: 177
stateMachineLogEntry {
  logData: "m13"
  stateMachineEntry {
    stateMachineData: "StateMachine Data"
  }
  clientId: "\000\000\000\000\000\000\000\000\000\000\000\000\000\000\000\023"
  callId: 14323
}
, term: 3
index: 179
stateMachineLogEntry {
  logData: "m21"
  stateMachineEntry {
    stateMachineData: "StateMachine Data"
  }
  clientId: "\000\000\000\000\000\000\000\000\000\000\000\000\000\000\000\023"
  callId: 14331
}
, term: 3
index: 181
stateMachineLogEntry {
  logData: "m23"
  stateMachineEntry {
    stateMachineData: "StateMachine Data"
  }
  clientId: "\000\000\000\000\000\000\000\000\000\000\000\000\000\000\000\023"
  callId: 14333
}
, term: 3
index: 183
stateMachineLogEntry {
  logData: "m19"
  stateMachineEntry {
    stateMachineData: "StateMachine Data"
  }
  clientId: "\000\000\000\000\000\000\000\000\000\000\000\000\000\000\000\023"
  callId: 14329
}
, term: 3
index: 185
stateMachineLogEntry {
  logData: "m7"
  stateMachineEntry {
    stateMachineData: "StateMachine Data"
  }
  clientId: "\000\000\000\000\000\000\000\000\000\000\000\000\000\000\000\023"
  callId: 14317
}
, term: 3
index: 187
stateMachineLogEntry {
  logData: "m11"
  stateMachineEntry {
    stateMachineData: "StateMachine Data"
  }
  clientId: "\000\000\000\000\000\000\000\000\000\000\000\000\000\000\000\023"
  callId: 14321
}
, term: 3
index: 189
stateMachineLogEntry {
  logData: "m15"
  stateMachineEntry {
    stateMachineData: "StateMachine Data"
  }
  clientId: "\000\000\000\000\000\000\000\000\000\000\000\000\000\000\000\023"
  callId: 14325
}
, term: 3
index: 191
stateMachineLogEntry {
  logData: "m6"
  stateMachineEntry {
    stateMachineData: "StateMachine Data"
  }
  clientId: "\000\000\000\000\000\000\000\000\000\000\000\000\000\000\000\023"
  callId: 14316
}
, term: 3
index: 193
stateMachineLogEntry {
  logData: "m10"
  stateMachineEntry {
    stateMachineData: "StateMachine Data"
  }
  clientId: "\000\000\000\000\000\000\000\000\000\000\000\000\000\000\000\023"
  callId: 14320
}
, term: 3
index: 195
stateMachineLogEntry {
  logData: "m22"
  stateMachineEntry {
    stateMachineData: "StateMachine Data"
  }
  clientId: "\000\000\000\000\000\000\000\000\000\000\000\000\000\000\000\023"
  callId: 14332
}
, term: 3
index: 197
stateMachineLogEntry {
  logData: "m18"
  stateMachineEntry {
    stateMachineData: "StateMachine Data"
  }
  clientId: "\000\000\000\000\000\000\000\000\000\000\000\000\000\000\000\023"
  callId: 14328
}
, term: 3
index: 199
stateMachineLogEntry {
  logData: "m14"
  stateMachineEntry {
    stateMachineData: "StateMachine Data"
  }
  clientId: "\000\000\000\000\000\000\000\000\000\000\000\000\000\000\000\023"
  callId: 14324
}
, term: 3
index: 201
stateMachineLogEntry {
  logData: "m24"
  stateMachineEntry {
    stateMachineData: "StateMachine Data"
  }
  clientId: "\000\000\000\000\000\000\000\000\000\000\000\000\000\000\000\023"
  callId: 14334
}
, term: 3
index: 203
stateMachineLogEntry {
  logData: "m25"
  stateMachineEntry {
    stateMachineData: "StateMachine Data"
  }
  clientId: "\000\000\000\000\000\000\000\000\000\000\000\000\000\000\000\023"
  callId: 14335
}
] ==> expected: <true> but was: <false>
	at org.apache.ratis.RaftBasicTests.findLogEntriesContaining(RaftBasicTests.java:135)
	at org.apache.ratis.RaftBasicTests.lambda$assertLogEntriesContaining$0(RaftBasicTests.java:146)
	at org.apache.ratis.util.JavaUtils.lambda$attempt$0(JavaUtils.java:212)
	at org.apache.ratis.util.JavaUtils.attempt(JavaUtils.java:225)
	at org.apache.ratis.util.JavaUtils.attempt(JavaUtils.java:212)
	at org.apache.ratis.RaftBasicTests.assertLogEntriesContaining(RaftBasicTests.java:144)
	at org.apache.ratis.RaftBasicTests.runTestBasicAppendEntries(RaftBasicTests.java:205)
	at org.apache.ratis.RaftAsyncTests.lambda$runTestBasicAppendEntriesAsync$0(RaftAsyncTests.java:268)
	at org.apache.ratis.server.impl.MiniRaftCluster$Factory$Get.runWithNewCluster(MiniRaftCluster.java:146)
	at org.apache.ratis.server.impl.MiniRaftCluster$Factory$Get.runWithNewCluster(MiniRaftCluster.java:124)
	at org.apache.ratis.RaftAsyncTests.runTestBasicAppendEntriesAsync(RaftAsyncTests.java:267)
	at org.apache.ratis.RaftAsyncTests.testBasicAppendEntriesAsyncKillLeader(RaftAsyncTests.java:278)
	at java.base/java.lang.reflect.Method.invoke(Method.java:565)
	at java.base/java.util.ArrayList.forEach(ArrayList.java:1604)
	at java.base/java.util.ArrayList.forEach(ArrayList.java:1604)

[INFO] Running org.apache.ratis.netty.TestRaftAsyncWithNetty
[ERROR] Tests run: 1, Failures: 1, Errors: 0, Skipped: 0, Time elapsed: 60.53 s <<< FAILURE! -- in org.apache.ratis.netty.TestRaftAsyncWithNetty
[ERROR] org.apache.ratis.netty.TestRaftAsyncWithNetty.testBasicAppendEntriesAsyncKillLeader -- Time elapsed: 60.53 s <<< FAILURE!
org.opentest4j.AssertionFailedError: 
Failed to find m5 in entries [term: 5
index: 8
stateMachineLogEntry {
  logData: "m0"
  stateMachineEntry {
    stateMachineData: "StateMachine Data"
  }
  clientId: "\000\000\000\000\000\000\000\000\000\000\000\000\000\000\000\024"
  callId: 20866
}
, term: 5
index: 10
stateMachineLogEntry {
  logData: "m99"
  stateMachineEntry {
    stateMachineData: "StateMachine Data"
  }
  clientId: "\000\000\000\000\000\000\000\000\000\000\000\000\000\000\000\024"
  callId: 20979
}
, term: 5
index: 12
stateMachineLogEntry {
  logData: "m1"
  stateMachineEntry {
    stateMachineData: "StateMachine Data"
  }
  clientId: "\000\000\000\000\000\000\000\000\000\000\000\000\000\000\000\024"
  callId: 20867
}
, term: 5
index: 14
stateMachineLogEntry {
  logData: "m5"
  stateMachineEntry {
    stateMachineData: "StateMachine Data"
  }
  clientId: "\000\000\000\000\000\000\000\000\000\000\000\000\000\000\000\024"
  callId: 20871
}
, term: 5
index: 16
stateMachineLogEntry {
  logData: "m2"
  stateMachineEntry {
    stateMachineData: "StateMachine Data"
  }
  clientId: "\000\000\000\000\000\000\000\000\000\000\000\000\000\000\000\024"
  callId: 20868
}
, term: 5
index: 18
stateMachineLogEntry {
  logData: "m9"
  stateMachineEntry {
    stateMachineData: "StateMachine Data"
  }
  clientId: "\000\000\000\000\000\000\000\000\000\000\000\000\000\000\000\024"
  callId: 20875
}
, term: 5
index: 20
stateMachineLogEntry {
  logData: "m6"
  stateMachineEntry {
    stateMachineData: "StateMachine Data"
  }
  clientId: "\000\000\000\000\000\000\000\000\000\000\000\000\000\000\000\024"
  callId: 20872
}
, term: 5
index: 22
stateMachineLogEntry {
  logData: "m10"
  stateMachineEntry {
    stateMachineData: "StateMachine Data"
  }
  clientId: "\000\000\000\000\000\000\000\000\000\000\000\000\000\000\000\024"
  callId: 20876
}
, term: 5
index: 24
stateMachineLogEntry {
  logData: "m3"
  stateMachineEntry {
    stateMachineData: "StateMachine Data"
  }
  clientId: "\000\000\000\000\000\000\000\000\000\000\000\000\000\000\000\024"
  callId: 20869
}
, term: 5
index: 26
stateMachineLogEntry {
  logData: "m7"
  stateMachineEntry {
    stateMachineData: "StateMachine Data"
  }
  clientId: "\000\000\000\000\000\000\000\000\000\000\000\000\000\000\000\024"
  callId: 20873
}
, term: 5
index: 28
stateMachineLogEntry {
  logData: "m4"
  stateMachineEntry {
    stateMachineData: "StateMachine Data"
  }
  clientId: "\000\000\000\000\000\000\000\000\000\000\000\000\000\000\000\024"
  callId: 20870
}
, term: 5
index: 30
stateMachineLogEntry {
  logData: "m8"
  stateMachineEntry {
    stateMachineData: "StateMachine Data"
  }
  clientId: "\000\000\000\000\000\000\000\000\000\000\000\000\000\000\000\024"
  callId: 20874
}
, term: 5
index: 32
stateMachineLogEntry {
  logData: "m13"
  stateMachineEntry {
    stateMachineData: "StateMachine Data"
  }
  clientId: "\000\000\000\000\000\000\000\000\000\000\000\000\000\000\000\024"
  callId: 20879
}
, term: 5
index: 34
stateMachineLogEntry {
  logData: "m17"
  stateMachineEntry {
    stateMachineData: "StateMachine Data"
  }
  clientId: "\000\000\000\000\000\000\000\000\000\000\000\000\000\000\000\024"
  callId: 20883
}
, term: 5
index: 36
stateMachineLogEntry {
  logData: "m21"
  stateMachineEntry {
    stateMachineData: "StateMachine Data"
  }
  clientId: "\000\000\000\000\000\000\000\000\000\000\000\000\000\000\000\024"
  callId: 20887
}
, term: 5
index: 38
stateMachineLogEntry {
  logData: "m25"
  stateMachineEntry {
    stateMachineData: "StateMachine Data"
  }
  clientId: "\000\000\000\000\000\000\000\000\000\000\000\000\000\000\000\024"
  callId: 20891
}
, term: 5
index: 40
stateMachineLogEntry {
  logData: "m14"
  stateMachineEntry {
    stateMachineData: "StateMachine Data"
  }
  clientId: "\000\000\000\000\000\000\000\000\000\000\000\000\000\000\000\024"
  callId: 20880
}
, term: 5
index: 42
stateMachineLogEntry {
  logData: "m18"
  stateMachineEntry {
    stateMachineData: "StateMachine Data"
  }
  clientId: "\000\000\000\000\000\000\000\000\000\000\000\000\000\000\000\024"
  callId: 20884
}
, term: 5
index: 44
stateMachineLogEntry {
  logData: "m22"
  stateMachineEntry {
    stateMachineData: "StateMachine Data"
  }
  clientId: "\000\000\000\000\000\000\000\000\000\000\000\000\000\000\000\024"
  callId: 20888
}
, term: 5
index: 46
stateMachineLogEntry {
  logData: "m26"
  stateMachineEntry {
    stateMachineData: "StateMachine Data"
  }
  clientId: "\000\000\000\000\000\000\000\000\000\000\000\000\000\000\000\024"
  callId: 20892
}
, term: 5
index: 48
stateMachineLogEntry {
  logData: "m11"
  stateMachineEntry {
    stateMachineData: "StateMachine Data"
  }
  clientId: "\000\000\000\000\000\000\000\000\000\000\000\000\000\000\000\024"
  callId: 20877
}
, term: 5
index: 50
stateMachineLogEntry {
  logData: "m15"
  stateMachineEntry {
    stateMachineData: "StateMachine Data"
  }
  clientId: "\000\000\000\000\000\000\000\000\000\000\000\000\000\000\000\024"
  callId: 20881
}
, term: 5
index: 52
stateMachineLogEntry {
  logData: "m19"
  stateMachineEntry {
    stateMachineData: "StateMachine Data"
  }
  clientId: "\000\000\000\000\000\000\000\000\000\000\000\000\000\000\000\024"
  callId: 20885
}
, term: 5
index: 54
stateMachineLogEntry {
  logData: "m23"
  stateMachineEntry {
    stateMachineData: "StateMachine Data"
  }
  clientId: "\000\000\000\000\000\000\000\000\000\000\000\000\000\000\000\024"
  callId: 20889
}
, term: 5
index: 56
stateMachineLogEntry {
  logData: "m12"
  stateMachineEntry {
    stateMachineData: "StateMachine Data"
  }
  clientId: "\000\000\000\000\000\000\000\000\000\000\000\000\000\000\000\024"
  callId: 20878
}
, term: 5
index: 58
stateMachineLogEntry {
  logData: "m16"
  stateMachineEntry {
    stateMachineData: "StateMachine Data"
  }
  clientId: "\000\000\000\000\000\000\000\000\000\000\000\000\000\000\000\024"
  callId: 20882
}
, term: 5
index: 60
stateMachineLogEntry {
  logData: "m20"
  stateMachineEntry {
    stateMachineData: "StateMachine Data"
  }
  clientId: "\000\000\000\000\000\000\000\000\000\000\000\000\000\000\000\024"
  callId: 20886
}
, term: 5
index: 62
stateMachineLogEntry {
  logData: "m24"
  stateMachineEntry {
    stateMachineData: "StateMachine Data"
  }
  clientId: "\000\000\000\000\000\000\000\000\000\000\000\000\000\000\000\024"
  callId: 20890
}
, term: 5
index: 64
stateMachineLogEntry {
  logData: "m29"
  stateMachineEntry {
    stateMachineData: "StateMachine Data"
  }
  clientId: "\000\000\000\000\000\000\000\000\000\000\000\000\000\000\000\024"
  callId: 20895
}
, term: 5
index: 66
stateMachineLogEntry {
  logData: "m33"
  stateMachineEntry {
    stateMachineData: "StateMachine Data"
  }
  clientId: "\000\000\000\000\000\000\000\000\000\000\000\000\000\000\000\024"
  callId: 20899
}
, term: 5
index: 68
stateMachineLogEntry {
  logData: "m37"
  stateMachineEntry {
    stateMachineData: "StateMachine Data"
  }
  clientId: "\000\000\000\000\000\000\000\000\000\000\000\000\000\000\000\024"
  callId: 20903
}
, term: 5
index: 70
stateMachineLogEntry {
  logData: "m41"
  stateMachineEntry {
    stateMachineData: "StateMachine Data"
  }
  clientId: "\000\000\000\000\000\000\000\000\000\000\000\000\000\000\000\024"
  callId: 20907
}
, term: 5
index: 72
stateMachineLogEntry {
  logData: "m30"
  stateMachineEntry {
    stateMachineData: "StateMachine Data"
  }
  clientId: "\000\000\000\000\000\000\000\000\000\000\000\000\000\000\000\024"
  callId: 20896
}
, term: 5
index: 74
stateMachineLogEntry {
  logData: "m34"
  stateMachineEntry {
    stateMachineData: "StateMachine Data"
  }
  clientId: "\000\000\000\000\000\000\000\000\000\000\000\000\000\000\000\024"
  callId: 20900
}
, term: 5
index: 76
stateMachineLogEntry {
  logData: "m38"
  stateMachineEntry {
    stateMachineData: "StateMachine Data"
  }
  clientId: "\000\000\000\000\000\000\000\000\000\000\000\000\000\000\000\024"
  callId: 20904
}
, term: 5
index: 78
stateMachineLogEntry {
  logData: "m42"
  stateMachineEntry {
    stateMachineData: "StateMachine Data"
  }
  clientId: "\000\000\000\000\000\000\000\000\000\000\000\000\000\000\000\024"
  callId: 20908
}
, term: 5
index: 80
stateMachineLogEntry {
  logData: "m27"
  stateMachineEntry {
    stateMachineData: "StateMachine Data"
  }
  clientId: "\000\000\000\000\000\000\000\000\000\000\000\000\000\000\000\024"
  callId: 20893
}
, term: 5
index: 82
stateMachineLogEntry {
  logData: "m31"
  stateMachineEntry {
    stateMachineData: "StateMachine Data"
  }
  clientId: "\000\000\000\000\000\000\000\000\000\000\000\000\000\000\000\024"
  callId: 20897
}
, term: 5
index: 84
stateMachineLogEntry {
  logData: "m35"
  stateMachineEntry {
    stateMachineData: "StateMachine Data"
  }
  clientId: "\000\000\000\000\000\000\000\000\000\000\000\000\000\000\000\024"
  callId: 20901
}
, term: 5
index: 86
stateMachineLogEntry {
  logData: "m39"
  stateMachineEntry {
    stateMachineData: "StateMachine Data"
  }
  clientId: "\000\000\000\000\000\000\000\000\000\000\000\000\000\000\000\024"
  callId: 20905
}
, term: 5
index: 88
stateMachineLogEntry {
  logData: "m43"
  stateMachineEntry {
    stateMachineData: "StateMachine Data"
  }
  clientId: "\000\000\000\000\000\000\000\000\000\000\000\000\000\000\000\024"
  callId: 20909
}
, term: 5
index: 90
stateMachineLogEntry {
  logData: "m28"
  stateMachineEntry {
    stateMachineData: "StateMachine Data"
  }
  clientId: "\000\000\000\000\000\000\000\000\000\000\000\000\000\000\000\024"
  callId: 20894
}
, term: 5
index: 92
stateMachineLogEntry {
  logData: "m32"
  stateMachineEntry {
    stateMachineData: "StateMachine Data"
  }
  clientId: "\000\000\000\000\000\000\000\000\000\000\000\000\000\000\000\024"
  callId: 20898
}
, term: 5
index: 94
stateMachineLogEntry {
  logData: "m36"
  stateMachineEntry {
    stateMachineData: "StateMachine Data"
  }
  clientId: "\000\000\000\000\000\000\000\000\000\000\000\000\000\000\000\024"
  callId: 20902
}
, term: 5
index: 96
stateMachineLogEntry {
  logData: "m40"
  stateMachineEntry {
    stateMachineData: "StateMachine Data"
  }
  clientId: "\000\000\000\000\000\000\000\000\000\000\000\000\000\000\000\024"
  callId: 20906
}
, term: 5
index: 98
stateMachineLogEntry {
  logData: "m57"
  stateMachineEntry {
    stateMachineData: "StateMachine Data"
  }
  clientId: "\000\000\000\000\000\000\000\000\000\000\000\000\000\000\000\024"
  callId: 20923
}
, term: 5
index: 100
stateMachineLogEntry {
  logData: "m45"
  stateMachineEntry {
    stateMachineData: "StateMachine Data"
  }
  clientId: "\000\000\000\000\000\000\000\000\000\000\000\000\000\000\000\024"
  callId: 20911
}
, term: 5
index: 102
stateMachineLogEntry {
  logData: "m49"
  stateMachineEntry {
    stateMachineData: "StateMachine Data"
  }
  clientId: "\000\000\000\000\000\000\000\000\000\000\000\000\000\000\000\024"
  callId: 20915
}
, term: 5
index: 104
stateMachineLogEntry {
  logData: "m53"
  stateMachineEntry {
    stateMachineData: "StateMachine Data"
  }
  clientId: "\000\000\000\000\000\000\000\000\000\000\000\000\000\000\000\024"
  callId: 20919
}
, term: 5
index: 106
stateMachineLogEntry {
  logData: "m58"
  stateMachineEntry {
    stateMachineData: "StateMachine Data"
  }
  clientId: "\000\000\000\000\000\000\000\000\000\000\000\000\000\000\000\024"
  callId: 20924
}
, term: 5
index: 108
stateMachineLogEntry {
  logData: "m46"
  stateMachineEntry {
    stateMachineData: "StateMachine Data"
  }
  clientId: "\000\000\000\000\000\000\000\000\000\000\000\000\000\000\000\024"
  callId: 20912
}
, term: 5
index: 110
stateMachineLogEntry {
  logData: "m50"
  stateMachineEntry {
    stateMachineData: "StateMachine Data"
  }
  clientId: "\000\000\000\000\000\000\000\000\000\000\000\000\000\000\000\024"
  callId: 20916
}
, term: 5
index: 112
stateMachineLogEntry {
  logData: "m54"
  stateMachineEntry {
    stateMachineData: "StateMachine Data"
  }
  clientId: "\000\000\000\000\000\000\000\000\000\000\000\000\000\000\000\024"
  callId: 20920
}
, term: 5
index: 114
stateMachineLogEntry {
  logData: "m47"
  stateMachineEntry {
    stateMachineData: "StateMachine Data"
  }
  clientId: "\000\000\000\000\000\000\000\000\000\000\000\000\000\000\000\024"
  callId: 20913
}
, term: 5
index: 116
stateMachineLogEntry {
  logData: "m51"
  stateMachineEntry {
    stateMachineData: "StateMachine Data"
  }
  clientId: "\000\000\000\000\000\000\000\000\000\000\000\000\000\000\000\024"
  callId: 20917
}
, term: 5
index: 118
stateMachineLogEntry {
  logData: "m55"
  stateMachineEntry {
    stateMachineData: "StateMachine Data"
  }
  clientId: "\000\000\000\000\000\000\000\000\000\000\000\000\000\000\000\024"
  callId: 20921
}
, term: 5
index: 120
stateMachineLogEntry {
  logData: "m59"
  stateMachineEntry {
    stateMachineData: "StateMachine Data"
  }
  clientId: "\000\000\000\000\000\000\000\000\000\000\000\000\000\000\000\024"
  callId: 20925
}
, term: 5
index: 122
stateMachineLogEntry {
  logData: "m44"
  stateMachineEntry {
    stateMachineData: "StateMachine Data"
  }
  clientId: "\000\000\000\000\000\000\000\000\000\000\000\000\000\000\000\024"
  callId: 20910
}
, term: 5
index: 124
stateMachineLogEntry {
  logData: "m48"
  stateMachineEntry {
    stateMachineData: "StateMachine Data"
  }
  clientId: "\000\000\000\000\000\000\000\000\000\000\000\000\000\000\000\024"
  callId: 20914
}
, term: 5
index: 126
stateMachineLogEntry {
  logData: "m52"
  stateMachineEntry {
    stateMachineData: "StateMachine Data"
  }
  clientId: "\000\000\000\000\000\000\000\000\000\000\000\000\000\000\000\024"
  callId: 20918
}
, term: 5
index: 128
stateMachineLogEntry {
  logData: "m56"
  stateMachineEntry {
    stateMachineData: "StateMachine Data"
  }
  clientId: "\000\000\000\000\000\000\000\000\000\000\000\000\000\000\000\024"
  callId: 20922
}
, term: 5
index: 130
stateMachineLogEntry {
  logData: "m60"
  stateMachineEntry {
    stateMachineData: "StateMachine Data"
  }
  clientId: "\000\000\000\000\000\000\000\000\000\000\000\000\000\000\000\024"
  callId: 20926
}
, term: 5
index: 132
stateMachineLogEntry {
  logData: "m77"
  stateMachineEntry {
    stateMachineData: "StateMachine Data"
  }
  clientId: "\000\000\000\000\000\000\000\000\000\000\000\000\000\000\000\024"
  callId: 20943
}
, term: 5
index: 134
stateMachineLogEntry {
  logData: "m73"
  stateMachineEntry {
    stateMachineData: "StateMachine Data"
  }
  clientId: "\000\000\000\000\000\000\000\000\000\000\000\000\000\000\000\024"
  callId: 20939
}
, term: 5
index: 136
stateMachineLogEntry {
  logData: "m61"
  stateMachineEntry {
    stateMachineData: "StateMachine Data"
  }
  clientId: "\000\000\000\000\000\000\000\000\000\000\000\000\000\000\000\024"
  callId: 20927
}
, term: 5
index: 138
stateMachineLogEntry {
  logData: "m65"
  stateMachineEntry {
    stateMachineData: "StateMachine Data"
  }
  clientId: "\000\000\000\000\000\000\000\000\000\000\000\000\000\000\000\024"
  callId: 20931
}
, term: 5
index: 140
stateMachineLogEntry {
  logData: "m69"
  stateMachineEntry {
    stateMachineData: "StateMachine Data"
  }
  clientId: "\000\000\000\000\000\000\000\000\000\000\000\000\000\000\000\024"
  callId: 20935
}
, term: 5
index: 142
stateMachineLogEntry {
  logData: "m74"
  stateMachineEntry {
    stateMachineData: "StateMachine Data"
  }
  clientId: "\000\000\000\000\000\000\000\000\000\000\000\000\000\000\000\024"
  callId: 20940
}
, term: 5
index: 144
stateMachineLogEntry {
  logData: "m62"
  stateMachineEntry {
    stateMachineData: "StateMachine Data"
  }
  clientId: "\000\000\000\000\000\000\000\000\000\000\000\000\000\000\000\024"
  callId: 20928
}
, term: 5
index: 146
stateMachineLogEntry {
  logData: "m66"
  stateMachineEntry {
    stateMachineData: "StateMachine Data"
  }
  clientId: "\000\000\000\000\000\000\000\000\000\000\000\000\000\000\000\024"
  callId: 20932
}
, term: 5
index: 148
stateMachineLogEntry {
  logData: "m70"
  stateMachineEntry {
    stateMachineData: "StateMachine Data"
  }
  clientId: "\000\000\000\000\000\000\000\000\000\000\000\000\000\000\000\024"
  callId: 20936
}
, term: 5
index: 150
stateMachineLogEntry {
  logData: "m71"
  stateMachineEntry {
    stateMachineData: "StateMachine Data"
  }
  clientId: "\000\000\000\000\000\000\000\000\000\000\000\000\000\000\000\024"
  callId: 20937
}
, term: 5
index: 152
stateMachineLogEntry {
  logData: "m75"
  stateMachineEntry {
    stateMachineData: "StateMachine Data"
  }
  clientId: "\000\000\000\000\000\000\000\000\000\000\000\000\000\000\000\024"
  callId: 20941
}
, term: 5
index: 154
stateMachineLogEntry {
  logData: "m63"
  stateMachineEntry {
    stateMachineData: "StateMachine Data"
  }
  clientId: "\000\000\000\000\000\000\000\000\000\000\000\000\000\000\000\024"
  callId: 20929
}
, term: 5
index: 156
stateMachineLogEntry {
  logData: "m67"
  stateMachineEntry {
    stateMachineData: "StateMachine Data"
  }
  clientId: "\000\000\000\000\000\000\000\000\000\000\000\000\000\000\000\024"
  callId: 20933
}
, term: 5
index: 158
stateMachineLogEntry {
  logData: "m79"
  stateMachineEntry {
    stateMachineData: "StateMachine Data"
  }
  clientId: "\000\000\000\000\000\000\000\000\000\000\000\000\000\000\000\024"
  callId: 20945
}
, term: 5
index: 160
stateMachineLogEntry {
  logData: "m76"
  stateMachineEntry {
    stateMachineData: "StateMachine Data"
  }
  clientId: "\000\000\000\000\000\000\000\000\000\000\000\000\000\000\000\024"
  callId: 20942
}
, term: 5
index: 162
stateMachineLogEntry {
  logData: "m83"
  stateMachineEntry {
    stateMachineData: "StateMachine Data"
  }
  clientId: "\000\000\000\000\000\000\000\000\000\000\000\000\000\000\000\024"
  callId: 20949
}
, term: 5
index: 164
stateMachineLogEntry {
  logData: "m72"
  stateMachineEntry {
    stateMachineData: "StateMachine Data"
  }
  clientId: "\000\000\000\000\000\000\000\000\000\000\000\000\000\000\000\024"
  callId: 20938
}
, term: 5
index: 166
stateMachineLogEntry {
  logData: "m95"
  stateMachineEntry {
    stateMachineData: "StateMachine Data"
  }
  clientId: "\000\000\000\000\000\000\000\000\000\000\000\000\000\000\000\024"
  callId: 20961
}
, term: 5
index: 168
stateMachineLogEntry {
  logData: "m64"
  stateMachineEntry {
    stateMachineData: "StateMachine Data"
  }
  clientId: "\000\000\000\000\000\000\000\000\000\000\000\000\000\000\000\024"
  callId: 20930
}
, term: 5
index: 170
stateMachineLogEntry {
  logData: "m91"
  stateMachineEntry {
    stateMachineData: "StateMachine Data"
  }
  clientId: "\000\000\000\000\000\000\000\000\000\000\000\000\000\000\000\024"
  callId: 20957
}
, term: 5
index: 172
stateMachineLogEntry {
  logData: "m68"
  stateMachineEntry {
    stateMachineData: "StateMachine Data"
  }
  clientId: "\000\000\000\000\000\000\000\000\000\000\000\000\000\000\000\024"
  callId: 20934
}
, term: 5
index: 174
stateMachineLogEntry {
  logData: "m87"
  stateMachineEntry {
    stateMachineData: "StateMachine Data"
  }
  clientId: "\000\000\000\000\000\000\000\000\000\000\000\000\000\000\000\024"
  callId: 20953
}
, term: 5
index: 176
stateMachineLogEntry {
  logData: "m80"
  stateMachineEntry {
    stateMachineData: "StateMachine Data"
  }
  clientId: "\000\000\000\000\000\000\000\000\000\000\000\000\000\000\000\024"
  callId: 20946
}
, term: 5
index: 178
stateMachineLogEntry {
  logData: "m84"
  stateMachineEntry {
    stateMachineData: "StateMachine Data"
  }
  clientId: "\000\000\000\000\000\000\000\000\000\000\000\000\000\000\000\024"
  callId: 20950
}
, term: 5
index: 180
stateMachineLogEntry {
  logData: "m88"
  stateMachineEntry {
    stateMachineData: "StateMachine Data"
  }
  clientId: "\000\000\000\000\000\000\000\000\000\000\000\000\000\000\000\024"
  callId: 20954
}
, term: 5
index: 182
stateMachineLogEntry {
  logData: "m92"
  stateMachineEntry {
    stateMachineData: "StateMachine Data"
  }
  clientId: "\000\000\000\000\000\000\000\000\000\000\000\000\000\000\000\024"
  callId: 20958
}
, term: 5
index: 184
stateMachineLogEntry {
  logData: "m81"
  stateMachineEntry {
    stateMachineData: "StateMachine Data"
  }
  clientId: "\000\000\000\000\000\000\000\000\000\000\000\000\000\000\000\024"
  callId: 20947
}
, term: 5
index: 186
stateMachineLogEntry {
  logData: "m85"
  stateMachineEntry {
    stateMachineData: "StateMachine Data"
  }
  clientId: "\000\000\000\000\000\000\000\000\000\000\000\000\000\000\000\024"
  callId: 20951
}
, term: 5
index: 188
stateMachineLogEntry {
  logData: "m93"
  stateMachineEntry {
    stateMachineData: "StateMachine Data"
  }
  clientId: "\000\000\000\000\000\000\000\000\000\000\000\000\000\000\000\024"
  callId: 20959
}
, term: 5
index: 190
stateMachineLogEntry {
  logData: "m89"
  stateMachineEntry {
    stateMachineData: "StateMachine Data"
  }
  clientId: "\000\000\000\000\000\000\000\000\000\000\000\000\000\000\000\024"
  callId: 20955
}
, term: 5
index: 192
stateMachineLogEntry {
  logData: "m97"
  stateMachineEntry {
    stateMachineData: "StateMachine Data"
  }
  clientId: "\000\000\000\000\000\000\000\000\000\000\000\000\000\000\000\024"
  callId: 20963
}
, term: 5
index: 194
stateMachineLogEntry {
  logData: "m90"
  stateMachineEntry {
    stateMachineData: "StateMachine Data"
  }
  clientId: "\000\000\000\000\000\000\000\000\000\000\000\000\000\000\000\024"
  callId: 20956
}
, term: 5
index: 196
stateMachineLogEntry {
  logData: "m78"
  stateMachineEntry {
    stateMachineData: "StateMachine Data"
  }
  clientId: "\000\000\000\000\000\000\000\000\000\000\000\000\000\000\000\024"
  callId: 20944
}
, term: 5
index: 198
stateMachineLogEntry {
  logData: "m82"
  stateMachineEntry {
    stateMachineData: "StateMachine Data"
  }
  clientId: "\000\000\000\000\000\000\000\000\000\000\000\000\000\000\000\024"
  callId: 20948
}
, term: 5
index: 200
stateMachineLogEntry {
  logData: "m86"
  stateMachineEntry {
    stateMachineData: "StateMachine Data"
  }
  clientId: "\000\000\000\000\000\000\000\000\000\000\000\000\000\000\000\024"
  callId: 20952
}
, term: 5
index: 202
stateMachineLogEntry {
  logData: "m94"
  stateMachineEntry {
    stateMachineData: "StateMachine Data"
  }
  clientId: "\000\000\000\000\000\000\000\000\000\000\000\000\000\000\000\024"
  callId: 20960
}
, term: 5
index: 204
stateMachineLogEntry {
  logData: "m98"
  stateMachineEntry {
    stateMachineData: "StateMachine Data"
  }
  clientId: "\000\000\000\000\000\000\000\000\000\000\000\000\000\000\000\024"
  callId: 20964
}
, term: 5
index: 206
stateMachineLogEntry {
  logData: "m96"
  stateMachineEntry {
    stateMachineData: "StateMachine Data"
  }
  clientId: "\000\000\000\000\000\000\000\000\000\000\000\000\000\000\000\024"
  callId: 20962
}
] ==> expected: <true> but was: <false>
	at org.apache.ratis.RaftBasicTests.findLogEntriesContaining(RaftBasicTests.java:135)
	at org.apache.ratis.RaftBasicTests.lambda$assertLogEntriesContaining$0(RaftBasicTests.java:146)
	at org.apache.ratis.util.JavaUtils.lambda$attempt$0(JavaUtils.java:212)
	at org.apache.ratis.util.JavaUtils.attempt(JavaUtils.java:225)
	at org.apache.ratis.util.JavaUtils.attempt(JavaUtils.java:212)
	at org.apache.ratis.RaftBasicTests.assertLogEntriesContaining(RaftBasicTests.java:144)
	at org.apache.ratis.RaftBasicTests.runTestBasicAppendEntries(RaftBasicTests.java:205)
	at org.apache.ratis.RaftAsyncTests.lambda$runTestBasicAppendEntriesAsync$0(RaftAsyncTests.java:268)
	at org.apache.ratis.server.impl.MiniRaftCluster$Factory$Get.runWithNewCluster(MiniRaftCluster.java:146)
	at org.apache.ratis.server.impl.MiniRaftCluster$Factory$Get.runWithNewCluster(MiniRaftCluster.java:124)
	at org.apache.ratis.RaftAsyncTests.runTestBasicAppendEntriesAsync(RaftAsyncTests.java:267)
	at org.apache.ratis.RaftAsyncTests.testBasicAppendEntriesAsyncKillLeader(RaftAsyncTests.java:278)
	at java.base/java.lang.reflect.Method.invoke(Method.java:565)
	at java.base/java.util.ArrayList.forEach(ArrayList.java:1604)
	at java.base/java.util.ArrayList.forEach(ArrayList.java:1604)

[INFO] Running org.apache.ratis.netty.TestRaftAsyncWithNetty
[ERROR] Tests run: 1, Failures: 1, Errors: 0, Skipped: 0, Time elapsed: 61.88 s <<< FAILURE! -- in org.apache.ratis.netty.TestRaftAsyncWithNetty
[ERROR] org.apache.ratis.netty.TestRaftAsyncWithNetty.testBasicAppendEntriesAsyncKillLeader -- Time elapsed: 61.88 s <<< FAILURE!
org.opentest4j.AssertionFailedError: 
Failed to find m3 in entries [term: 3
index: 5
stateMachineLogEntry {
  logData: "m0"
  stateMachineEntry {
    stateMachineData: "StateMachine Data"
  }
  clientId: "\000\000\000\000\000\000\000\000\000\000\000\000\000\000\000\025"
  callId: 27613
}
, term: 3
index: 7
stateMachineLogEntry {
  logData: "m35"
  stateMachineEntry {
    stateMachineData: "StateMachine Data"
  }
  clientId: "\000\000\000\000\000\000\000\000\000\000\000\000\000\000\000\025"
  callId: 27648
}
, term: 3
index: 9
stateMachineLogEntry {
  logData: "m39"
  stateMachineEntry {
    stateMachineData: "StateMachine Data"
  }
  clientId: "\000\000\000\000\000\000\000\000\000\000\000\000\000\000\000\025"
  callId: 27652
}
, term: 3
index: 11
stateMachineLogEntry {
  logData: "m36"
  stateMachineEntry {
    stateMachineData: "StateMachine Data"
  }
  clientId: "\000\000\000\000\000\000\000\000\000\000\000\000\000\000\000\025"
  callId: 27649
}
, term: 3
index: 13
stateMachineLogEntry {
  logData: "m40"
  stateMachineEntry {
    stateMachineData: "StateMachine Data"
  }
  clientId: "\000\000\000\000\000\000\000\000\000\000\000\000\000\000\000\025"
  callId: 27653
}
, term: 3
index: 15
stateMachineLogEntry {
  logData: "m37"
  stateMachineEntry {
    stateMachineData: "StateMachine Data"
  }
  clientId: "\000\000\000\000\000\000\000\000\000\000\000\000\000\000\000\025"
  callId: 27650
}
, term: 3
index: 17
stateMachineLogEntry {
  logData: "m41"
  stateMachineEntry {
    stateMachineData: "StateMachine Data"
  }
  clientId: "\000\000\000\000\000\000\000\000\000\000\000\000\000\000\000\025"
  callId: 27654
}
, term: 3
index: 19
stateMachineLogEntry {
  logData: "m38"
  stateMachineEntry {
    stateMachineData: "StateMachine Data"
  }
  clientId: "\000\000\000\000\000\000\000\000\000\000\000\000\000\000\000\025"
  callId: 27651
}
, term: 3
index: 21
stateMachineLogEntry {
  logData: "m43"
  stateMachineEntry {
    stateMachineData: "StateMachine Data"
  }
  clientId: "\000\000\000\000\000\000\000\000\000\000\000\000\000\000\000\025"
  callId: 27656
}
, term: 3
index: 23
stateMachineLogEntry {
  logData: "m47"
  stateMachineEntry {
    stateMachineData: "StateMachine Data"
  }
  clientId: "\000\000\000\000\000\000\000\000\000\000\000\000\000\000\000\025"
  callId: 27660
}
, term: 3
index: 25
stateMachineLogEntry {
  logData: "m44"
  stateMachineEntry {
    stateMachineData: "StateMachine Data"
  }
  clientId: "\000\000\000\000\000\000\000\000\000\000\000\000\000\000\000\025"
  callId: 27657
}
, term: 3
index: 27
stateMachineLogEntry {
  logData: "m51"
  stateMachineEntry {
    stateMachineData: "StateMachine Data"
  }
  clientId: "\000\000\000\000\000\000\000\000\000\000\000\000\000\000\000\025"
  callId: 27664
}
, term: 3
index: 29
stateMachineLogEntry {
  logData: "m48"
  stateMachineEntry {
    stateMachineData: "StateMachine Data"
  }
  clientId: "\000\000\000\000\000\000\000\000\000\000\000\000\000\000\000\025"
  callId: 27661
}
, term: 3
index: 31
stateMachineLogEntry {
  logData: "m55"
  stateMachineEntry {
    stateMachineData: "StateMachine Data"
  }
  clientId: "\000\000\000\000\000\000\000\000\000\000\000\000\000\000\000\025"
  callId: 27668
}
, term: 3
index: 33
stateMachineLogEntry {
  logData: "m52"
  stateMachineEntry {
    stateMachineData: "StateMachine Data"
  }
  clientId: "\000\000\000\000\000\000\000\000\000\000\000\000\000\000\000\025"
  callId: 27665
}
, term: 3
index: 35
stateMachineLogEntry {
  logData: "m59"
  stateMachineEntry {
    stateMachineData: "StateMachine Data"
  }
  clientId: "\000\000\000\000\000\000\000\000\000\000\000\000\000\000\000\025"
  callId: 27672
}
, term: 3
index: 37
stateMachineLogEntry {
  logData: "m56"
  stateMachineEntry {
    stateMachineData: "StateMachine Data"
  }
  clientId: "\000\000\000\000\000\000\000\000\000\000\000\000\000\000\000\025"
  callId: 27669
}
, term: 3
index: 39
stateMachineLogEntry {
  logData: "m63"
  stateMachineEntry {
    stateMachineData: "StateMachine Data"
  }
  clientId: "\000\000\000\000\000\000\000\000\000\000\000\000\000\000\000\025"
  callId: 27676
}
, term: 3
index: 41
stateMachineLogEntry {
  logData: "m60"
  stateMachineEntry {
    stateMachineData: "StateMachine Data"
  }
  clientId: "\000\000\000\000\000\000\000\000\000\000\000\000\000\000\000\025"
  callId: 27673
}
, term: 3
index: 43
stateMachineLogEntry {
  logData: "m67"
  stateMachineEntry {
    stateMachineData: "StateMachine Data"
  }
  clientId: "\000\000\000\000\000\000\000\000\000\000\000\000\000\000\000\025"
  callId: 27680
}
, term: 3
index: 45
stateMachineLogEntry {
  logData: "m64"
  stateMachineEntry {
    stateMachineData: "StateMachine Data"
  }
  clientId: "\000\000\000\000\000\000\000\000\000\000\000\000\000\000\000\025"
  callId: 27677
}
, term: 3
index: 47
stateMachineLogEntry {
  logData: "m71"
  stateMachineEntry {
    stateMachineData: "StateMachine Data"
  }
  clientId: "\000\000\000\000\000\000\000\000\000\000\000\000\000\000\000\025"
  callId: 27684
}
, term: 3
index: 49
stateMachineLogEntry {
  logData: "m68"
  stateMachineEntry {
    stateMachineData: "StateMachine Data"
  }
  clientId: "\000\000\000\000\000\000\000\000\000\000\000\000\000\000\000\025"
  callId: 27681
}
, term: 3
index: 51
stateMachineLogEntry {
  logData: "m75"
  stateMachineEntry {
    stateMachineData: "StateMachine Data"
  }
  clientId: "\000\000\000\000\000\000\000\000\000\000\000\000\000\000\000\025"
  callId: 27688
}
, term: 3
index: 53
stateMachineLogEntry {
  logData: "m72"
  stateMachineEntry {
    stateMachineData: "StateMachine Data"
  }
  clientId: "\000\000\000\000\000\000\000\000\000\000\000\000\000\000\000\025"
  callId: 27685
}
, term: 3
index: 55
stateMachineLogEntry {
  logData: "m79"
  stateMachineEntry {
    stateMachineData: "StateMachine Data"
  }
  clientId: "\000\000\000\000\000\000\000\000\000\000\000\000\000\000\000\025"
  callId: 27692
}
, term: 3
index: 57
stateMachineLogEntry {
  logData: "m83"
  stateMachineEntry {
    stateMachineData: "StateMachine Data"
  }
  clientId: "\000\000\000\000\000\000\000\000\000\000\000\000\000\000\000\025"
  callId: 27696
}
, term: 3
index: 59
stateMachineLogEntry {
  logData: "m87"
  stateMachineEntry {
    stateMachineData: "StateMachine Data"
  }
  clientId: "\000\000\000\000\000\000\000\000\000\000\000\000\000\000\000\025"
  callId: 27700
}
, term: 3
index: 61
stateMachineLogEntry {
  logData: "m76"
  stateMachineEntry {
    stateMachineData: "StateMachine Data"
  }
  clientId: "\000\000\000\000\000\000\000\000\000\000\000\000\000\000\000\025"
  callId: 27689
}
, term: 3
index: 63
stateMachineLogEntry {
  logData: "m91"
  stateMachineEntry {
    stateMachineData: "StateMachine Data"
  }
  clientId: "\000\000\000\000\000\000\000\000\000\000\000\000\000\000\000\025"
  callId: 27704
}
, term: 3
index: 65
stateMachineLogEntry {
  logData: "m80"
  stateMachineEntry {
    stateMachineData: "StateMachine Data"
  }
  clientId: "\000\000\000\000\000\000\000\000\000\000\000\000\000\000\000\025"
  callId: 27693
}
, term: 3
index: 67
stateMachineLogEntry {
  logData: "m84"
  stateMachineEntry {
    stateMachineData: "StateMachine Data"
  }
  clientId: "\000\000\000\000\000\000\000\000\000\000\000\000\000\000\000\025"
  callId: 27697
}
, term: 3
index: 69
stateMachineLogEntry {
  logData: "m46"
  stateMachineEntry {
    stateMachineData: "StateMachine Data"
  }
  clientId: "\000\000\000\000\000\000\000\000\000\000\000\000\000\000\000\025"
  callId: 27659
}
, term: 3
index: 71
stateMachineLogEntry {
  logData: "m88"
  stateMachineEntry {
    stateMachineData: "StateMachine Data"
  }
  clientId: "\000\000\000\000\000\000\000\000\000\000\000\000\000\000\000\025"
  callId: 27701
}
, term: 3
index: 73
stateMachineLogEntry {
  logData: "m50"
  stateMachineEntry {
    stateMachineData: "StateMachine Data"
  }
  clientId: "\000\000\000\000\000\000\000\000\000\000\000\000\000\000\000\025"
  callId: 27663
}
, term: 3
index: 75
stateMachineLogEntry {
  logData: "m54"
  stateMachineEntry {
    stateMachineData: "StateMachine Data"
  }
  clientId: "\000\000\000\000\000\000\000\000\000\000\000\000\000\000\000\025"
  callId: 27667
}
, term: 3
index: 77
stateMachineLogEntry {
  logData: "m58"
  stateMachineEntry {
    stateMachineData: "StateMachine Data"
  }
  clientId: "\000\000\000\000\000\000\000\000\000\000\000\000\000\000\000\025"
  callId: 27671
}
, term: 3
index: 79
stateMachineLogEntry {
  logData: "m42"
  stateMachineEntry {
    stateMachineData: "StateMachine Data"
  }
  clientId: "\000\000\000\000\000\000\000\000\000\000\000\000\000\000\000\025"
  callId: 27655
}
, term: 3
index: 81
stateMachineLogEntry {
  logData: "m62"
  stateMachineEntry {
    stateMachineData: "StateMachine Data"
  }
  clientId: "\000\000\000\000\000\000\000\000\000\000\000\000\000\000\000\025"
  callId: 27675
}
, term: 3
index: 83
stateMachineLogEntry {
  logData: "m45"
  stateMachineEntry {
    stateMachineData: "StateMachine Data"
  }
  clientId: "\000\000\000\000\000\000\000\000\000\000\000\000\000\000\000\025"
  callId: 27658
}
, term: 3
index: 85
stateMachineLogEntry {
  logData: "m66"
  stateMachineEntry {
    stateMachineData: "StateMachine Data"
  }
  clientId: "\000\000\000\000\000\000\000\000\000\000\000\000\000\000\000\025"
  callId: 27679
}
, term: 3
index: 87
stateMachineLogEntry {
  logData: "m49"
  stateMachineEntry {
    stateMachineData: "StateMachine Data"
  }
  clientId: "\000\000\000\000\000\000\000\000\000\000\000\000\000\000\000\025"
  callId: 27662
}
, term: 3
index: 89
stateMachineLogEntry {
  logData: "m70"
  stateMachineEntry {
    stateMachineData: "StateMachine Data"
  }
  clientId: "\000\000\000\000\000\000\000\000\000\000\000\000\000\000\000\025"
  callId: 27683
}
, term: 3
index: 91
stateMachineLogEntry {
  logData: "m53"
  stateMachineEntry {
    stateMachineData: "StateMachine Data"
  }
  clientId: "\000\000\000\000\000\000\000\000\000\000\000\000\000\000\000\025"
  callId: 27666
}
, term: 3
index: 93
stateMachineLogEntry {
  logData: "m74"
  stateMachineEntry {
    stateMachineData: "StateMachine Data"
  }
  clientId: "\000\000\000\000\000\000\000\000\000\000\000\000\000\000\000\025"
  callId: 27687
}
, term: 3
index: 95
stateMachineLogEntry {
  logData: "m57"
  stateMachineEntry {
    stateMachineData: "StateMachine Data"
  }
  clientId: "\000\000\000\000\000\000\000\000\000\000\000\000\000\000\000\025"
  callId: 27670
}
, term: 3
index: 97
stateMachineLogEntry {
  logData: "m78"
  stateMachineEntry {
    stateMachineData: "StateMachine Data"
  }
  clientId: "\000\000\000\000\000\000\000\000\000\000\000\000\000\000\000\025"
  callId: 27691
}
, term: 3
index: 99
stateMachineLogEntry {
  logData: "m61"
  stateMachineEntry {
    stateMachineData: "StateMachine Data"
  }
  clientId: "\000\000\000\000\000\000\000\000\000\000\000\000\000\000\000\025"
  callId: 27674
}
, term: 3
index: 101
stateMachineLogEntry {
  logData: "m82"
  stateMachineEntry {
    stateMachineData: "StateMachine Data"
  }
  clientId: "\000\000\000\000\000\000\000\000\000\000\000\000\000\000\000\025"
  callId: 27695
}
, term: 3
index: 103
stateMachineLogEntry {
  logData: "m86"
  stateMachineEntry {
    stateMachineData: "StateMachine Data"
  }
  clientId: "\000\000\000\000\000\000\000\000\000\000\000\000\000\000\000\025"
  callId: 27699
}
, term: 3
index: 105
stateMachineLogEntry {
  logData: "m65"
  stateMachineEntry {
    stateMachineData: "StateMachine Data"
  }
  clientId: "\000\000\000\000\000\000\000\000\000\000\000\000\000\000\000\025"
  callId: 27678
}
, term: 3
index: 107
stateMachineLogEntry {
  logData: "m90"
  stateMachineEntry {
    stateMachineData: "StateMachine Data"
  }
  clientId: "\000\000\000\000\000\000\000\000\000\000\000\000\000\000\000\025"
  callId: 27703
}
, term: 3
index: 109
stateMachineLogEntry {
  logData: "m69"
  stateMachineEntry {
    stateMachineData: "StateMachine Data"
  }
  clientId: "\000\000\000\000\000\000\000\000\000\000\000\000\000\000\000\025"
  callId: 27682
}
, term: 3
index: 111
stateMachineLogEntry {
  logData: "m73"
  stateMachineEntry {
    stateMachineData: "StateMachine Data"
  }
  clientId: "\000\000\000\000\000\000\000\000\000\000\000\000\000\000\000\025"
  callId: 27686
}
, term: 3
index: 113
stateMachineLogEntry {
  logData: "m77"
  stateMachineEntry {
    stateMachineData: "StateMachine Data"
  }
  clientId: "\000\000\000\000\000\000\000\000\000\000\000\000\000\000\000\025"
  callId: 27690
}
, term: 3
index: 115
stateMachineLogEntry {
  logData: "m81"
  stateMachineEntry {
    stateMachineData: "StateMachine Data"
  }
  clientId: "\000\000\000\000\000\000\000\000\000\000\000\000\000\000\000\025"
  callId: 27694
}
, term: 3
index: 117
stateMachineLogEntry {
  logData: "m85"
  stateMachineEntry {
    stateMachineData: "StateMachine Data"
  }
  clientId: "\000\000\000\000\000\000\000\000\000\000\000\000\000\000\000\025"
  callId: 27698
}
, term: 3
index: 119
stateMachineLogEntry {
  logData: "m89"
  stateMachineEntry {
    stateMachineData: "StateMachine Data"
  }
  clientId: "\000\000\000\000\000\000\000\000\000\000\000\000\000\000\000\025"
  callId: 27702
}
, term: 3
index: 121
stateMachineLogEntry {
  logData: "m8"
  stateMachineEntry {
    stateMachineData: "StateMachine Data"
  }
  clientId: "\000\000\000\000\000\000\000\000\000\000\000\000\000\000\000\025"
  callId: 27621
}
, term: 3
index: 123
stateMachineLogEntry {
  logData: "m4"
  stateMachineEntry {
    stateMachineData: "StateMachine Data"
  }
  clientId: "\000\000\000\000\000\000\000\000\000\000\000\000\000\000\000\025"
  callId: 27617
}
, term: 3
index: 125
stateMachineLogEntry {
  logData: "m95"
  stateMachineEntry {
    stateMachineData: "StateMachine Data"
  }
  clientId: "\000\000\000\000\000\000\000\000\000\000\000\000\000\000\000\025"
  callId: 27708
}
, term: 3
index: 127
stateMachineLogEntry {
  logData: "m99"
  stateMachineEntry {
    stateMachineData: "StateMachine Data"
  }
  clientId: "\000\000\000\000\000\000\000\000\000\000\000\000\000\000\000\025"
  callId: 27721
}
, term: 3
index: 129
stateMachineLogEntry {
  logData: "m5"
  stateMachineEntry {
    stateMachineData: "StateMachine Data"
  }
  clientId: "\000\000\000\000\000\000\000\000\000\000\000\000\000\000\000\025"
  callId: 27618
}
, term: 3
index: 131
stateMachineLogEntry {
  logData: "m9"
  stateMachineEntry {
    stateMachineData: "StateMachine Data"
  }
  clientId: "\000\000\000\000\000\000\000\000\000\000\000\000\000\000\000\025"
  callId: 27622
}
, term: 3
index: 133
stateMachineLogEntry {
  logData: "m1"
  stateMachineEntry {
    stateMachineData: "StateMachine Data"
  }
  clientId: "\000\000\000\000\000\000\000\000\000\000\000\000\000\000\000\025"
  callId: 27614
}
, term: 3
index: 135
stateMachineLogEntry {
  logData: "m92"
  stateMachineEntry {
    stateMachineData: "StateMachine Data"
  }
  clientId: "\000\000\000\000\000\000\000\000\000\000\000\000\000\000\000\025"
  callId: 27705
}
, term: 3
index: 137
stateMachineLogEntry {
  logData: "m11"
  stateMachineEntry {
    stateMachineData: "StateMachine Data"
  }
  clientId: "\000\000\000\000\000\000\000\000\000\000\000\000\000\000\000\025"
  callId: 27624
}
, term: 3
index: 139
stateMachineLogEntry {
  logData: "m96"
  stateMachineEntry {
    stateMachineData: "StateMachine Data"
  }
  clientId: "\000\000\000\000\000\000\000\000\000\000\000\000\000\000\000\025"
  callId: 27709
}
, term: 3
index: 141
stateMachineLogEntry {
  logData: "m94"
  stateMachineEntry {
    stateMachineData: "StateMachine Data"
  }
  clientId: "\000\000\000\000\000\000\000\000\000\000\000\000\000\000\000\025"
  callId: 27707
}
, term: 3
index: 143
stateMachineLogEntry {
  logData: "m98"
  stateMachineEntry {
    stateMachineData: "StateMachine Data"
  }
  clientId: "\000\000\000\000\000\000\000\000\000\000\000\000\000\000\000\025"
  callId: 27711
}
, term: 3
index: 145
stateMachineLogEntry {
  logData: "m10"
  stateMachineEntry {
    stateMachineData: "StateMachine Data"
  }
  clientId: "\000\000\000\000\000\000\000\000\000\000\000\000\000\000\000\025"
  callId: 27623
}
, term: 3
index: 147
stateMachineLogEntry {
  logData: "m3"
  stateMachineEntry {
    stateMachineData: "StateMachine Data"
  }
  clientId: "\000\000\000\000\000\000\000\000\000\000\000\000\000\000\000\025"
  callId: 27616
}
, term: 3
index: 149
stateMachineLogEntry {
  logData: "m6"
  stateMachineEntry {
    stateMachineData: "StateMachine Data"
  }
  clientId: "\000\000\000\000\000\000\000\000\000\000\000\000\000\000\000\025"
  callId: 27619
}
, term: 3
index: 151
stateMachineLogEntry {
  logData: "m7"
  stateMachineEntry {
    stateMachineData: "StateMachine Data"
  }
  clientId: "\000\000\000\000\000\000\000\000\000\000\000\000\000\000\000\025"
  callId: 27620
}
, term: 3
index: 153
stateMachineLogEntry {
  logData: "m93"
  stateMachineEntry {
    stateMachineData: "StateMachine Data"
  }
  clientId: "\000\000\000\000\000\000\000\000\000\000\000\000\000\000\000\025"
  callId: 27706
}
, term: 3
index: 155
stateMachineLogEntry {
  logData: "m97"
  stateMachineEntry {
    stateMachineData: "StateMachine Data"
  }
  clientId: "\000\000\000\000\000\000\000\000\000\000\000\000\000\000\000\025"
  callId: 27710
}
, term: 3
index: 157
stateMachineLogEntry {
  logData: "m2"
  stateMachineEntry {
    stateMachineData: "StateMachine Data"
  }
  clientId: "\000\000\000\000\000\000\000\000\000\000\000\000\000\000\000\025"
  callId: 27615
}
, term: 3
index: 159
stateMachineLogEntry {
  logData: "m20"
  stateMachineEntry {
    stateMachineData: "StateMachine Data"
  }
  clientId: "\000\000\000\000\000\000\000\000\000\000\000\000\000\000\000\025"
  callId: 27633
}
, term: 3
index: 161
stateMachineLogEntry {
  logData: "m12"
  stateMachineEntry {
    stateMachineData: "StateMachine Data"
  }
  clientId: "\000\000\000\000\000\000\000\000\000\000\000\000\000\000\000\025"
  callId: 27625
}
, term: 3
index: 163
stateMachineLogEntry {
  logData: "m16"
  stateMachineEntry {
    stateMachineData: "StateMachine Data"
  }
  clientId: "\000\000\000\000\000\000\000\000\000\000\000\000\000\000\000\025"
  callId: 27629
}
, term: 3
index: 165
stateMachineLogEntry {
  logData: "m24"
  stateMachineEntry {
    stateMachineData: "StateMachine Data"
  }
  clientId: "\000\000\000\000\000\000\000\000\000\000\000\000\000\000\000\025"
  callId: 27637
}
, term: 3
index: 167
stateMachineLogEntry {
  logData: "m13"
  stateMachineEntry {
    stateMachineData: "StateMachine Data"
  }
  clientId: "\000\000\000\000\000\000\000\000\000\000\000\000\000\000\000\025"
  callId: 27626
}
, term: 3
index: 169
stateMachineLogEntry {
  logData: "m21"
  stateMachineEntry {
    stateMachineData: "StateMachine Data"
  }
  clientId: "\000\000\000\000\000\000\000\000\000\000\000\000\000\000\000\025"
  callId: 27634
}
, term: 3
index: 171
stateMachineLogEntry {
  logData: "m22"
  stateMachineEntry {
    stateMachineData: "StateMachine Data"
  }
  clientId: "\000\000\000\000\000\000\000\000\000\000\000\000\000\000\000\025"
  callId: 27635
}
, term: 3
index: 173
stateMachineLogEntry {
  logData: "m17"
  stateMachineEntry {
    stateMachineData: "StateMachine Data"
  }
  clientId: "\000\000\000\000\000\000\000\000\000\000\000\000\000\000\000\025"
  callId: 27630
}
, term: 3
index: 175
stateMachineLogEntry {
  logData: "m14"
  stateMachineEntry {
    stateMachineData: "StateMachine Data"
  }
  clientId: "\000\000\000\000\000\000\000\000\000\000\000\000\000\000\000\025"
  callId: 27627
}
, term: 3
index: 177
stateMachineLogEntry {
  logData: "m18"
  stateMachineEntry {
    stateMachineData: "StateMachine Data"
  }
  clientId: "\000\000\000\000\000\000\000\000\000\000\000\000\000\000\000\025"
  callId: 27631
}
, term: 3
index: 179
stateMachineLogEntry {
  logData: "m15"
  stateMachineEntry {
    stateMachineData: "StateMachine Data"
  }
  clientId: "\000\000\000\000\000\000\000\000\000\000\000\000\000\000\000\025"
  callId: 27628
}
, term: 3
index: 181
stateMachineLogEntry {
  logData: "m19"
  stateMachineEntry {
    stateMachineData: "StateMachine Data"
  }
  clientId: "\000\000\000\000\000\000\000\000\000\000\000\000\000\000\000\025"
  callId: 27632
}
, term: 3
index: 183
stateMachineLogEntry {
  logData: "m23"
  stateMachineEntry {
    stateMachineData: "StateMachine Data"
  }
  clientId: "\000\000\000\000\000\000\000\000\000\000\000\000\000\000\000\025"
  callId: 27636
}
, term: 3
index: 185
stateMachineLogEntry {
  logData: "m28"
  stateMachineEntry {
    stateMachineData: "StateMachine Data"
  }
  clientId: "\000\000\000\000\000\000\000\000\000\000\000\000\000\000\000\025"
  callId: 27641
}
, term: 3
index: 187
stateMachineLogEntry {
  logData: "m32"
  stateMachineEntry {
    stateMachineData: "StateMachine Data"
  }
  clientId: "\000\000\000\000\000\000\000\000\000\000\000\000\000\000\000\025"
  callId: 27645
}
, term: 3
index: 189
stateMachineLogEntry {
  logData: "m33"
  stateMachineEntry {
    stateMachineData: "StateMachine Data"
  }
  clientId: "\000\000\000\000\000\000\000\000\000\000\000\000\000\000\000\025"
  callId: 27646
}
, term: 3
index: 191
stateMachineLogEntry {
  logData: "m25"
  stateMachineEntry {
    stateMachineData: "StateMachine Data"
  }
  clientId: "\000\000\000\000\000\000\000\000\000\000\000\000\000\000\000\025"
  callId: 27638
}
, term: 3
index: 193
stateMachineLogEntry {
  logData: "m29"
  stateMachineEntry {
    stateMachineData: "StateMachine Data"
  }
  clientId: "\000\000\000\000\000\000\000\000\000\000\000\000\000\000\000\025"
  callId: 27642
}
, term: 3
index: 195
stateMachineLogEntry {
  logData: "m30"
  stateMachineEntry {
    stateMachineData: "StateMachine Data"
  }
  clientId: "\000\000\000\000\000\000\000\000\000\000\000\000\000\000\000\025"
  callId: 27643
}
, term: 3
index: 197
stateMachineLogEntry {
  logData: "m27"
  stateMachineEntry {
    stateMachineData: "StateMachine Data"
  }
  clientId: "\000\000\000\000\000\000\000\000\000\000\000\000\000\000\000\025"
  callId: 27640
}
, term: 3
index: 199
stateMachineLogEntry {
  logData: "m26"
  stateMachineEntry {
    stateMachineData: "StateMachine Data"
  }
  clientId: "\000\000\000\000\000\000\000\000\000\000\000\000\000\000\000\025"
  callId: 27639
}
, term: 3
index: 201
stateMachineLogEntry {
  logData: "m31"
  stateMachineEntry {
    stateMachineData: "StateMachine Data"
  }
  clientId: "\000\000\000\000\000\000\000\000\000\000\000\000\000\000\000\025"
  callId: 27644
}
, term: 3
index: 203
stateMachineLogEntry {
  logData: "m34"
  stateMachineEntry {
    stateMachineData: "StateMachine Data"
  }
  clientId: "\000\000\000\000\000\000\000\000\000\000\000\000\000\000\000\025"
  callId: 27647
}
] ==> expected: <true> but was: <false>
	at org.apache.ratis.RaftBasicTests.findLogEntriesContaining(RaftBasicTests.java:135)
	at org.apache.ratis.RaftBasicTests.lambda$assertLogEntriesContaining$0(RaftBasicTests.java:146)
	at org.apache.ratis.util.JavaUtils.lambda$attempt$0(JavaUtils.java:212)
	at org.apache.ratis.util.JavaUtils.attempt(JavaUtils.java:225)
	at org.apache.ratis.util.JavaUtils.attempt(JavaUtils.java:212)
	at org.apache.ratis.RaftBasicTests.assertLogEntriesContaining(RaftBasicTests.java:144)
	at org.apache.ratis.RaftBasicTests.runTestBasicAppendEntries(RaftBasicTests.java:205)
	at org.apache.ratis.RaftAsyncTests.lambda$runTestBasicAppendEntriesAsync$0(RaftAsyncTests.java:268)
	at org.apache.ratis.server.impl.MiniRaftCluster$Factory$Get.runWithNewCluster(MiniRaftCluster.java:146)
	at org.apache.ratis.server.impl.MiniRaftCluster$Factory$Get.runWithNewCluster(MiniRaftCluster.java:124)
	at org.apache.ratis.RaftAsyncTests.runTestBasicAppendEntriesAsync(RaftAsyncTests.java:267)
	at org.apache.ratis.RaftAsyncTests.testBasicAppendEntriesAsyncKillLeader(RaftAsyncTests.java:278)
	at java.base/java.lang.reflect.Method.invoke(Method.java:565)
	at java.base/java.util.ArrayList.forEach(ArrayList.java:1604)
	at java.base/java.util.ArrayList.forEach(ArrayList.java:1604)

[INFO] Running org.apache.ratis.netty.TestRaftAsyncWithNetty
[INFO] Tests run: 1, Failures: 0, Errors: 0, Skipped: 0, Time elapsed: 11.17 s -- in org.apache.ratis.netty.TestRaftAsyncWithNetty
[INFO] Running org.apache.ratis.netty.TestLeaderElectionWithNetty
[INFO] Tests run: 1, Failures: 0, Errors: 0, Skipped: 0, Time elapsed: 3.185 s -- in org.apache.ratis.netty.TestLeaderElectionWithNetty
[INFO] Running org.apache.ratis.grpc.TestRaftReconfigurationWithGrpc
[ERROR] Tests run: 1, Failures: 1, Errors: 0, Skipped: 0, Time elapsed: 23.02 s <<< FAILURE! -- in org.apache.ratis.grpc.TestRaftReconfigurationWithGrpc
[ERROR] org.apache.ratis.grpc.TestRaftReconfigurationWithGrpc.testKillLeaderDuringReconf -- Time elapsed: 22.84 s <<< FAILURE!
org.opentest4j.AssertionFailedError: expected: <false> but was: <true>
	at org.apache.ratis.server.impl.RaftServerTestUtil.waitAndCheckNewConf(RaftServerTestUtil.java:126)
	at org.apache.ratis.server.impl.RaftServerTestUtil.lambda$waitAndCheckNewConf$3(RaftServerTestUtil.java:96)
	at org.apache.ratis.util.function.CheckedRunnable.lambda$asCheckedSupplier$0(CheckedRunnable.java:32)
	at org.apache.ratis.util.JavaUtils.lambda$attempt$0(JavaUtils.java:212)
	at org.apache.ratis.util.JavaUtils.attempt(JavaUtils.java:225)
	at org.apache.ratis.util.JavaUtils.attempt(JavaUtils.java:212)
	at org.apache.ratis.util.JavaUtils.attemptRepeatedly(JavaUtils.java:204)
	at org.apache.ratis.util.JavaUtils.attempt(JavaUtils.java:245)
	at org.apache.ratis.server.impl.RaftServerTestUtil.waitAndCheckNewConf(RaftServerTestUtil.java:96)
	at org.apache.ratis.server.impl.RaftReconfigurationBaseTest.runTestKillLeaderDuringReconf(RaftReconfigurationBaseTest.java:582)
	at org.apache.ratis.server.impl.MiniRaftCluster$Factory$Get.runWithNewCluster(MiniRaftCluster.java:146)
	at org.apache.ratis.server.impl.MiniRaftCluster$Factory$Get.runWithNewCluster(MiniRaftCluster.java:124)
	at org.apache.ratis.server.impl.RaftReconfigurationBaseTest.testKillLeaderDuringReconf(RaftReconfigurationBaseTest.java:513)
	at java.base/java.lang.reflect.Method.invoke(Method.java:565)
	at java.base/java.util.ArrayList.forEach(ArrayList.java:1604)
	at java.base/java.util.ArrayList.forEach(ArrayList.java:1604)

[INFO] Running org.apache.ratis.grpc.TestRaftReconfigurationWithGrpc
[INFO] Tests run: 1, Failures: 0, Errors: 0, Skipped: 0, Time elapsed: 4.249 s -- in org.apache.ratis.grpc.TestRaftReconfigurationWithGrpc
[INFO] Running org.apache.ratis.grpc.TestRaftWithGrpc
[INFO] Tests run: 3, Failures: 0, Errors: 0, Skipped: 0, Time elapsed: 73.17 s -- in org.apache.ratis.grpc.TestRaftWithGrpc
[INFO] Running org.apache.ratis.grpc.TestLeaderElectionWithGrpc
[INFO] Tests run: 1, Failures: 0, Errors: 0, Skipped: 0, Time elapsed: 4.932 s -- in org.apache.ratis.grpc.TestLeaderElectionWithGrpc
[INFO] Running org.apache.ratis.server.simulation.TestRaftReconfigurationWithSimulatedRpc
[INFO] Tests run: 1, Failures: 0, Errors: 0, Skipped: 0, Time elapsed: 5.644 s -- in org.apache.ratis.server.simulation.TestRaftReconfigurationWithSimulatedRpc
[INFO] Running org.apache.ratis.server.simulation.TestLeaderElectionWithSimulatedRpc
[INFO] Tests run: 1, Failures: 0, Errors: 0, Skipped: 0, Time elapsed: 2.840 s -- in org.apache.ratis.server.simulation.TestLeaderElectionWithSimulatedRpc
[INFO] Running org.apache.ratis.server.simulation.TestRaftWithSimulatedRpc
[INFO] Tests run: 1, Failures: 0, Errors: 0, Skipped: 0, Time elapsed: 3.084 s -- in org.apache.ratis.server.simulation.TestRaftWithSimulatedRpc
[INFO] 
[INFO] Results:
[INFO] 
[WARNING] Flakes: 
[WARNING] org.apache.ratis.grpc.TestRaftReconfigurationWithGrpc.testKillLeaderDuringReconf
[ERROR]   Run 1: TestRaftReconfigurationWithGrpc>RaftReconfigurationBaseTest.testKillLeaderDuringReconf:513->RaftReconfigurationBaseTest.runTestKillLeaderDuringReconf:582 expected: <false> but was: <true>
[INFO]   Run 2: PASS
[INFO] 
[WARNING] org.apache.ratis.netty.TestRaftAsyncWithNetty.testBasicAppendEntriesAsyncKillLeader
[ERROR]   Run 1: TestRaftAsyncWithNetty>RaftAsyncTests.testBasicAppendEntriesAsyncKillLeader:278->RaftAsyncTests.runTestBasicAppendEntriesAsync:267->RaftAsyncTests.lambda$runTestBasicAppendEntriesAsync$0:268 Failed to find m6 in entries [term: 2
index: 3
stateMachineLogEntry {
  logData: "m0"
  stateMachineEntry {
    stateMachineData: "StateMachine Data"
  }
  clientId: "\000\000\000\000\000\000\000\000\000\000\000\000\000\000\000\004"
  callId: 623
}
, term: 2
index: 5
stateMachineLogEntry {
  logData: "m1"
  stateMachineEntry {
    stateMachineData: "StateMachine Data"
  }
  clientId: "\000\000\000\000\000\000\000\000\000\000\000\000\000\000\000\004"
  callId: 624
}
, term: 2
index: 7
stateMachineLogEntry {
  logData: "m2"
  stateMachineEntry {
    stateMachineData: "StateMachine Data"
  }
  clientId: "\000\000\000\000\000\000\000\000\000\000\000\000\000\000\000\004"
  callId: 625
}
, term: 2
index: 9
stateMachineLogEntry {
  logData: "m6"
  stateMachineEntry {
    stateMachineData: "StateMachine Data"
  }
  clientId: "\000\000\000\000\000\000\000\000\000\000\000\000\000\000\000\004"
  callId: 629
}
, term: 2
index: 11
stateMachineLogEntry {
  logData: "m10"
  stateMachineEntry {
    stateMachineData: "StateMachine Data"
  }
  clientId: "\000\000\000\000\000\000\000\000\000\000\000\000\000\000\000\004"
  callId: 633
}
, term: 2
index: 13
stateMachineLogEntry {
  logData: "m14"
  stateMachineEntry {
    stateMachineData: "StateMachine Data"
  }
  clientId: "\000\000\000\000\000\000\000\000\000\000\000\000\000\000\000\004"
  callId: 637
}
, term: 2
index: 15
stateMachineLogEntry {
  logData: "m3"
  stateMachineEntry {
    stateMachineData: "StateMachine Data"
  }
  clientId: "\000\000\000\000\000\000\000\000\000\000\000\000\000\000\000\004"
  callId: 626
}
, term: 2
index: 17
stateMachineLogEntry {
  logData: "m7"
  stateMachineEntry {
    stateMachineData: "StateMachine Data"
  }
  clientId: "\000\000\000\000\000\000\000\000\000\000\000\000\000\000\000\004"
  callId: 630
}
, term: 2
index: 19
stateMachineLogEntry {
  logData: "m4"
  stateMachineEntry {
    stateMachineData: "StateMachine Data"
  }
  clientId: "\000\000\000\000\000\000\000\000\000\000\000\000\000\000\000\004"
  callId: 627
}
, term: 2
index: 21
stateMachineLogEntry {
  logData: "m8"
  stateMachineEntry {
    stateMachineData: "StateMachine Data"
  }
  clientId: "\000\000\000\000\000\000\000\000\000\000\000\000\000\000\000\004"
  callId: 631
}
, term: 2
index: 23
stateMachineLogEntry {
  logData: "m12"
  stateMachineEntry {
    stateMachineData: "StateMachine Data"
  }
  clientId: "\000\000\000\000\000\000\000\000\000\000\000\000\000\000\000\004"
  callId: 635
}
, term: 2
index: 25
stateMachineLogEntry {
  logData: "m16"
  stateMachineEntry {
    stateMachineData: "StateMachine Data"
  }
  clientId: "\000\000\000\000\000\000\000\000\000\000\000\000\000\000\000\004"
  callId: 639
}
, term: 2
index: 27
stateMachineLogEntry {
  logData: "m20"
  stateMachineEntry {
    stateMachineData: "StateMachine Data"
  }
  clientId: "\000\000\000\000\000\000\000\000\000\000\000\000\000\000\000\004"
  callId: 643
}
, term: 2
index: 29
stateMachineLogEntry {
  logData: "m24"
  stateMachineEntry {
    stateMachineData: "StateMachine Data"
  }
  clientId: "\000\000\000\000\000\000\000\000\000\000\000\000\000\000\000\004"
  callId: 647
}
, term: 2
index: 31
stateMachineLogEntry {
  logData: "m9"
  stateMachineEntry {
    stateMachineData: "StateMachine Data"
  }
  clientId: "\000\000\000\000\000\000\000\000\000\000\000\000\000\000\000\004"
  callId: 632
}
, term: 2
index: 33
stateMachineLogEntry {
  logData: "m5"
  stateMachineEntry {
    stateMachineData: "StateMachine Data"
  }
  clientId: "\000\000\000\000\000\000\000\000\000\000\000\000\000\000\000\004"
  callId: 628
}
, term: 2
index: 35
stateMachineLogEntry {
  logData: "m13"
  stateMachineEntry {
    stateMachineData: "StateMachine Data"
  }
  clientId: "\000\000\000\000\000\000\000\000\000\000\000\000\000\000\000\004"
  callId: 636
}
, term: 2
index: 37
stateMachineLogEntry {
  logData: "m11"
  stateMachineEntry {
    stateMachineData: "StateMachine Data"
  }
  clientId: "\000\000\000\000\000\000\000\000\000\000\000\000\000\000\000\004"
  callId: 634
}
, term: 2
index: 39
stateMachineLogEntry {
  logData: "m18"
  stateMachineEntry {
    stateMachineData: "StateMachine Data"
  }
  clientId: "\000\000\000\000\000\000\000\000\000\000\000\000\000\000\000\004"
  callId: 641
}
, term: 2
index: 41
stateMachineLogEntry {
  logData: "m22"
  stateMachineEntry {
    stateMachineData: "StateMachine Data"
  }
  clientId: "\000\000\000\000\000\000\000\000\000\000\000\000\000\000\000\004"
  callId: 645
}
, term: 2
index: 43
stateMachineLogEntry {
  logData: "m26"
  stateMachineEntry {
    stateMachineData: "StateMachine Data"
  }
  clientId: "\000\000\000\000\000\000\000\000\000\000\000\000\000\000\000\004"
  callId: 649
}
, term: 2
index: 45
stateMachineLogEntry {
  logData: "m30"
  stateMachineEntry {
    stateMachineData: "StateMachine Data"
  }
  clientId: "\000\000\000\000\000\000\000\000\000\000\000\000\000\000\000\004"
  callId: 653
}
, term: 2
index: 47
stateMachineLogEntry {
  logData: "m17"
  stateMachineEntry {
    stateMachineData: "StateMachine Data"
  }
  clientId: "\000\000\000\000\000\000\000\000\000\000\000\000\000\000\000\004"
  callId: 640
}
, term: 2
index: 49
stateMachineLogEntry {
  logData: "m21"
  stateMachineEntry {
    stateMachineData: "StateMachine Data"
  }
  clientId: "\000\000\000\000\000\000\000\000\000\000\000\000\000\000\000\004"
  callId: 644
}
, term: 2
index: 51
stateMachineLogEntry {
  logData: "m25"
  stateMachineEntry {
    stateMachineData: "StateMachine Data"
  }
  clientId: "\000\000\000\000\000\000\000\000\000\000\000\000\000\000\000\004"
  callId: 648
}
, term: 2
index: 53
stateMachineLogEntry {
  logData: "m29"
  stateMachineEntry {
    stateMachineData: "StateMachine Data"
  }
  clientId: "\000\000\000\000\000\000\000\000\000\000\000\000\000\000\000\004"
  callId: 652
}
, term: 2
index: 55
stateMachineLogEntry {
  logData: "m33"
  stateMachineEntry {
    stateMachineData: "StateMachine Data"
  }
  clientId: "\000\000\000\000\000\000\000\000\000\000\000\000\000\000\000\004"
  callId: 656
}
, term: 2
index: 57
stateMachineLogEntry {
  logData: "m37"
  stateMachineEntry {
    stateMachineData: "StateMachine Data"
  }
  clientId: "\000\000\000\000\000\000\000\000\000\000\000\000\000\000\000\004"
  callId: 660
}
, term: 2
index: 59
stateMachineLogEntry {
  logData: "m41"
  stateMachineEntry {
    stateMachineData: "StateMachine Data"
  }
  clientId: "\000\000\000\000\000\000\000\000\000\000\000\000\000\000\000\004"
  callId: 664
}
, term: 2
index: 61
stateMachineLogEntry {
  logData: "m15"
  stateMachineEntry {
    stateMachineData: "StateMachine Data"
  }
  clientId: "\000\000\000\000\000\000\000\000\000\000\000\000\000\000\000\004"
  callId: 638
}
, term: 2
index: 63
stateMachineLogEntry {
  logData: "m19"
  stateMachineEntry {
    stateMachineData: "StateMachine Data"
  }
  clientId: "\000\000\000\000\000\000\000\000\000\000\000\000\000\000\000\004"
  callId: 642
}
, term: 2
index: 65
stateMachineLogEntry {
  logData: "m23"
  stateMachineEntry {
    stateMachineData: "StateMachine Data"
  }
  clientId: "\000\000\000\000\000\000\000\000\000\000\000\000\000\000\000\004"
  callId: 646
}
, term: 2
index: 67
stateMachineLogEntry {
  logData: "m27"
  stateMachineEntry {
    stateMachineData: "StateMachine Data"
  }
  clientId: "\000\000\000\000\000\000\000\000\000\000\000\000\000\000\000\004"
  callId: 650
}
, term: 2
index: 69
stateMachineLogEntry {
  logData: "m31"
  stateMachineEntry {
    stateMachineData: "StateMachine Data"
  }
  clientId: "\000\000\000\000\000\000\000\000\000\000\000\000\000\000\000\004"
  callId: 654
}
, term: 2
index: 71
stateMachineLogEntry {
  logData: "m35"
  stateMachineEntry {
    stateMachineData: "StateMachine Data"
  }
  clientId: "\000\000\000\000\000\000\000\000\000\000\000\000\000\000\000\004"
  callId: 658
}
, term: 2
index: 73
stateMachineLogEntry {
  logData: "m39"
  stateMachineEntry {
    stateMachineData: "StateMachine Data"
  }
  clientId: "\000\000\000\000\000\000\000\000\000\000\000\000\000\000\000\004"
  callId: 662
}
, term: 2
index: 75
stateMachineLogEntry {
  logData: "m43"
  stateMachineEntry {
    stateMachineData: "StateMachine Data"
  }
  clientId: "\000\000\000\000\000\000\000\000\000\000\000\000\000\000\000\004"
  callId: 666
}
, term: 2
index: 77
stateMachineLogEntry {
  logData: "m28"
  stateMachineEntry {
    stateMachineData: "StateMachine Data"
  }
  clientId: "\000\000\000\000\000\000\000\000\000\000\000\000\000\000\000\004"
  callId: 651
}
, term: 2
index: 79
stateMachineLogEntry {
  logData: "m32"
  stateMachineEntry {
    stateMachineData: "StateMachine Data"
  }
  clientId: "\000\000\000\000\000\000\000\000\000\000\000\000\000\000\000\004"
  callId: 655
}
, term: 2
index: 81
stateMachineLogEntry {
  logData: "m36"
  stateMachineEntry {
    stateMachineData: "StateMachine Data"
  }
  clientId: "\000\000\000\000\000\000\000\000\000\000\000\000\000\000\000\004"
  callId: 659
}
, term: 2
index: 83
stateMachineLogEntry {
  logData: "m40"
  stateMachineEntry {
    stateMachineData: "StateMachine Data"
  }
  clientId: "\000\000\000\000\000\000\000\000\000\000\000\000\000\000\000\004"
  callId: 663
}
, term: 2
index: 85
stateMachineLogEntry {
  logData: "m34"
  stateMachineEntry {
    stateMachineData: "StateMachine Data"
  }
  clientId: "\000\000\000\000\000\000\000\000\000\000\000\000\000\000\000\004"
  callId: 657
}
, term: 2
index: 87
stateMachineLogEntry {
  logData: "m38"
  stateMachineEntry {
    stateMachineData: "StateMachine Data"
  }
  clientId: "\000\000\000\000\000\000\000\000\000\000\000\000\000\000\000\004"
  callId: 661
}
, term: 2
index: 89
stateMachineLogEntry {
  logData: "m42"
  stateMachineEntry {
    stateMachineData: "StateMachine Data"
  }
  clientId: "\000\000\000\000\000\000\000\000\000\000\000\000\000\000\000\004"
  callId: 665
}
, term: 2
index: 91
stateMachineLogEntry {
  logData: "m46"
  stateMachineEntry {
    stateMachineData: "StateMachine Data"
  }
  clientId: "\000\000\000\000\000\000\000\000\000\000\000\000\000\000\000\004"
  callId: 669
}
, term: 2
index: 93
stateMachineLogEntry {
  logData: "m50"
  stateMachineEntry {
    stateMachineData: "StateMachine Data"
  }
  clientId: "\000\000\000\000\000\000\000\000\000\000\000\000\000\000\000\004"
  callId: 673
}
, term: 2
index: 95
stateMachineLogEntry {
  logData: "m54"
  stateMachineEntry {
    stateMachineData: "StateMachine Data"
  }
  clientId: "\000\000\000\000\000\000\000\000\000\000\000\000\000\000\000\004"
  callId: 677
}
, term: 2
index: 97
stateMachineLogEntry {
  logData: "m44"
  stateMachineEntry {
    stateMachineData: "StateMachine Data"
  }
  clientId: "\000\000\000\000\000\000\000\000\000\000\000\000\000\000\000\004"
  callId: 667
}
, term: 2
index: 99
stateMachineLogEntry {
  logData: "m48"
  stateMachineEntry {
    stateMachineData: "StateMachine Data"
  }
  clientId: "\000\000\000\000\000\000\000\000\000\000\000\000\000\000\000\004"
  callId: 671
}
, term: 2
index: 101
stateMachineLogEntry {
  logData: "m52"
  stateMachineEntry {
    stateMachineData: "StateMachine Data"
  }
  clientId: "\000\000\000\000\000\000\000\000\000\000\000\000\000\000\000\004"
  callId: 675
}
, term: 2
index: 103
stateMachineLogEntry {
  logData: "m47"
  stateMachineEntry {
    stateMachineData: "StateMachine Data"
  }
  clientId: "\000\000\000\000\000\000\000\000\000\000\000\000\000\000\000\004"
  callId: 670
}
, term: 2
index: 105
stateMachineLogEntry {
  logData: "m51"
  stateMachineEntry {
    stateMachineData: "StateMachine Data"
  }
  clientId: "\000\000\000\000\000\000\000\000\000\000\000\000\000\000\000\004"
  callId: 674
}
, term: 2
index: 107
stateMachineLogEntry {
  logData: "m45"
  stateMachineEntry {
    stateMachineData: "StateMachine Data"
  }
  clientId: "\000\000\000\000\000\000\000\000\000\000\000\000\000\000\000\004"
  callId: 668
}
, term: 2
index: 109
stateMachineLogEntry {
  logData: "m49"
  stateMachineEntry {
    stateMachineData: "StateMachine Data"
  }
  clientId: "\000\000\000\000\000\000\000\000\000\000\000\000\000\000\000\004"
  callId: 672
}
, term: 2
index: 111
stateMachineLogEntry {
  logData: "m53"
  stateMachineEntry {
    stateMachineData: "StateMachine Data"
  }
  clientId: "\000\000\000\000\000\000\000\000\000\000\000\000\000\000\000\004"
  callId: 676
}
, term: 2
index: 113
stateMachineLogEntry {
  logData: "m57"
  stateMachineEntry {
    stateMachineData: "StateMachine Data"
  }
  clientId: "\000\000\000\000\000\000\000\000\000\000\000\000\000\000\000\004"
  callId: 680
}
, term: 2
index: 115
stateMachineLogEntry {
  logData: "m56"
  stateMachineEntry {
    stateMachineData: "StateMachine Data"
  }
  clientId: "\000\000\000\000\000\000\000\000\000\000\000\000\000\000\000\004"
  callId: 679
}
, term: 2
index: 117
stateMachineLogEntry {
  logData: "m58"
  stateMachineEntry {
    stateMachineData: "StateMachine Data"
  }
  clientId: "\000\000\000\000\000\000\000\000\000\000\000\000\000\000\000\004"
  callId: 681
}
, term: 2
index: 119
stateMachineLogEntry {
  logData: "m62"
  stateMachineEntry {
    stateMachineData: "StateMachine Data"
  }
  clientId: "\000\000\000\000\000\000\000\000\000\000\000\000\000\000\000\004"
  callId: 685
}
, term: 2
index: 121
stateMachineLogEntry {
  logData: "m61"
  stateMachineEntry {
    stateMachineData: "StateMachine Data"
  }
  clientId: "\000\000\000\000\000\000\000\000\000\000\000\000\000\000\000\004"
  callId: 684
}
, term: 2
index: 123
stateMachineLogEntry {
  logData: "m69"
  stateMachineEntry {
    stateMachineData: "StateMachine Data"
  }
  clientId: "\000\000\000\000\000\000\000\000\000\000\000\000\000\000\000\004"
  callId: 692
}
, term: 2
index: 125
stateMachineLogEntry {
  logData: "m65"
  stateMachineEntry {
    stateMachineData: "StateMachine Data"
  }
  clientId: "\000\000\000\000\000\000\000\000\000\000\000\000\000\000\000\004"
  callId: 688
}
, term: 2
index: 127
stateMachineLogEntry {
  logData: "m60"
  stateMachineEntry {
    stateMachineData: "StateMachine Data"
  }
  clientId: "\000\000\000\000\000\000\000\000\000\000\000\000\000\000\000\004"
  callId: 683
}
, term: 2
index: 129
stateMachineLogEntry {
  logData: "m55"
  stateMachineEntry {
    stateMachineData: "StateMachine Data"
  }
  clientId: "\000\000\000\000\000\000\000\000\000\000\000\000\000\000\000\004"
  callId: 678
}
, term: 2
index: 131
stateMachineLogEntry {
  logData: "m59"
  stateMachineEntry {
    stateMachineData: "StateMachine Data"
  }
  clientId: "\000\000\000\000\000\000\000\000\000\000\000\000\000\000\000\004"
  callId: 682
}
, term: 2
index: 133
stateMachineLogEntry {
  logData: "m63"
  stateMachineEntry {
    stateMachineData: "StateMachine Data"
  }
  clientId: "\000\000\000\000\000\000\000\000\000\000\000\000\000\000\000\004"
  callId: 686
}
, term: 2
index: 135
stateMachineLogEntry {
  logData: "m67"
  stateMachineEntry {
    stateMachineData: "StateMachine Data"
  }
  clientId: "\000\000\000\000\000\000\000\000\000\000\000\000\000\000\000\004"
  callId: 690
}
, term: 2
index: 137
stateMachineLogEntry {
  logData: "m64"
  stateMachineEntry {
    stateMachineData: "StateMachine Data"
  }
  clientId: "\000\000\000\000\000\000\000\000\000\000\000\000\000\000\000\004"
  callId: 687
}
, term: 2
index: 139
stateMachineLogEntry {
  logData: "m68"
  stateMachineEntry {
    stateMachineData: "StateMachine Data"
  }
  clientId: "\000\000\000\000\000\000\000\000\000\000\000\000\000\000\000\004"
  callId: 691
}
, term: 2
index: 141
stateMachineLogEntry {
  logData: "m66"
  stateMachineEntry {
    stateMachineData: "StateMachine Data"
  }
  clientId: "\000\000\000\000\000\000\000\000\000\000\000\000\000\000\000\004"
  callId: 689
}
, term: 2
index: 143
stateMachineLogEntry {
  logData: "m70"
  stateMachineEntry {
    stateMachineData: "StateMachine Data"
  }
  clientId: "\000\000\000\000\000\000\000\000\000\000\000\000\000\000\000\004"
  callId: 693
}
, term: 2
index: 145
stateMachineLogEntry {
  logData: "m74"
  stateMachineEntry {
    stateMachineData: "StateMachine Data"
  }
  clientId: "\000\000\000\000\000\000\000\000\000\000\000\000\000\000\000\004"
  callId: 697
}
, term: 2
index: 147
stateMachineLogEntry {
  logData: "m78"
  stateMachineEntry {
    stateMachineData: "StateMachine Data"
  }
  clientId: "\000\000\000\000\000\000\000\000\000\000\000\000\000\000\000\004"
  callId: 701
}
, term: 2
index: 149
stateMachineLogEntry {
  logData: "m73"
  stateMachineEntry {
    stateMachineData: "StateMachine Data"
  }
  clientId: "\000\000\000\000\000\000\000\000\000\000\000\000\000\000\000\004"
  callId: 696
}
, term: 2
index: 151
stateMachineLogEntry {
  logData: "m77"
  stateMachineEntry {
    stateMachineData: "StateMachine Data"
  }
  clientId: "\000\000\000\000\000\000\000\000\000\000\000\000\000\000\000\004"
  callId: 700
}
, term: 2
index: 153
stateMachineLogEntry {
  logData: "m75"
  stateMachineEntry {
    stateMachineData: "StateMachine Data"
  }
  clientId: "\000\000\000\000\000\000\000\000\000\000\000\000\000\000\000\004"
  callId: 698
}
, term: 2
index: 155
stateMachineLogEntry {
  logData: "m71"
  stateMachineEntry {
    stateMachineData: "StateMachine Data"
  }
  clientId: "\000\000\000\000\000\000\000\000\000\000\000\000\000\000\000\004"
  callId: 694
}
, term: 2
index: 157
stateMachineLogEntry {
  logData: "m87"
  stateMachineEntry {
    stateMachineData: "StateMachine Data"
  }
  clientId: "\000\000\000\000\000\000\000\000\000\000\000\000\000\000\000\004"
  callId: 710
}
, term: 2
index: 159
stateMachineLogEntry {
  logData: "m79"
  stateMachineEntry {
    stateMachineData: "StateMachine Data"
  }
  clientId: "\000\000\000\000\000\000\000\000\000\000\000\000\000\000\000\004"
  callId: 702
}
, term: 2
index: 161
stateMachineLogEntry {
  logData: "m83"
  stateMachineEntry {
    stateMachineData: "StateMachine Data"
  }
  clientId: "\000\000\000\000\000\000\000\000\000\000\000\000\000\000\000\004"
  callId: 706
}
, term: 2
index: 163
stateMachineLogEntry {
  logData: "m86"
  stateMachineEntry {
    stateMachineData: "StateMachine Data"
  }
  clientId: "\000\000\000\000\000\000\000\000\000\000\000\000\000\000\000\004"
  callId: 709
}
, term: 2
index: 165
stateMachineLogEntry {
  logData: "m82"
  stateMachineEntry {
    stateMachineData: "StateMachine Data"
  }
  clientId: "\000\000\000\000\000\000\000\000\000\000\000\000\000\000\000\004"
  callId: 705
}
, term: 2
index: 167
stateMachineLogEntry {
  logData: "m85"
  stateMachineEntry {
    stateMachineData: "StateMachine Data"
  }
  clientId: "\000\000\000\000\000\000\000\000\000\000\000\000\000\000\000\004"
  callId: 708
}
, term: 2
index: 169
stateMachineLogEntry {
  logData: "m81"
  stateMachineEntry {
    stateMachineData: "StateMachine Data"
  }
  clientId: "\000\000\000\000\000\000\000\000\000\000\000\000\000\000\000\004"
  callId: 704
}
, term: 2
index: 171
stateMachineLogEntry {
  logData: "m95"
  stateMachineEntry {
    stateMachineData: "StateMachine Data"
  }
  clientId: "\000\000\000\000\000\000\000\000\000\000\000\000\000\000\000\004"
  callId: 718
}
, term: 2
index: 173
stateMachineLogEntry {
  logData: "m91"
  stateMachineEntry {
    stateMachineData: "StateMachine Data"
  }
  clientId: "\000\000\000\000\000\000\000\000\000\000\000\000\000\000\000\004"
  callId: 714
}
, term: 2
index: 175
stateMachineLogEntry {
  logData: "m90"
  stateMachineEntry {
    stateMachineData: "StateMachine Data"
  }
  clientId: "\000\000\000\000\000\000\000\000\000\000\000\000\000\000\000\004"
  callId: 713
}
, term: 2
index: 177
stateMachineLogEntry {
  logData: "m94"
  stateMachineEntry {
    stateMachineData: "StateMachine Data"
  }
  clientId: "\000\000\000\000\000\000\000\000\000\000\000\000\000\000\000\004"
  callId: 717
}
, term: 2
index: 179
stateMachineLogEntry {
  logData: "m89"
  stateMachineEntry {
    stateMachineData: "StateMachine Data"
  }
  clientId: "\000\000\000\000\000\000\000\000\000\000\000\000\000\000\000\004"
  callId: 712
}
, term: 2
index: 181
stateMachineLogEntry {
  logData: "m93"
  stateMachineEntry {
    stateMachineData: "StateMachine Data"
  }
  clientId: "\000\000\000\000\000\000\000\000\000\000\000\000\000\000\000\004"
  callId: 716
}
, term: 2
index: 183
stateMachineLogEntry {
  logData: "m97"
  stateMachineEntry {
    stateMachineData: "StateMachine Data"
  }
  clientId: "\000\000\000\000\000\000\000\000\000\000\000\000\000\000\000\004"
  callId: 720
}
, term: 2
index: 185
stateMachineLogEntry {
  logData: "m76"
  stateMachineEntry {
    stateMachineData: "StateMachine Data"
  }
  clientId: "\000\000\000\000\000\000\000\000\000\000\000\000\000\000\000\004"
  callId: 699
}
, term: 2
index: 187
stateMachineLogEntry {
  logData: "m72"
  stateMachineEntry {
    stateMachineData: "StateMachine Data"
  }
  clientId: "\000\000\000\000\000\000\000\000\000\000\000\000\000\000\000\004"
  callId: 695
}
, term: 2
index: 189
stateMachineLogEntry {
  logData: "m80"
  stateMachineEntry {
    stateMachineData: "StateMachine Data"
  }
  clientId: "\000\000\000\000\000\000\000\000\000\000\000\000\000\000\000\004"
  callId: 703
}
, term: 2
index: 191
stateMachineLogEntry {
  logData: "m84"
  stateMachineEntry {
    stateMachineData: "StateMachine Data"
  }
  clientId: "\000\000\000\000\000\000\000\000\000\000\000\000\000\000\000\004"
  callId: 707
}
, term: 2
index: 193
stateMachineLogEntry {
  logData: "m88"
  stateMachineEntry {
    stateMachineData: "StateMachine Data"
  }
  clientId: "\000\000\000\000\000\000\000\000\000\000\000\000\000\000\000\004"
  callId: 711
}
, term: 2
index: 195
stateMachineLogEntry {
  logData: "m92"
  stateMachineEntry {
    stateMachineData: "StateMachine Data"
  }
  clientId: "\000\000\000\000\000\000\000\000\000\000\000\000\000\000\000\004"
  callId: 715
}
, term: 2
index: 197
stateMachineLogEntry {
  logData: "m96"
  stateMachineEntry {
    stateMachineData: "StateMachine Data"
  }
  clientId: "\000\000\000\000\000\000\000\000\000\000\000\000\000\000\000\004"
  callId: 719
}
, term: 2
index: 199
stateMachineLogEntry {
  logData: "m99"
  stateMachineEntry {
    stateMachineData: "StateMachine Data"
  }
  clientId: "\000\000\000\000\000\000\000\000\000\000\000\000\000\000\000\004"
  callId: 741
}
, term: 2
index: 201
stateMachineLogEntry {
  logData: "m98"
  stateMachineEntry {
    stateMachineData: "StateMachine Data"
  }
  clientId: "\000\000\000\000\000\000\000\000\000\000\000\000\000\000\000\004"
  callId: 721
}
] ==> expected: <true> but was: <false>
[ERROR]   Run 2: TestRaftAsyncWithNetty>RaftAsyncTests.testBasicAppendEntriesAsyncKillLeader:278->RaftAsyncTests.runTestBasicAppendEntriesAsync:267->RaftAsyncTests.lambda$runTestBasicAppendEntriesAsync$0:268 Failed to find m7 in entries [term: 3
index: 5
stateMachineLogEntry {
  logData: "m0"
  stateMachineEntry {
    stateMachineData: "StateMachine Data"
  }
  clientId: "\000\000\000\000\000\000\000\000\000\000\000\000\000\000\000\023"
  callId: 14310
}
, term: 3
index: 7
stateMachineLogEntry {
  logData: "m99"
  stateMachineEntry {
    stateMachineData: "StateMachine Data"
  }
  clientId: "\000\000\000\000\000\000\000\000\000\000\000\000\000\000\000\023"
  callId: 14417
}
, term: 3
index: 9
stateMachineLogEntry {
  logData: "m26"
  stateMachineEntry {
    stateMachineData: "StateMachine Data"
  }
  clientId: "\000\000\000\000\000\000\000\000\000\000\000\000\000\000\000\023"
  callId: 14336
}
, term: 3
index: 11
stateMachineLogEntry {
  logData: "m30"
  stateMachineEntry {
    stateMachineData: "StateMachine Data"
  }
  clientId: "\000\000\000\000\000\000\000\000\000\000\000\000\000\000\000\023"
  callId: 14340
}
, term: 3
index: 13
stateMachineLogEntry {
  logData: "m27"
  stateMachineEntry {
    stateMachineData: "StateMachine Data"
  }
  clientId: "\000\000\000\000\000\000\000\000\000\000\000\000\000\000\000\023"
  callId: 14337
}
, term: 3
index: 15
stateMachineLogEntry {
  logData: "m28"
  stateMachineEntry {
    stateMachineData: "StateMachine Data"
  }
  clientId: "\000\000\000\000\000\000\000\000\000\000\000\000\000\000\000\023"
  callId: 14338
}
, term: 3
index: 17
stateMachineLogEntry {
  logData: "m29"
  stateMachineEntry {
    stateMachineData: "StateMachine Data"
  }
  clientId: "\000\000\000\000\000\000\000\000\000\000\000\000\000\000\000\023"
  callId: 14339
}
, term: 3
index: 19
stateMachineLogEntry {
  logData: "m37"
  stateMachineEntry {
    stateMachineData: "StateMachine Data"
  }
  clientId: "\000\000\000\000\000\000\000\000\000\000\000\000\000\000\000\023"
  callId: 14347
}
, term: 3
index: 21
stateMachineLogEntry {
  logData: "m34"
  stateMachineEntry {
    stateMachineData: "StateMachine Data"
  }
  clientId: "\000\000\000\000\000\000\000\000\000\000\000\000\000\000\000\023"
  callId: 14344
}
, term: 3
index: 23
stateMachineLogEntry {
  logData: "m31"
  stateMachineEntry {
    stateMachineData: "StateMachine Data"
  }
  clientId: "\000\000\000\000\000\000\000\000\000\000\000\000\000\000\000\023"
  callId: 14341
}
, term: 3
index: 25
stateMachineLogEntry {
  logData: "m35"
  stateMachineEntry {
    stateMachineData: "StateMachine Data"
  }
  clientId: "\000\000\000\000\000\000\000\000\000\000\000\000\000\000\000\023"
  callId: 14345
}
, term: 3
index: 27
stateMachineLogEntry {
  logData: "m36"
  stateMachineEntry {
    stateMachineData: "StateMachine Data"
  }
  clientId: "\000\000\000\000\000\000\000\000\000\000\000\000\000\000\000\023"
  callId: 14346
}
, term: 3
index: 29
stateMachineLogEntry {
  logData: "m32"
  stateMachineEntry {
    stateMachineData: "StateMachine Data"
  }
  clientId: "\000\000\000\000\000\000\000\000\000\000\000\000\000\000\000\023"
  callId: 14342
}
, term: 3
index: 31
stateMachineLogEntry {
  logData: "m33"
  stateMachineEntry {
    stateMachineData: "StateMachine Data"
  }
  clientId: "\000\000\000\000\000\000\000\000\000\000\000\000\000\000\000\023"
  callId: 14343
}
, term: 3
index: 33
stateMachineLogEntry {
  logData: "m38"
  stateMachineEntry {
    stateMachineData: "StateMachine Data"
  }
  clientId: "\000\000\000\000\000\000\000\000\000\000\000\000\000\000\000\023"
  callId: 14348
}
, term: 3
index: 35
stateMachineLogEntry {
  logData: "m42"
  stateMachineEntry {
    stateMachineData: "StateMachine Data"
  }
  clientId: "\000\000\000\000\000\000\000\000\000\000\000\000\000\000\000\023"
  callId: 14352
}
, term: 3
index: 37
stateMachineLogEntry {
  logData: "m46"
  stateMachineEntry {
    stateMachineData: "StateMachine Data"
  }
  clientId: "\000\000\000\000\000\000\000\000\000\000\000\000\000\000\000\023"
  callId: 14356
}
, term: 3
index: 39
stateMachineLogEntry {
  logData: "m50"
  stateMachineEntry {
    stateMachineData: "StateMachine Data"
  }
  clientId: "\000\000\000\000\000\000\000\000\000\000\000\000\000\000\000\023"
  callId: 14360
}
, term: 3
index: 41
stateMachineLogEntry {
  logData: "m54"
  stateMachineEntry {
    stateMachineData: "StateMachine Data"
  }
  clientId: "\000\000\000\000\000\000\000\000\000\000\000\000\000\000\000\023"
  callId: 14364
}
, term: 3
index: 43
stateMachineLogEntry {
  logData: "m39"
  stateMachineEntry {
    stateMachineData: "StateMachine Data"
  }
  clientId: "\000\000\000\000\000\000\000\000\000\000\000\000\000\000\000\023"
  callId: 14349
}
, term: 3
index: 45
stateMachineLogEntry {
  logData: "m43"
  stateMachineEntry {
    stateMachineData: "StateMachine Data"
  }
  clientId: "\000\000\000\000\000\000\000\000\000\000\000\000\000\000\000\023"
  callId: 14353
}
, term: 3
index: 47
stateMachineLogEntry {
  logData: "m47"
  stateMachineEntry {
    stateMachineData: "StateMachine Data"
  }
  clientId: "\000\000\000\000\000\000\000\000\000\000\000\000\000\000\000\023"
  callId: 14357
}
, term: 3
index: 49
stateMachineLogEntry {
  logData: "m51"
  stateMachineEntry {
    stateMachineData: "StateMachine Data"
  }
  clientId: "\000\000\000\000\000\000\000\000\000\000\000\000\000\000\000\023"
  callId: 14361
}
, term: 3
index: 51
stateMachineLogEntry {
  logData: "m55"
  stateMachineEntry {
    stateMachineData: "StateMachine Data"
  }
  clientId: "\000\000\000\000\000\000\000\000\000\000\000\000\000\000\000\023"
  callId: 14365
}
, term: 3
index: 53
stateMachineLogEntry {
  logData: "m59"
  stateMachineEntry {
    stateMachineData: "StateMachine Data"
  }
  clientId: "\000\000\000\000\000\000\000\000\000\000\000\000\000\000\000\023"
  callId: 14369
}
, term: 3
index: 55
stateMachineLogEntry {
  logData: "m63"
  stateMachineEntry {
    stateMachineData: "StateMachine Data"
  }
  clientId: "\000\000\000\000\000\000\000\000\000\000\000\000\000\000\000\023"
  callId: 14373
}
, term: 3
index: 57
stateMachineLogEntry {
  logData: "m41"
  stateMachineEntry {
    stateMachineData: "StateMachine Data"
  }
  clientId: "\000\000\000\000\000\000\000\000\000\000\000\000\000\000\000\023"
  callId: 14351
}
, term: 3
index: 59
stateMachineLogEntry {
  logData: "m45"
  stateMachineEntry {
    stateMachineData: "StateMachine Data"
  }
  clientId: "\000\000\000\000\000\000\000\000\000\000\000\000\000\000\000\023"
  callId: 14355
}
, term: 3
index: 61
stateMachineLogEntry {
  logData: "m49"
  stateMachineEntry {
    stateMachineData: "StateMachine Data"
  }
  clientId: "\000\000\000\000\000\000\000\000\000\000\000\000\000\000\000\023"
  callId: 14359
}
, term: 3
index: 63
stateMachineLogEntry {
  logData: "m53"
  stateMachineEntry {
    stateMachineData: "StateMachine Data"
  }
  clientId: "\000\000\000\000\000\000\000\000\000\000\000\000\000\000\000\023"
  callId: 14363
}
, term: 3
index: 65
stateMachineLogEntry {
  logData: "m57"
  stateMachineEntry {
    stateMachineData: "StateMachine Data"
  }
  clientId: "\000\000\000\000\000\000\000\000\000\000\000\000\000\000\000\023"
  callId: 14367
}
, term: 3
index: 67
stateMachineLogEntry {
  logData: "m61"
  stateMachineEntry {
    stateMachineData: "StateMachine Data"
  }
  clientId: "\000\000\000\000\000\000\000\000\000\000\000\000\000\000\000\023"
  callId: 14371
}
, term: 3
index: 69
stateMachineLogEntry {
  logData: "m40"
  stateMachineEntry {
    stateMachineData: "StateMachine Data"
  }
  clientId: "\000\000\000\000\000\000\000\000\000\000\000\000\000\000\000\023"
  callId: 14350
}
, term: 3
index: 71
stateMachineLogEntry {
  logData: "m44"
  stateMachineEntry {
    stateMachineData: "StateMachine Data"
  }
  clientId: "\000\000\000\000\000\000\000\000\000\000\000\000\000\000\000\023"
  callId: 14354
}
, term: 3
index: 73
stateMachineLogEntry {
  logData: "m48"
  stateMachineEntry {
    stateMachineData: "StateMachine Data"
  }
  clientId: "\000\000\000\000\000\000\000\000\000\000\000\000\000\000\000\023"
  callId: 14358
}
, term: 3
index: 75
stateMachineLogEntry {
  logData: "m52"
  stateMachineEntry {
    stateMachineData: "StateMachine Data"
  }
  clientId: "\000\000\000\000\000\000\000\000\000\000\000\000\000\000\000\023"
  callId: 14362
}
, term: 3
index: 77
stateMachineLogEntry {
  logData: "m56"
  stateMachineEntry {
    stateMachineData: "StateMachine Data"
  }
  clientId: "\000\000\000\000\000\000\000\000\000\000\000\000\000\000\000\023"
  callId: 14366
}
, term: 3
index: 79
stateMachineLogEntry {
  logData: "m60"
  stateMachineEntry {
    stateMachineData: "StateMachine Data"
  }
  clientId: "\000\000\000\000\000\000\000\000\000\000\000\000\000\000\000\023"
  callId: 14370
}
, term: 3
index: 81
stateMachineLogEntry {
  logData: "m58"
  stateMachineEntry {
    stateMachineData: "StateMachine Data"
  }
  clientId: "\000\000\000\000\000\000\000\000\000\000\000\000\000\000\000\023"
  callId: 14368
}
, term: 3
index: 83
stateMachineLogEntry {
  logData: "m62"
  stateMachineEntry {
    stateMachineData: "StateMachine Data"
  }
  clientId: "\000\000\000\000\000\000\000\000\000\000\000\000\000\000\000\023"
  callId: 14372
}
, term: 3
index: 85
stateMachineLogEntry {
  logData: "m66"
  stateMachineEntry {
    stateMachineData: "StateMachine Data"
  }
  clientId: "\000\000\000\000\000\000\000\000\000\000\000\000\000\000\000\023"
  callId: 14376
}
, term: 3
index: 87
stateMachineLogEntry {
  logData: "m82"
  stateMachineEntry {
    stateMachineData: "StateMachine Data"
  }
  clientId: "\000\000\000\000\000\000\000\000\000\000\000\000\000\000\000\023"
  callId: 14392
}
, term: 3
index: 89
stateMachineLogEntry {
  logData: "m70"
  stateMachineEntry {
    stateMachineData: "StateMachine Data"
  }
  clientId: "\000\000\000\000\000\000\000\000\000\000\000\000\000\000\000\023"
  callId: 14380
}
, term: 3
index: 91
stateMachineLogEntry {
  logData: "m74"
  stateMachineEntry {
    stateMachineData: "StateMachine Data"
  }
  clientId: "\000\000\000\000\000\000\000\000\000\000\000\000\000\000\000\023"
  callId: 14384
}
, term: 3
index: 93
stateMachineLogEntry {
  logData: "m78"
  stateMachineEntry {
    stateMachineData: "StateMachine Data"
  }
  clientId: "\000\000\000\000\000\000\000\000\000\000\000\000\000\000\000\023"
  callId: 14388
}
, term: 3
index: 95
stateMachineLogEntry {
  logData: "m67"
  stateMachineEntry {
    stateMachineData: "StateMachine Data"
  }
  clientId: "\000\000\000\000\000\000\000\000\000\000\000\000\000\000\000\023"
  callId: 14377
}
, term: 3
index: 97
stateMachineLogEntry {
  logData: "m71"
  stateMachineEntry {
    stateMachineData: "StateMachine Data"
  }
  clientId: "\000\000\000\000\000\000\000\000\000\000\000\000\000\000\000\023"
  callId: 14381
}
, term: 3
index: 99
stateMachineLogEntry {
  logData: "m75"
  stateMachineEntry {
    stateMachineData: "StateMachine Data"
  }
  clientId: "\000\000\000\000\000\000\000\000\000\000\000\000\000\000\000\023"
  callId: 14385
}
, term: 3
index: 101
stateMachineLogEntry {
  logData: "m79"
  stateMachineEntry {
    stateMachineData: "StateMachine Data"
  }
  clientId: "\000\000\000\000\000\000\000\000\000\000\000\000\000\000\000\023"
  callId: 14389
}
, term: 3
index: 103
stateMachineLogEntry {
  logData: "m64"
  stateMachineEntry {
    stateMachineData: "StateMachine Data"
  }
  clientId: "\000\000\000\000\000\000\000\000\000\000\000\000\000\000\000\023"
  callId: 14374
}
, term: 3
index: 105
stateMachineLogEntry {
  logData: "m68"
  stateMachineEntry {
    stateMachineData: "StateMachine Data"
  }
  clientId: "\000\000\000\000\000\000\000\000\000\000\000\000\000\000\000\023"
  callId: 14378
}
, term: 3
index: 107
stateMachineLogEntry {
  logData: "m72"
  stateMachineEntry {
    stateMachineData: "StateMachine Data"
  }
  clientId: "\000\000\000\000\000\000\000\000\000\000\000\000\000\000\000\023"
  callId: 14382
}
, term: 3
index: 109
stateMachineLogEntry {
  logData: "m76"
  stateMachineEntry {
    stateMachineData: "StateMachine Data"
  }
  clientId: "\000\000\000\000\000\000\000\000\000\000\000\000\000\000\000\023"
  callId: 14386
}
, term: 3
index: 111
stateMachineLogEntry {
  logData: "m80"
  stateMachineEntry {
    stateMachineData: "StateMachine Data"
  }
  clientId: "\000\000\000\000\000\000\000\000\000\000\000\000\000\000\000\023"
  callId: 14390
}
, term: 3
index: 113
stateMachineLogEntry {
  logData: "m65"
  stateMachineEntry {
    stateMachineData: "StateMachine Data"
  }
  clientId: "\000\000\000\000\000\000\000\000\000\000\000\000\000\000\000\023"
  callId: 14375
}
, term: 3
index: 115
stateMachineLogEntry {
  logData: "m69"
  stateMachineEntry {
    stateMachineData: "StateMachine Data"
  }
  clientId: "\000\000\000\000\000\000\000\000\000\000\000\000\000\000\000\023"
  callId: 14379
}
, term: 3
index: 117
stateMachineLogEntry {
  logData: "m73"
  stateMachineEntry {
    stateMachineData: "StateMachine Data"
  }
  clientId: "\000\000\000\000\000\000\000\000\000\000\000\000\000\000\000\023"
  callId: 14383
}
, term: 3
index: 119
stateMachineLogEntry {
  logData: "m77"
  stateMachineEntry {
    stateMachineData: "StateMachine Data"
  }
  clientId: "\000\000\000\000\000\000\000\000\000\000\000\000\000\000\000\023"
  callId: 14387
}
, term: 3
index: 121
stateMachineLogEntry {
  logData: "m81"
  stateMachineEntry {
    stateMachineData: "StateMachine Data"
  }
  clientId: "\000\000\000\000\000\000\000\000\000\000\000\000\000\000\000\023"
  callId: 14391
}
, term: 3
index: 123
stateMachineLogEntry {
  logData: "m98"
  stateMachineEntry {
    stateMachineData: "StateMachine Data"
  }
  clientId: "\000\000\000\000\000\000\000\000\000\000\000\000\000\000\000\023"
  callId: 14408
}
, term: 3
index: 125
stateMachineLogEntry {
  logData: "m86"
  stateMachineEntry {
    stateMachineData: "StateMachine Data"
  }
  clientId: "\000\000\000\000\000\000\000\000\000\000\000\000\000\000\000\023"
  callId: 14396
}
, term: 3
index: 127
stateMachineLogEntry {
  logData: "m90"
  stateMachineEntry {
    stateMachineData: "StateMachine Data"
  }
  clientId: "\000\000\000\000\000\000\000\000\000\000\000\000\000\000\000\023"
  callId: 14400
}
, term: 3
index: 129
stateMachineLogEntry {
  logData: "m94"
  stateMachineEntry {
    stateMachineData: "StateMachine Data"
  }
  clientId: "\000\000\000\000\000\000\000\000\000\000\000\000\000\000\000\023"
  callId: 14404
}
, term: 3
index: 131
stateMachineLogEntry {
  logData: "m1"
  stateMachineEntry {
    stateMachineData: "StateMachine Data"
  }
  clientId: "\000\000\000\000\000\000\000\000\000\000\000\000\000\000\000\023"
  callId: 14311
}
, term: 3
index: 133
stateMachineLogEntry {
  logData: "m83"
  stateMachineEntry {
    stateMachineData: "StateMachine Data"
  }
  clientId: "\000\000\000\000\000\000\000\000\000\000\000\000\000\000\000\023"
  callId: 14393
}
, term: 3
index: 135
stateMachineLogEntry {
  logData: "m87"
  stateMachineEntry {
    stateMachineData: "StateMachine Data"
  }
  clientId: "\000\000\000\000\000\000\000\000\000\000\000\000\000\000\000\023"
  callId: 14397
}
, term: 3
index: 137
stateMachineLogEntry {
  logData: "m91"
  stateMachineEntry {
    stateMachineData: "StateMachine Data"
  }
  clientId: "\000\000\000\000\000\000\000\000\000\000\000\000\000\000\000\023"
  callId: 14401
}
, term: 3
index: 139
stateMachineLogEntry {
  logData: "m95"
  stateMachineEntry {
    stateMachineData: "StateMachine Data"
  }
  clientId: "\000\000\000\000\000\000\000\000\000\000\000\000\000\000\000\023"
  callId: 14405
}
, term: 3
index: 141
stateMachineLogEntry {
  logData: "m96"
  stateMachineEntry {
    stateMachineData: "StateMachine Data"
  }
  clientId: "\000\000\000\000\000\000\000\000\000\000\000\000\000\000\000\023"
  callId: 14406
}
, term: 3
index: 143
stateMachineLogEntry {
  logData: "m2"
  stateMachineEntry {
    stateMachineData: "StateMachine Data"
  }
  clientId: "\000\000\000\000\000\000\000\000\000\000\000\000\000\000\000\023"
  callId: 14312
}
, term: 3
index: 145
stateMachineLogEntry {
  logData: "m84"
  stateMachineEntry {
    stateMachineData: "StateMachine Data"
  }
  clientId: "\000\000\000\000\000\000\000\000\000\000\000\000\000\000\000\023"
  callId: 14394
}
, term: 3
index: 147
stateMachineLogEntry {
  logData: "m88"
  stateMachineEntry {
    stateMachineData: "StateMachine Data"
  }
  clientId: "\000\000\000\000\000\000\000\000\000\000\000\000\000\000\000\023"
  callId: 14398
}
, term: 3
index: 149
stateMachineLogEntry {
  logData: "m92"
  stateMachineEntry {
    stateMachineData: "StateMachine Data"
  }
  clientId: "\000\000\000\000\000\000\000\000\000\000\000\000\000\000\000\023"
  callId: 14402
}
, term: 3
index: 151
stateMachineLogEntry {
  logData: "m3"
  stateMachineEntry {
    stateMachineData: "StateMachine Data"
  }
  clientId: "\000\000\000\000\000\000\000\000\000\000\000\000\000\000\000\023"
  callId: 14313
}
, term: 3
index: 153
stateMachineLogEntry {
  logData: "m97"
  stateMachineEntry {
    stateMachineData: "StateMachine Data"
  }
  clientId: "\000\000\000\000\000\000\000\000\000\000\000\000\000\000\000\023"
  callId: 14407
}
, term: 3
index: 155
stateMachineLogEntry {
  logData: "m85"
  stateMachineEntry {
    stateMachineData: "StateMachine Data"
  }
  clientId: "\000\000\000\000\000\000\000\000\000\000\000\000\000\000\000\023"
  callId: 14395
}
, term: 3
index: 157
stateMachineLogEntry {
  logData: "m89"
  stateMachineEntry {
    stateMachineData: "StateMachine Data"
  }
  clientId: "\000\000\000\000\000\000\000\000\000\000\000\000\000\000\000\023"
  callId: 14399
}
, term: 3
index: 159
stateMachineLogEntry {
  logData: "m93"
  stateMachineEntry {
    stateMachineData: "StateMachine Data"
  }
  clientId: "\000\000\000\000\000\000\000\000\000\000\000\000\000\000\000\023"
  callId: 14403
}
, term: 3
index: 161
stateMachineLogEntry {
  logData: "m16"
  stateMachineEntry {
    stateMachineData: "StateMachine Data"
  }
  clientId: "\000\000\000\000\000\000\000\000\000\000\000\000\000\000\000\023"
  callId: 14326
}
, term: 3
index: 163
stateMachineLogEntry {
  logData: "m4"
  stateMachineEntry {
    stateMachineData: "StateMachine Data"
  }
  clientId: "\000\000\000\000\000\000\000\000\000\000\000\000\000\000\000\023"
  callId: 14314
}
, term: 3
index: 165
stateMachineLogEntry {
  logData: "m8"
  stateMachineEntry {
    stateMachineData: "StateMachine Data"
  }
  clientId: "\000\000\000\000\000\000\000\000\000\000\000\000\000\000\000\023"
  callId: 14318
}
, term: 3
index: 167
stateMachineLogEntry {
  logData: "m12"
  stateMachineEntry {
    stateMachineData: "StateMachine Data"
  }
  clientId: "\000\000\000\000\000\000\000\000\000\000\000\000\000\000\000\023"
  callId: 14322
}
, term: 3
index: 169
stateMachineLogEntry {
  logData: "m20"
  stateMachineEntry {
    stateMachineData: "StateMachine Data"
  }
  clientId: "\000\000\000\000\000\000\000\000\000\000\000\000\000\000\000\023"
  callId: 14330
}
, term: 3
index: 171
stateMachineLogEntry {
  logData: "m17"
  stateMachineEntry {
    stateMachineData: "StateMachine Data"
  }
  clientId: "\000\000\000\000\000\000\000\000\000\000\000\000\000\000\000\023"
  callId: 14327
}
, term: 3
index: 173
stateMachineLogEntry {
  logData: "m5"
  stateMachineEntry {
    stateMachineData: "StateMachine Data"
  }
  clientId: "\000\000\000\000\000\000\000\000\000\000\000\000\000\000\000\023"
  callId: 14315
}
, term: 3
index: 175
stateMachineLogEntry {
  logData: "m9"
  stateMachineEntry {
    stateMachineData: "StateMachine Data"
  }
  clientId: "\000\000\000\000\000\000\000\000\000\000\000\000\000\000\000\023"
  callId: 14319
}
, term: 3
index: 177
stateMachineLogEntry {
  logData: "m13"
  stateMachineEntry {
    stateMachineData: "StateMachine Data"
  }
  clientId: "\000\000\000\000\000\000\000\000\000\000\000\000\000\000\000\023"
  callId: 14323
}
, term: 3
index: 179
stateMachineLogEntry {
  logData: "m21"
  stateMachineEntry {
    stateMachineData: "StateMachine Data"
  }
  clientId: "\000\000\000\000\000\000\000\000\000\000\000\000\000\000\000\023"
  callId: 14331
}
, term: 3
index: 181
stateMachineLogEntry {
  logData: "m23"
  stateMachineEntry {
    stateMachineData: "StateMachine Data"
  }
  clientId: "\000\000\000\000\000\000\000\000\000\000\000\000\000\000\000\023"
  callId: 14333
}
, term: 3
index: 183
stateMachineLogEntry {
  logData: "m19"
  stateMachineEntry {
    stateMachineData: "StateMachine Data"
  }
  clientId: "\000\000\000\000\000\000\000\000\000\000\000\000\000\000\000\023"
  callId: 14329
}
, term: 3
index: 185
stateMachineLogEntry {
  logData: "m7"
  stateMachineEntry {
    stateMachineData: "StateMachine Data"
  }
  clientId: "\000\000\000\000\000\000\000\000\000\000\000\000\000\000\000\023"
  callId: 14317
}
, term: 3
index: 187
stateMachineLogEntry {
  logData: "m11"
  stateMachineEntry {
    stateMachineData: "StateMachine Data"
  }
  clientId: "\000\000\000\000\000\000\000\000\000\000\000\000\000\000\000\023"
  callId: 14321
}
, term: 3
index: 189
stateMachineLogEntry {
  logData: "m15"
  stateMachineEntry {
    stateMachineData: "StateMachine Data"
  }
  clientId: "\000\000\000\000\000\000\000\000\000\000\000\000\000\000\000\023"
  callId: 14325
}
, term: 3
index: 191
stateMachineLogEntry {
  logData: "m6"
  stateMachineEntry {
    stateMachineData: "StateMachine Data"
  }
  clientId: "\000\000\000\000\000\000\000\000\000\000\000\000\000\000\000\023"
  callId: 14316
}
, term: 3
index: 193
stateMachineLogEntry {
  logData: "m10"
  stateMachineEntry {
    stateMachineData: "StateMachine Data"
  }
  clientId: "\000\000\000\000\000\000\000\000\000\000\000\000\000\000\000\023"
  callId: 14320
}
, term: 3
index: 195
stateMachineLogEntry {
  logData: "m22"
  stateMachineEntry {
    stateMachineData: "StateMachine Data"
  }
  clientId: "\000\000\000\000\000\000\000\000\000\000\000\000\000\000\000\023"
  callId: 14332
}
, term: 3
index: 197
stateMachineLogEntry {
  logData: "m18"
  stateMachineEntry {
    stateMachineData: "StateMachine Data"
  }
  clientId: "\000\000\000\000\000\000\000\000\000\000\000\000\000\000\000\023"
  callId: 14328
}
, term: 3
index: 199
stateMachineLogEntry {
  logData: "m14"
  stateMachineEntry {
    stateMachineData: "StateMachine Data"
  }
  clientId: "\000\000\000\000\000\000\000\000\000\000\000\000\000\000\000\023"
  callId: 14324
}
, term: 3
index: 201
stateMachineLogEntry {
  logData: "m24"
  stateMachineEntry {
    stateMachineData: "StateMachine Data"
  }
  clientId: "\000\000\000\000\000\000\000\000\000\000\000\000\000\000\000\023"
  callId: 14334
}
, term: 3
index: 203
stateMachineLogEntry {
  logData: "m25"
  stateMachineEntry {
    stateMachineData: "StateMachine Data"
  }
  clientId: "\000\000\000\000\000\000\000\000\000\000\000\000\000\000\000\023"
  callId: 14335
}
] ==> expected: <true> but was: <false>
[ERROR]   Run 3: TestRaftAsyncWithNetty>RaftAsyncTests.testBasicAppendEntriesAsyncKillLeader:278->RaftAsyncTests.runTestBasicAppendEntriesAsync:267->RaftAsyncTests.lambda$runTestBasicAppendEntriesAsync$0:268 Failed to find m5 in entries [term: 5
index: 8
stateMachineLogEntry {
  logData: "m0"
  stateMachineEntry {
    stateMachineData: "StateMachine Data"
  }
  clientId: "\000\000\000\000\000\000\000\000\000\000\000\000\000\000\000\024"
  callId: 20866
}
, term: 5
index: 10
stateMachineLogEntry {
  logData: "m99"
  stateMachineEntry {
    stateMachineData: "StateMachine Data"
  }
  clientId: "\000\000\000\000\000\000\000\000\000\000\000\000\000\000\000\024"
  callId: 20979
}
, term: 5
index: 12
stateMachineLogEntry {
  logData: "m1"
  stateMachineEntry {
    stateMachineData: "StateMachine Data"
  }
  clientId: "\000\000\000\000\000\000\000\000\000\000\000\000\000\000\000\024"
  callId: 20867
}
, term: 5
index: 14
stateMachineLogEntry {
  logData: "m5"
  stateMachineEntry {
    stateMachineData: "StateMachine Data"
  }
  clientId: "\000\000\000\000\000\000\000\000\000\000\000\000\000\000\000\024"
  callId: 20871
}
, term: 5
index: 16
stateMachineLogEntry {
  logData: "m2"
  stateMachineEntry {
    stateMachineData: "StateMachine Data"
  }
  clientId: "\000\000\000\000\000\000\000\000\000\000\000\000\000\000\000\024"
  callId: 20868
}
, term: 5
index: 18
stateMachineLogEntry {
  logData: "m9"
  stateMachineEntry {
    stateMachineData: "StateMachine Data"
  }
  clientId: "\000\000\000\000\000\000\000\000\000\000\000\000\000\000\000\024"
  callId: 20875
}
, term: 5
index: 20
stateMachineLogEntry {
  logData: "m6"
  stateMachineEntry {
    stateMachineData: "StateMachine Data"
  }
  clientId: "\000\000\000\000\000\000\000\000\000\000\000\000\000\000\000\024"
  callId: 20872
}
, term: 5
index: 22
stateMachineLogEntry {
  logData: "m10"
  stateMachineEntry {
    stateMachineData: "StateMachine Data"
  }
  clientId: "\000\000\000\000\000\000\000\000\000\000\000\000\000\000\000\024"
  callId: 20876
}
, term: 5
index: 24
stateMachineLogEntry {
  logData: "m3"
  stateMachineEntry {
    stateMachineData: "StateMachine Data"
  }
  clientId: "\000\000\000\000\000\000\000\000\000\000\000\000\000\000\000\024"
  callId: 20869
}
, term: 5
index: 26
stateMachineLogEntry {
  logData: "m7"
  stateMachineEntry {
    stateMachineData: "StateMachine Data"
  }
  clientId: "\000\000\000\000\000\000\000\000\000\000\000\000\000\000\000\024"
  callId: 20873
}
, term: 5
index: 28
stateMachineLogEntry {
  logData: "m4"
  stateMachineEntry {
    stateMachineData: "StateMachine Data"
  }
  clientId: "\000\000\000\000\000\000\000\000\000\000\000\000\000\000\000\024"
  callId: 20870
}
, term: 5
index: 30
stateMachineLogEntry {
  logData: "m8"
  stateMachineEntry {
    stateMachineData: "StateMachine Data"
  }
  clientId: "\000\000\000\000\000\000\000\000\000\000\000\000\000\000\000\024"
  callId: 20874
}
, term: 5
index: 32
stateMachineLogEntry {
  logData: "m13"
  stateMachineEntry {
    stateMachineData: "StateMachine Data"
  }
  clientId: "\000\000\000\000\000\000\000\000\000\000\000\000\000\000\000\024"
  callId: 20879
}
, term: 5
index: 34
stateMachineLogEntry {
  logData: "m17"
  stateMachineEntry {
    stateMachineData: "StateMachine Data"
  }
  clientId: "\000\000\000\000\000\000\000\000\000\000\000\000\000\000\000\024"
  callId: 20883
}
, term: 5
index: 36
stateMachineLogEntry {
  logData: "m21"
  stateMachineEntry {
    stateMachineData: "StateMachine Data"
  }
  clientId: "\000\000\000\000\000\000\000\000\000\000\000\000\000\000\000\024"
  callId: 20887
}
, term: 5
index: 38
stateMachineLogEntry {
  logData: "m25"
  stateMachineEntry {
    stateMachineData: "StateMachine Data"
  }
  clientId: "\000\000\000\000\000\000\000\000\000\000\000\000\000\000\000\024"
  callId: 20891
}
, term: 5
index: 40
stateMachineLogEntry {
  logData: "m14"
  stateMachineEntry {
    stateMachineData: "StateMachine Data"
  }
  clientId: "\000\000\000\000\000\000\000\000\000\000\000\000\000\000\000\024"
  callId: 20880
}
, term: 5
index: 42
stateMachineLogEntry {
  logData: "m18"
  stateMachineEntry {
    stateMachineData: "StateMachine Data"
  }
  clientId: "\000\000\000\000\000\000\000\000\000\000\000\000\000\000\000\024"
  callId: 20884
}
, term: 5
index: 44
stateMachineLogEntry {
  logData: "m22"
  stateMachineEntry {
    stateMachineData: "StateMachine Data"
  }
  clientId: "\000\000\000\000\000\000\000\000\000\000\000\000\000\000\000\024"
  callId: 20888
}
, term: 5
index: 46
stateMachineLogEntry {
  logData: "m26"
  stateMachineEntry {
    stateMachineData: "StateMachine Data"
  }
  clientId: "\000\000\000\000\000\000\000\000\000\000\000\000\000\000\000\024"
  callId: 20892
}
, term: 5
index: 48
stateMachineLogEntry {
  logData: "m11"
  stateMachineEntry {
    stateMachineData: "StateMachine Data"
  }
  clientId: "\000\000\000\000\000\000\000\000\000\000\000\000\000\000\000\024"
  callId: 20877
}
, term: 5
index: 50
stateMachineLogEntry {
  logData: "m15"
  stateMachineEntry {
    stateMachineData: "StateMachine Data"
  }
  clientId: "\000\000\000\000\000\000\000\000\000\000\000\000\000\000\000\024"
  callId: 20881
}
, term: 5
index: 52
stateMachineLogEntry {
  logData: "m19"
  stateMachineEntry {
    stateMachineData: "StateMachine Data"
  }
  clientId: "\000\000\000\000\000\000\000\000\000\000\000\000\000\000\000\024"
  callId: 20885
}
, term: 5
index: 54
stateMachineLogEntry {
  logData: "m23"
  stateMachineEntry {
    stateMachineData: "StateMachine Data"
  }
  clientId: "\000\000\000\000\000\000\000\000\000\000\000\000\000\000\000\024"
  callId: 20889
}
, term: 5
index: 56
stateMachineLogEntry {
  logData: "m12"
  stateMachineEntry {
    stateMachineData: "StateMachine Data"
  }
  clientId: "\000\000\000\000\000\000\000\000\000\000\000\000\000\000\000\024"
  callId: 20878
}
, term: 5
index: 58
stateMachineLogEntry {
  logData: "m16"
  stateMachineEntry {
    stateMachineData: "StateMachine Data"
  }
  clientId: "\000\000\000\000\000\000\000\000\000\000\000\000\000\000\000\024"
  callId: 20882
}
, term: 5
index: 60
stateMachineLogEntry {
  logData: "m20"
  stateMachineEntry {
    stateMachineData: "StateMachine Data"
  }
  clientId: "\000\000\000\000\000\000\000\000\000\000\000\000\000\000\000\024"
  callId: 20886
}
, term: 5
index: 62
stateMachineLogEntry {
  logData: "m24"
  stateMachineEntry {
    stateMachineData: "StateMachine Data"
  }
  clientId: "\000\000\000\000\000\000\000\000\000\000\000\000\000\000\000\024"
  callId: 20890
}
, term: 5
index: 64
stateMachineLogEntry {
  logData: "m29"
  stateMachineEntry {
    stateMachineData: "StateMachine Data"
  }
  clientId: "\000\000\000\000\000\000\000\000\000\000\000\000\000\000\000\024"
  callId: 20895
}
, term: 5
index: 66
stateMachineLogEntry {
  logData: "m33"
  stateMachineEntry {
    stateMachineData: "StateMachine Data"
  }
  clientId: "\000\000\000\000\000\000\000\000\000\000\000\000\000\000\000\024"
  callId: 20899
}
, term: 5
index: 68
stateMachineLogEntry {
  logData: "m37"
  stateMachineEntry {
    stateMachineData: "StateMachine Data"
  }
  clientId: "\000\000\000\000\000\000\000\000\000\000\000\000\000\000\000\024"
  callId: 20903
}
, term: 5
index: 70
stateMachineLogEntry {
  logData: "m41"
  stateMachineEntry {
    stateMachineData: "StateMachine Data"
  }
  clientId: "\000\000\000\000\000\000\000\000\000\000\000\000\000\000\000\024"
  callId: 20907
}
, term: 5
index: 72
stateMachineLogEntry {
  logData: "m30"
  stateMachineEntry {
    stateMachineData: "StateMachine Data"
  }
  clientId: "\000\000\000\000\000\000\000\000\000\000\000\000\000\000\000\024"
  callId: 20896
}
, term: 5
index: 74
stateMachineLogEntry {
  logData: "m34"
  stateMachineEntry {
    stateMachineData: "StateMachine Data"
  }
  clientId: "\000\000\000\000\000\000\000\000\000\000\000\000\000\000\000\024"
  callId: 20900
}
, term: 5
index: 76
stateMachineLogEntry {
  logData: "m38"
  stateMachineEntry {
    stateMachineData: "StateMachine Data"
  }
  clientId: "\000\000\000\000\000\000\000\000\000\000\000\000\000\000\000\024"
  callId: 20904
}
, term: 5
index: 78
stateMachineLogEntry {
  logData: "m42"
  stateMachineEntry {
    stateMachineData: "StateMachine Data"
  }
  clientId: "\000\000\000\000\000\000\000\000\000\000\000\000\000\000\000\024"
  callId: 20908
}
, term: 5
index: 80
stateMachineLogEntry {
  logData: "m27"
  stateMachineEntry {
    stateMachineData: "StateMachine Data"
  }
  clientId: "\000\000\000\000\000\000\000\000\000\000\000\000\000\000\000\024"
  callId: 20893
}
, term: 5
index: 82
stateMachineLogEntry {
  logData: "m31"
  stateMachineEntry {
    stateMachineData: "StateMachine Data"
  }
  clientId: "\000\000\000\000\000\000\000\000\000\000\000\000\000\000\000\024"
  callId: 20897
}
, term: 5
index: 84
stateMachineLogEntry {
  logData: "m35"
  stateMachineEntry {
    stateMachineData: "StateMachine Data"
  }
  clientId: "\000\000\000\000\000\000\000\000\000\000\000\000\000\000\000\024"
  callId: 20901
}
, term: 5
index: 86
stateMachineLogEntry {
  logData: "m39"
  stateMachineEntry {
    stateMachineData: "StateMachine Data"
  }
  clientId: "\000\000\000\000\000\000\000\000\000\000\000\000\000\000\000\024"
  callId: 20905
}
, term: 5
index: 88
stateMachineLogEntry {
  logData: "m43"
  stateMachineEntry {
    stateMachineData: "StateMachine Data"
  }
  clientId: "\000\000\000\000\000\000\000\000\000\000\000\000\000\000\000\024"
  callId: 20909
}
, term: 5
index: 90
stateMachineLogEntry {
  logData: "m28"
  stateMachineEntry {
    stateMachineData: "StateMachine Data"
  }
  clientId: "\000\000\000\000\000\000\000\000\000\000\000\000\000\000\000\024"
  callId: 20894
}
, term: 5
index: 92
stateMachineLogEntry {
  logData: "m32"
  stateMachineEntry {
    stateMachineData: "StateMachine Data"
  }
  clientId: "\000\000\000\000\000\000\000\000\000\000\000\000\000\000\000\024"
  callId: 20898
}
, term: 5
index: 94
stateMachineLogEntry {
  logData: "m36"
  stateMachineEntry {
    stateMachineData: "StateMachine Data"
  }
  clientId: "\000\000\000\000\000\000\000\000\000\000\000\000\000\000\000\024"
  callId: 20902
}
, term: 5
index: 96
stateMachineLogEntry {
  logData: "m40"
  stateMachineEntry {
    stateMachineData: "StateMachine Data"
  }
  clientId: "\000\000\000\000\000\000\000\000\000\000\000\000\000\000\000\024"
  callId: 20906
}
, term: 5
index: 98
stateMachineLogEntry {
  logData: "m57"
  stateMachineEntry {
    stateMachineData: "StateMachine Data"
  }
  clientId: "\000\000\000\000\000\000\000\000\000\000\000\000\000\000\000\024"
  callId: 20923
}
, term: 5
index: 100
stateMachineLogEntry {
  logData: "m45"
  stateMachineEntry {
    stateMachineData: "StateMachine Data"
  }
  clientId: "\000\000\000\000\000\000\000\000\000\000\000\000\000\000\000\024"
  callId: 20911
}
, term: 5
index: 102
stateMachineLogEntry {
  logData: "m49"
  stateMachineEntry {
    stateMachineData: "StateMachine Data"
  }
  clientId: "\000\000\000\000\000\000\000\000\000\000\000\000\000\000\000\024"
  callId: 20915
}
, term: 5
index: 104
stateMachineLogEntry {
  logData: "m53"
  stateMachineEntry {
    stateMachineData: "StateMachine Data"
  }
  clientId: "\000\000\000\000\000\000\000\000\000\000\000\000\000\000\000\024"
  callId: 20919
}
, term: 5
index: 106
stateMachineLogEntry {
  logData: "m58"
  stateMachineEntry {
    stateMachineData: "StateMachine Data"
  }
  clientId: "\000\000\000\000\000\000\000\000\000\000\000\000\000\000\000\024"
  callId: 20924
}
, term: 5
index: 108
stateMachineLogEntry {
  logData: "m46"
  stateMachineEntry {
    stateMachineData: "StateMachine Data"
  }
  clientId: "\000\000\000\000\000\000\000\000\000\000\000\000\000\000\000\024"
  callId: 20912
}
, term: 5
index: 110
stateMachineLogEntry {
  logData: "m50"
  stateMachineEntry {
    stateMachineData: "StateMachine Data"
  }
  clientId: "\000\000\000\000\000\000\000\000\000\000\000\000\000\000\000\024"
  callId: 20916
}
, term: 5
index: 112
stateMachineLogEntry {
  logData: "m54"
  stateMachineEntry {
    stateMachineData: "StateMachine Data"
  }
  clientId: "\000\000\000\000\000\000\000\000\000\000\000\000\000\000\000\024"
  callId: 20920
}
, term: 5
index: 114
stateMachineLogEntry {
  logData: "m47"
  stateMachineEntry {
    stateMachineData: "StateMachine Data"
  }
  clientId: "\000\000\000\000\000\000\000\000\000\000\000\000\000\000\000\024"
  callId: 20913
}
, term: 5
index: 116
stateMachineLogEntry {
  logData: "m51"
  stateMachineEntry {
    stateMachineData: "StateMachine Data"
  }
  clientId: "\000\000\000\000\000\000\000\000\000\000\000\000\000\000\000\024"
  callId: 20917
}
, term: 5
index: 118
stateMachineLogEntry {
  logData: "m55"
  stateMachineEntry {
    stateMachineData: "StateMachine Data"
  }
  clientId: "\000\000\000\000\000\000\000\000\000\000\000\000\000\000\000\024"
  callId: 20921
}
, term: 5
index: 120
stateMachineLogEntry {
  logData: "m59"
  stateMachineEntry {
    stateMachineData: "StateMachine Data"
  }
  clientId: "\000\000\000\000\000\000\000\000\000\000\000\000\000\000\000\024"
  callId: 20925
}
, term: 5
index: 122
stateMachineLogEntry {
  logData: "m44"
  stateMachineEntry {
    stateMachineData: "StateMachine Data"
  }
  clientId: "\000\000\000\000\000\000\000\000\000\000\000\000\000\000\000\024"
  callId: 20910
}
, term: 5
index: 124
stateMachineLogEntry {
  logData: "m48"
  stateMachineEntry {
    stateMachineData: "StateMachine Data"
  }
  clientId: "\000\000\000\000\000\000\000\000\000\000\000\000\000\000\000\024"
  callId: 20914
}
, term: 5
index: 126
stateMachineLogEntry {
  logData: "m52"
  stateMachineEntry {
    stateMachineData: "StateMachine Data"
  }
  clientId: "\000\000\000\000\000\000\000\000\000\000\000\000\000\000\000\024"
  callId: 20918
}
, term: 5
index: 128
stateMachineLogEntry {
  logData: "m56"
  stateMachineEntry {
    stateMachineData: "StateMachine Data"
  }
  clientId: "\000\000\000\000\000\000\000\000\000\000\000\000\000\000\000\024"
  callId: 20922
}
, term: 5
index: 130
stateMachineLogEntry {
  logData: "m60"
  stateMachineEntry {
    stateMachineData: "StateMachine Data"
  }
  clientId: "\000\000\000\000\000\000\000\000\000\000\000\000\000\000\000\024"
  callId: 20926
}
, term: 5
index: 132
stateMachineLogEntry {
  logData: "m77"
  stateMachineEntry {
    stateMachineData: "StateMachine Data"
  }
  clientId: "\000\000\000\000\000\000\000\000\000\000\000\000\000\000\000\024"
  callId: 20943
}
, term: 5
index: 134
stateMachineLogEntry {
  logData: "m73"
  stateMachineEntry {
    stateMachineData: "StateMachine Data"
  }
  clientId: "\000\000\000\000\000\000\000\000\000\000\000\000\000\000\000\024"
  callId: 20939
}
, term: 5
index: 136
stateMachineLogEntry {
  logData: "m61"
  stateMachineEntry {
    stateMachineData: "StateMachine Data"
  }
  clientId: "\000\000\000\000\000\000\000\000\000\000\000\000\000\000\000\024"
  callId: 20927
}
, term: 5
index: 138
stateMachineLogEntry {
  logData: "m65"
  stateMachineEntry {
    stateMachineData: "StateMachine Data"
  }
  clientId: "\000\000\000\000\000\000\000\000\000\000\000\000\000\000\000\024"
  callId: 20931
}
, term: 5
index: 140
stateMachineLogEntry {
  logData: "m69"
  stateMachineEntry {
    stateMachineData: "StateMachine Data"
  }
  clientId: "\000\000\000\000\000\000\000\000\000\000\000\000\000\000\000\024"
  callId: 20935
}
, term: 5
index: 142
stateMachineLogEntry {
  logData: "m74"
  stateMachineEntry {
    stateMachineData: "StateMachine Data"
  }
  clientId: "\000\000\000\000\000\000\000\000\000\000\000\000\000\000\000\024"
  callId: 20940
}
, term: 5
index: 144
stateMachineLogEntry {
  logData: "m62"
  stateMachineEntry {
    stateMachineData: "StateMachine Data"
  }
  clientId: "\000\000\000\000\000\000\000\000\000\000\000\000\000\000\000\024"
  callId: 20928
}
, term: 5
index: 146
stateMachineLogEntry {
  logData: "m66"
  stateMachineEntry {
    stateMachineData: "StateMachine Data"
  }
  clientId: "\000\000\000\000\000\000\000\000\000\000\000\000\000\000\000\024"
  callId: 20932
}
, term: 5
index: 148
stateMachineLogEntry {
  logData: "m70"
  stateMachineEntry {
    stateMachineData: "StateMachine Data"
  }
  clientId: "\000\000\000\000\000\000\000\000\000\000\000\000\000\000\000\024"
  callId: 20936
}
, term: 5
index: 150
stateMachineLogEntry {
  logData: "m71"
  stateMachineEntry {
    stateMachineData: "StateMachine Data"
  }
  clientId: "\000\000\000\000\000\000\000\000\000\000\000\000\000\000\000\024"
  callId: 20937
}
, term: 5
index: 152
stateMachineLogEntry {
  logData: "m75"
  stateMachineEntry {
    stateMachineData: "StateMachine Data"
  }
  clientId: "\000\000\000\000\000\000\000\000\000\000\000\000\000\000\000\024"
  callId: 20941
}
, term: 5
index: 154
stateMachineLogEntry {
  logData: "m63"
  stateMachineEntry {
    stateMachineData: "StateMachine Data"
  }
  clientId: "\000\000\000\000\000\000\000\000\000\000\000\000\000\000\000\024"
  callId: 20929
}
, term: 5
index: 156
stateMachineLogEntry {
  logData: "m67"
  stateMachineEntry {
    stateMachineData: "StateMachine Data"
  }
  clientId: "\000\000\000\000\000\000\000\000\000\000\000\000\000\000\000\024"
  callId: 20933
}
, term: 5
index: 158
stateMachineLogEntry {
  logData: "m79"
  stateMachineEntry {
    stateMachineData: "StateMachine Data"
  }
  clientId: "\000\000\000\000\000\000\000\000\000\000\000\000\000\000\000\024"
  callId: 20945
}
, term: 5
index: 160
stateMachineLogEntry {
  logData: "m76"
  stateMachineEntry {
    stateMachineData: "StateMachine Data"
  }
  clientId: "\000\000\000\000\000\000\000\000\000\000\000\000\000\000\000\024"
  callId: 20942
}
, term: 5
index: 162
stateMachineLogEntry {
  logData: "m83"
  stateMachineEntry {
    stateMachineData: "StateMachine Data"
  }
  clientId: "\000\000\000\000\000\000\000\000\000\000\000\000\000\000\000\024"
  callId: 20949
}
, term: 5
index: 164
stateMachineLogEntry {
  logData: "m72"
  stateMachineEntry {
    stateMachineData: "StateMachine Data"
  }
  clientId: "\000\000\000\000\000\000\000\000\000\000\000\000\000\000\000\024"
  callId: 20938
}
, term: 5
index: 166
stateMachineLogEntry {
  logData: "m95"
  stateMachineEntry {
    stateMachineData: "StateMachine Data"
  }
  clientId: "\000\000\000\000\000\000\000\000\000\000\000\000\000\000\000\024"
  callId: 20961
}
, term: 5
index: 168
stateMachineLogEntry {
  logData: "m64"
  stateMachineEntry {
    stateMachineData: "StateMachine Data"
  }
  clientId: "\000\000\000\000\000\000\000\000\000\000\000\000\000\000\000\024"
  callId: 20930
}
, term: 5
index: 170
stateMachineLogEntry {
  logData: "m91"
  stateMachineEntry {
    stateMachineData: "StateMachine Data"
  }
  clientId: "\000\000\000\000\000\000\000\000\000\000\000\000\000\000\000\024"
  callId: 20957
}
, term: 5
index: 172
stateMachineLogEntry {
  logData: "m68"
  stateMachineEntry {
    stateMachineData: "StateMachine Data"
  }
  clientId: "\000\000\000\000\000\000\000\000\000\000\000\000\000\000\000\024"
  callId: 20934
}
, term: 5
index: 174
stateMachineLogEntry {
  logData: "m87"
  stateMachineEntry {
    stateMachineData: "StateMachine Data"
  }
  clientId: "\000\000\000\000\000\000\000\000\000\000\000\000\000\000\000\024"
  callId: 20953
}
, term: 5
index: 176
stateMachineLogEntry {
  logData: "m80"
  stateMachineEntry {
    stateMachineData: "StateMachine Data"
  }
  clientId: "\000\000\000\000\000\000\000\000\000\000\000\000\000\000\000\024"
  callId: 20946
}
, term: 5
index: 178
stateMachineLogEntry {
  logData: "m84"
  stateMachineEntry {
    stateMachineData: "StateMachine Data"
  }
  clientId: "\000\000\000\000\000\000\000\000\000\000\000\000\000\000\000\024"
  callId: 20950
}
, term: 5
index: 180
stateMachineLogEntry {
  logData: "m88"
  stateMachineEntry {
    stateMachineData: "StateMachine Data"
  }
  clientId: "\000\000\000\000\000\000\000\000\000\000\000\000\000\000\000\024"
  callId: 20954
}
, term: 5
index: 182
stateMachineLogEntry {
  logData: "m92"
  stateMachineEntry {
    stateMachineData: "StateMachine Data"
  }
  clientId: "\000\000\000\000\000\000\000\000\000\000\000\000\000\000\000\024"
  callId: 20958
}
, term: 5
index: 184
stateMachineLogEntry {
  logData: "m81"
  stateMachineEntry {
    stateMachineData: "StateMachine Data"
  }
  clientId: "\000\000\000\000\000\000\000\000\000\000\000\000\000\000\000\024"
  callId: 20947
}
, term: 5
index: 186
stateMachineLogEntry {
  logData: "m85"
  stateMachineEntry {
    stateMachineData: "StateMachine Data"
  }
  clientId: "\000\000\000\000\000\000\000\000\000\000\000\000\000\000\000\024"
  callId: 20951
}
, term: 5
index: 188
stateMachineLogEntry {
  logData: "m93"
  stateMachineEntry {
    stateMachineData: "StateMachine Data"
  }
  clientId: "\000\000\000\000\000\000\000\000\000\000\000\000\000\000\000\024"
  callId: 20959
}
, term: 5
index: 190
stateMachineLogEntry {
  logData: "m89"
  stateMachineEntry {
    stateMachineData: "StateMachine Data"
  }
  clientId: "\000\000\000\000\000\000\000\000\000\000\000\000\000\000\000\024"
  callId: 20955
}
, term: 5
index: 192
stateMachineLogEntry {
  logData: "m97"
  stateMachineEntry {
    stateMachineData: "StateMachine Data"
  }
  clientId: "\000\000\000\000\000\000\000\000\000\000\000\000\000\000\000\024"
  callId: 20963
}
, term: 5
index: 194
stateMachineLogEntry {
  logData: "m90"
  stateMachineEntry {
    stateMachineData: "StateMachine Data"
  }
  clientId: "\000\000\000\000\000\000\000\000\000\000\000\000\000\000\000\024"
  callId: 20956
}
, term: 5
index: 196
stateMachineLogEntry {
  logData: "m78"
  stateMachineEntry {
    stateMachineData: "StateMachine Data"
  }
  clientId: "\000\000\000\000\000\000\000\000\000\000\000\000\000\000\000\024"
  callId: 20944
}
, term: 5
index: 198
stateMachineLogEntry {
  logData: "m82"
  stateMachineEntry {
    stateMachineData: "StateMachine Data"
  }
  clientId: "\000\000\000\000\000\000\000\000\000\000\000\000\000\000\000\024"
  callId: 20948
}
, term: 5
index: 200
stateMachineLogEntry {
  logData: "m86"
  stateMachineEntry {
    stateMachineData: "StateMachine Data"
  }
  clientId: "\000\000\000\000\000\000\000\000\000\000\000\000\000\000\000\024"
  callId: 20952
}
, term: 5
index: 202
stateMachineLogEntry {
  logData: "m94"
  stateMachineEntry {
    stateMachineData: "StateMachine Data"
  }
  clientId: "\000\000\000\000\000\000\000\000\000\000\000\000\000\000\000\024"
  callId: 20960
}
, term: 5
index: 204
stateMachineLogEntry {
  logData: "m98"
  stateMachineEntry {
    stateMachineData: "StateMachine Data"
  }
  clientId: "\000\000\000\000\000\000\000\000\000\000\000\000\000\000\000\024"
  callId: 20964
}
, term: 5
index: 206
stateMachineLogEntry {
  logData: "m96"
  stateMachineEntry {
    stateMachineData: "StateMachine Data"
  }
  clientId: "\000\000\000\000\000\000\000\000\000\000\000\000\000\000\000\024"
  callId: 20962
}
] ==> expected: <true> but was: <false>
[ERROR]   Run 4: TestRaftAsyncWithNetty>RaftAsyncTests.testBasicAppendEntriesAsyncKillLeader:278->RaftAsyncTests.runTestBasicAppendEntriesAsync:267->RaftAsyncTests.lambda$runTestBasicAppendEntriesAsync$0:268 Failed to find m3 in entries [term: 3
index: 5
stateMachineLogEntry {
  logData: "m0"
  stateMachineEntry {
    stateMachineData: "StateMachine Data"
  }
  clientId: "\000\000\000\000\000\000\000\000\000\000\000\000\000\000\000\025"
  callId: 27613
}
, term: 3
index: 7
stateMachineLogEntry {
  logData: "m35"
  stateMachineEntry {
    stateMachineData: "StateMachine Data"
  }
  clientId: "\000\000\000\000\000\000\000\000\000\000\000\000\000\000\000\025"
  callId: 27648
}
, term: 3
index: 9
stateMachineLogEntry {
  logData: "m39"
  stateMachineEntry {
    stateMachineData: "StateMachine Data"
  }
  clientId: "\000\000\000\000\000\000\000\000\000\000\000\000\000\000\000\025"
  callId: 27652
}
, term: 3
index: 11
stateMachineLogEntry {
  logData: "m36"
  stateMachineEntry {
    stateMachineData: "StateMachine Data"
  }
  clientId: "\000\000\000\000\000\000\000\000\000\000\000\000\000\000\000\025"
  callId: 27649
}
, term: 3
index: 13
stateMachineLogEntry {
  logData: "m40"
  stateMachineEntry {
    stateMachineData: "StateMachine Data"
  }
  clientId: "\000\000\000\000\000\000\000\000\000\000\000\000\000\000\000\025"
  callId: 27653
}
, term: 3
index: 15
stateMachineLogEntry {
  logData: "m37"
  stateMachineEntry {
    stateMachineData: "StateMachine Data"
  }
  clientId: "\000\000\000\000\000\000\000\000\000\000\000\000\000\000\000\025"
  callId: 27650
}
, term: 3
index: 17
stateMachineLogEntry {
  logData: "m41"
  stateMachineEntry {
    stateMachineData: "StateMachine Data"
  }
  clientId: "\000\000\000\000\000\000\000\000\000\000\000\000\000\000\000\025"
  callId: 27654
}
, term: 3
index: 19
stateMachineLogEntry {
  logData: "m38"
  stateMachineEntry {
    stateMachineData: "StateMachine Data"
  }
  clientId: "\000\000\000\000\000\000\000\000\000\000\000\000\000\000\000\025"
  callId: 27651
}
, term: 3
index: 21
stateMachineLogEntry {
  logData: "m43"
  stateMachineEntry {
    stateMachineData: "StateMachine Data"
  }
  clientId: "\000\000\000\000\000\000\000\000\000\000\000\000\000\000\000\025"
  callId: 27656
}
, term: 3
index: 23
stateMachineLogEntry {
  logData: "m47"
  stateMachineEntry {
    stateMachineData: "StateMachine Data"
  }
  clientId: "\000\000\000\000\000\000\000\000\000\000\000\000\000\000\000\025"
  callId: 27660
}
, term: 3
index: 25
stateMachineLogEntry {
  logData: "m44"
  stateMachineEntry {
    stateMachineData: "StateMachine Data"
  }
  clientId: "\000\000\000\000\000\000\000\000\000\000\000\000\000\000\000\025"
  callId: 27657
}
, term: 3
index: 27
stateMachineLogEntry {
  logData: "m51"
  stateMachineEntry {
    stateMachineData: "StateMachine Data"
  }
  clientId: "\000\000\000\000\000\000\000\000\000\000\000\000\000\000\000\025"
  callId: 27664
}
, term: 3
index: 29
stateMachineLogEntry {
  logData: "m48"
  stateMachineEntry {
    stateMachineData: "StateMachine Data"
  }
  clientId: "\000\000\000\000\000\000\000\000\000\000\000\000\000\000\000\025"
  callId: 27661
}
, term: 3
index: 31
stateMachineLogEntry {
  logData: "m55"
  stateMachineEntry {
    stateMachineData: "StateMachine Data"
  }
  clientId: "\000\000\000\000\000\000\000\000\000\000\000\000\000\000\000\025"
  callId: 27668
}
, term: 3
index: 33
stateMachineLogEntry {
  logData: "m52"
  stateMachineEntry {
    stateMachineData: "StateMachine Data"
  }
  clientId: "\000\000\000\000\000\000\000\000\000\000\000\000\000\000\000\025"
  callId: 27665
}
, term: 3
index: 35
stateMachineLogEntry {
  logData: "m59"
  stateMachineEntry {
    stateMachineData: "StateMachine Data"
  }
  clientId: "\000\000\000\000\000\000\000\000\000\000\000\000\000\000\000\025"
  callId: 27672
}
, term: 3
index: 37
stateMachineLogEntry {
  logData: "m56"
  stateMachineEntry {
    stateMachineData: "StateMachine Data"
  }
  clientId: "\000\000\000\000\000\000\000\000\000\000\000\000\000\000\000\025"
  callId: 27669
}
, term: 3
index: 39
stateMachineLogEntry {
  logData: "m63"
  stateMachineEntry {
    stateMachineData: "StateMachine Data"
  }
  clientId: "\000\000\000\000\000\000\000\000\000\000\000\000\000\000\000\025"
  callId: 27676
}
, term: 3
index: 41
stateMachineLogEntry {
  logData: "m60"
  stateMachineEntry {
    stateMachineData: "StateMachine Data"
  }
  clientId: "\000\000\000\000\000\000\000\000\000\000\000\000\000\000\000\025"
  callId: 27673
}
, term: 3
index: 43
stateMachineLogEntry {
  logData: "m67"
  stateMachineEntry {
    stateMachineData: "StateMachine Data"
  }
  clientId: "\000\000\000\000\000\000\000\000\000\000\000\000\000\000\000\025"
  callId: 27680
}
, term: 3
index: 45
stateMachineLogEntry {
  logData: "m64"
  stateMachineEntry {
    stateMachineData: "StateMachine Data"
  }
  clientId: "\000\000\000\000\000\000\000\000\000\000\000\000\000\000\000\025"
  callId: 27677
}
, term: 3
index: 47
stateMachineLogEntry {
  logData: "m71"
  stateMachineEntry {
    stateMachineData: "StateMachine Data"
  }
  clientId: "\000\000\000\000\000\000\000\000\000\000\000\000\000\000\000\025"
  callId: 27684
}
, term: 3
index: 49
stateMachineLogEntry {
  logData: "m68"
  stateMachineEntry {
    stateMachineData: "StateMachine Data"
  }
  clientId: "\000\000\000\000\000\000\000\000\000\000\000\000\000\000\000\025"
  callId: 27681
}
, term: 3
index: 51
stateMachineLogEntry {
  logData: "m75"
  stateMachineEntry {
    stateMachineData: "StateMachine Data"
  }
  clientId: "\000\000\000\000\000\000\000\000\000\000\000\000\000\000\000\025"
  callId: 27688
}
, term: 3
index: 53
stateMachineLogEntry {
  logData: "m72"
  stateMachineEntry {
    stateMachineData: "StateMachine Data"
  }
  clientId: "\000\000\000\000\000\000\000\000\000\000\000\000\000\000\000\025"
  callId: 27685
}
, term: 3
index: 55
stateMachineLogEntry {
  logData: "m79"
  stateMachineEntry {
    stateMachineData: "StateMachine Data"
  }
  clientId: "\000\000\000\000\000\000\000\000\000\000\000\000\000\000\000\025"
  callId: 27692
}
, term: 3
index: 57
stateMachineLogEntry {
  logData: "m83"
  stateMachineEntry {
    stateMachineData: "StateMachine Data"
  }
  clientId: "\000\000\000\000\000\000\000\000\000\000\000\000\000\000\000\025"
  callId: 27696
}
, term: 3
index: 59
stateMachineLogEntry {
  logData: "m87"
  stateMachineEntry {
    stateMachineData: "StateMachine Data"
  }
  clientId: "\000\000\000\000\000\000\000\000\000\000\000\000\000\000\000\025"
  callId: 27700
}
, term: 3
index: 61
stateMachineLogEntry {
  logData: "m76"
  stateMachineEntry {
    stateMachineData: "StateMachine Data"
  }
  clientId: "\000\000\000\000\000\000\000\000\000\000\000\000\000\000\000\025"
  callId: 27689
}
, term: 3
index: 63
stateMachineLogEntry {
  logData: "m91"
  stateMachineEntry {
    stateMachineData: "StateMachine Data"
  }
  clientId: "\000\000\000\000\000\000\000\000\000\000\000\000\000\000\000\025"
  callId: 27704
}
, term: 3
index: 65
stateMachineLogEntry {
  logData: "m80"
  stateMachineEntry {
    stateMachineData: "StateMachine Data"
  }
  clientId: "\000\000\000\000\000\000\000\000\000\000\000\000\000\000\000\025"
  callId: 27693
}
, term: 3
index: 67
stateMachineLogEntry {
  logData: "m84"
  stateMachineEntry {
    stateMachineData: "StateMachine Data"
  }
  clientId: "\000\000\000\000\000\000\000\000\000\000\000\000\000\000\000\025"
  callId: 27697
}
, term: 3
index: 69
stateMachineLogEntry {
  logData: "m46"
  stateMachineEntry {
    stateMachineData: "StateMachine Data"
  }
  clientId: "\000\000\000\000\000\000\000\000\000\000\000\000\000\000\000\025"
  callId: 27659
}
, term: 3
index: 71
stateMachineLogEntry {
  logData: "m88"
  stateMachineEntry {
    stateMachineData: "StateMachine Data"
  }
  clientId: "\000\000\000\000\000\000\000\000\000\000\000\000\000\000\000\025"
  callId: 27701
}
, term: 3
index: 73
stateMachineLogEntry {
  logData: "m50"
  stateMachineEntry {
    stateMachineData: "StateMachine Data"
  }
  clientId: "\000\000\000\000\000\000\000\000\000\000\000\000\000\000\000\025"
  callId: 27663
}
, term: 3
index: 75
stateMachineLogEntry {
  logData: "m54"
  stateMachineEntry {
    stateMachineData: "StateMachine Data"
  }
  clientId: "\000\000\000\000\000\000\000\000\000\000\000\000\000\000\000\025"
  callId: 27667
}
, term: 3
index: 77
stateMachineLogEntry {
  logData: "m58"
  stateMachineEntry {
    stateMachineData: "StateMachine Data"
  }
  clientId: "\000\000\000\000\000\000\000\000\000\000\000\000\000\000\000\025"
  callId: 27671
}
, term: 3
index: 79
stateMachineLogEntry {
  logData: "m42"
  stateMachineEntry {
    stateMachineData: "StateMachine Data"
  }
  clientId: "\000\000\000\000\000\000\000\000\000\000\000\000\000\000\000\025"
  callId: 27655
}
, term: 3
index: 81
stateMachineLogEntry {
  logData: "m62"
  stateMachineEntry {
    stateMachineData: "StateMachine Data"
  }
  clientId: "\000\000\000\000\000\000\000\000\000\000\000\000\000\000\000\025"
  callId: 27675
}
, term: 3
index: 83
stateMachineLogEntry {
  logData: "m45"
  stateMachineEntry {
    stateMachineData: "StateMachine Data"
  }
  clientId: "\000\000\000\000\000\000\000\000\000\000\000\000\000\000\000\025"
  callId: 27658
}
, term: 3
index: 85
stateMachineLogEntry {
  logData: "m66"
  stateMachineEntry {
    stateMachineData: "StateMachine Data"
  }
  clientId: "\000\000\000\000\000\000\000\000\000\000\000\000\000\000\000\025"
  callId: 27679
}
, term: 3
index: 87
stateMachineLogEntry {
  logData: "m49"
  stateMachineEntry {
    stateMachineData: "StateMachine Data"
  }
  clientId: "\000\000\000\000\000\000\000\000\000\000\000\000\000\000\000\025"
  callId: 27662
}
, term: 3
index: 89
stateMachineLogEntry {
  logData: "m70"
  stateMachineEntry {
    stateMachineData: "StateMachine Data"
  }
  clientId: "\000\000\000\000\000\000\000\000\000\000\000\000\000\000\000\025"
  callId: 27683
}
, term: 3
index: 91
stateMachineLogEntry {
  logData: "m53"
  stateMachineEntry {
    stateMachineData: "StateMachine Data"
  }
  clientId: "\000\000\000\000\000\000\000\000\000\000\000\000\000\000\000\025"
  callId: 27666
}
, term: 3
index: 93
stateMachineLogEntry {
  logData: "m74"
  stateMachineEntry {
    stateMachineData: "StateMachine Data"
  }
  clientId: "\000\000\000\000\000\000\000\000\000\000\000\000\000\000\000\025"
  callId: 27687
}
, term: 3
index: 95
stateMachineLogEntry {
  logData: "m57"
  stateMachineEntry {
    stateMachineData: "StateMachine Data"
  }
  clientId: "\000\000\000\000\000\000\000\000\000\000\000\000\000\000\000\025"
  callId: 27670
}
, term: 3
index: 97
stateMachineLogEntry {
  logData: "m78"
  stateMachineEntry {
    stateMachineData: "StateMachine Data"
  }
  clientId: "\000\000\000\000\000\000\000\000\000\000\000\000\000\000\000\025"
  callId: 27691
}
, term: 3
index: 99
stateMachineLogEntry {
  logData: "m61"
  stateMachineEntry {
    stateMachineData: "StateMachine Data"
  }
  clientId: "\000\000\000\000\000\000\000\000\000\000\000\000\000\000\000\025"
  callId: 27674
}
, term: 3
index: 101
stateMachineLogEntry {
  logData: "m82"
  stateMachineEntry {
    stateMachineData: "StateMachine Data"
  }
  clientId: "\000\000\000\000\000\000\000\000\000\000\000\000\000\000\000\025"
  callId: 27695
}
, term: 3
index: 103
stateMachineLogEntry {
  logData: "m86"
  stateMachineEntry {
    stateMachineData: "StateMachine Data"
  }
  clientId: "\000\000\000\000\000\000\000\000\000\000\000\000\000\000\000\025"
  callId: 27699
}
, term: 3
index: 105
stateMachineLogEntry {
  logData: "m65"
  stateMachineEntry {
    stateMachineData: "StateMachine Data"
  }
  clientId: "\000\000\000\000\000\000\000\000\000\000\000\000\000\000\000\025"
  callId: 27678
}
, term: 3
index: 107
stateMachineLogEntry {
  logData: "m90"
  stateMachineEntry {
    stateMachineData: "StateMachine Data"
  }
  clientId: "\000\000\000\000\000\000\000\000\000\000\000\000\000\000\000\025"
  callId: 27703
}
, term: 3
index: 109
stateMachineLogEntry {
  logData: "m69"
  stateMachineEntry {
    stateMachineData: "StateMachine Data"
  }
  clientId: "\000\000\000\000\000\000\000\000\000\000\000\000\000\000\000\025"
  callId: 27682
}
, term: 3
index: 111
stateMachineLogEntry {
  logData: "m73"
  stateMachineEntry {
    stateMachineData: "StateMachine Data"
  }
  clientId: "\000\000\000\000\000\000\000\000\000\000\000\000\000\000\000\025"
  callId: 27686
}
, term: 3
index: 113
stateMachineLogEntry {
  logData: "m77"
  stateMachineEntry {
    stateMachineData: "StateMachine Data"
  }
  clientId: "\000\000\000\000\000\000\000\000\000\000\000\000\000\000\000\025"
  callId: 27690
}
, term: 3
index: 115
stateMachineLogEntry {
  logData: "m81"
  stateMachineEntry {
    stateMachineData: "StateMachine Data"
  }
  clientId: "\000\000\000\000\000\000\000\000\000\000\000\000\000\000\000\025"
  callId: 27694
}
, term: 3
index: 117
stateMachineLogEntry {
  logData: "m85"
  stateMachineEntry {
    stateMachineData: "StateMachine Data"
  }
  clientId: "\000\000\000\000\000\000\000\000\000\000\000\000\000\000\000\025"
  callId: 27698
}
, term: 3
index: 119
stateMachineLogEntry {
  logData: "m89"
  stateMachineEntry {
    stateMachineData: "StateMachine Data"
  }
  clientId: "\000\000\000\000\000\000\000\000\000\000\000\000\000\000\000\025"
  callId: 27702
}
, term: 3
index: 121
stateMachineLogEntry {
  logData: "m8"
  stateMachineEntry {
    stateMachineData: "StateMachine Data"
  }
  clientId: "\000\000\000\000\000\000\000\000\000\000\000\000\000\000\000\025"
  callId: 27621
}
, term: 3
index: 123
stateMachineLogEntry {
  logData: "m4"
  stateMachineEntry {
    stateMachineData: "StateMachine Data"
  }
  clientId: "\000\000\000\000\000\000\000\000\000\000\000\000\000\000\000\025"
  callId: 27617
}
, term: 3
index: 125
stateMachineLogEntry {
  logData: "m95"
  stateMachineEntry {
    stateMachineData: "StateMachine Data"
  }
  clientId: "\000\000\000\000\000\000\000\000\000\000\000\000\000\000\000\025"
  callId: 27708
}
, term: 3
index: 127
stateMachineLogEntry {
  logData: "m99"
  stateMachineEntry {
    stateMachineData: "StateMachine Data"
  }
  clientId: "\000\000\000\000\000\000\000\000\000\000\000\000\000\000\000\025"
  callId: 27721
}
, term: 3
index: 129
stateMachineLogEntry {
  logData: "m5"
  stateMachineEntry {
    stateMachineData: "StateMachine Data"
  }
  clientId: "\000\000\000\000\000\000\000\000\000\000\000\000\000\000\000\025"
  callId: 27618
}
, term: 3
index: 131
stateMachineLogEntry {
  logData: "m9"
  stateMachineEntry {
    stateMachineData: "StateMachine Data"
  }
  clientId: "\000\000\000\000\000\000\000\000\000\000\000\000\000\000\000\025"
  callId: 27622
}
, term: 3
index: 133
stateMachineLogEntry {
  logData: "m1"
  stateMachineEntry {
    stateMachineData: "StateMachine Data"
  }
  clientId: "\000\000\000\000\000\000\000\000\000\000\000\000\000\000\000\025"
  callId: 27614
}
, term: 3
index: 135
stateMachineLogEntry {
  logData: "m92"
  stateMachineEntry {
    stateMachineData: "StateMachine Data"
  }
  clientId: "\000\000\000\000\000\000\000\000\000\000\000\000\000\000\000\025"
  callId: 27705
}
, term: 3
index: 137
stateMachineLogEntry {
  logData: "m11"
  stateMachineEntry {
    stateMachineData: "StateMachine Data"
  }
  clientId: "\000\000\000\000\000\000\000\000\000\000\000\000\000\000\000\025"
  callId: 27624
}
, term: 3
index: 139
stateMachineLogEntry {
  logData: "m96"
  stateMachineEntry {
    stateMachineData: "StateMachine Data"
  }
  clientId: "\000\000\000\000\000\000\000\000\000\000\000\000\000\000\000\025"
  callId: 27709
}
, term: 3
index: 141
stateMachineLogEntry {
  logData: "m94"
  stateMachineEntry {
    stateMachineData: "StateMachine Data"
  }
  clientId: "\000\000\000\000\000\000\000\000\000\000\000\000\000\000\000\025"
  callId: 27707
}
, term: 3
index: 143
stateMachineLogEntry {
  logData: "m98"
  stateMachineEntry {
    stateMachineData: "StateMachine Data"
  }
  clientId: "\000\000\000\000\000\000\000\000\000\000\000\000\000\000\000\025"
  callId: 27711
}
, term: 3
index: 145
stateMachineLogEntry {
  logData: "m10"
  stateMachineEntry {
    stateMachineData: "StateMachine Data"
  }
  clientId: "\000\000\000\000\000\000\000\000\000\000\000\000\000\000\000\025"
  callId: 27623
}
, term: 3
index: 147
stateMachineLogEntry {
  logData: "m3"
  stateMachineEntry {
    stateMachineData: "StateMachine Data"
  }
  clientId: "\000\000\000\000\000\000\000\000\000\000\000\000\000\000\000\025"
  callId: 27616
}
, term: 3
index: 149
stateMachineLogEntry {
  logData: "m6"
  stateMachineEntry {
    stateMachineData: "StateMachine Data"
  }
  clientId: "\000\000\000\000\000\000\000\000\000\000\000\000\000\000\000\025"
  callId: 27619
}
, term: 3
index: 151
stateMachineLogEntry {
  logData: "m7"
  stateMachineEntry {
    stateMachineData: "StateMachine Data"
  }
  clientId: "\000\000\000\000\000\000\000\000\000\000\000\000\000\000\000\025"
  callId: 27620
}
, term: 3
index: 153
stateMachineLogEntry {
  logData: "m93"
  stateMachineEntry {
    stateMachineData: "StateMachine Data"
  }
  clientId: "\000\000\000\000\000\000\000\000\000\000\000\000\000\000\000\025"
  callId: 27706
}
, term: 3
index: 155
stateMachineLogEntry {
  logData: "m97"
  stateMachineEntry {
    stateMachineData: "StateMachine Data"
  }
  clientId: "\000\000\000\000\000\000\000\000\000\000\000\000\000\000\000\025"
  callId: 27710
}
, term: 3
index: 157
stateMachineLogEntry {
  logData: "m2"
  stateMachineEntry {
    stateMachineData: "StateMachine Data"
  }
  clientId: "\000\000\000\000\000\000\000\000\000\000\000\000\000\000\000\025"
  callId: 27615
}
, term: 3
index: 159
stateMachineLogEntry {
  logData: "m20"
  stateMachineEntry {
    stateMachineData: "StateMachine Data"
  }
  clientId: "\000\000\000\000\000\000\000\000\000\000\000\000\000\000\000\025"
  callId: 27633
}
, term: 3
index: 161
stateMachineLogEntry {
  logData: "m12"
  stateMachineEntry {
    stateMachineData: "StateMachine Data"
  }
  clientId: "\000\000\000\000\000\000\000\000\000\000\000\000\000\000\000\025"
  callId: 27625
}
, term: 3
index: 163
stateMachineLogEntry {
  logData: "m16"
  stateMachineEntry {
    stateMachineData: "StateMachine Data"
  }
  clientId: "\000\000\000\000\000\000\000\000\000\000\000\000\000\000\000\025"
  callId: 27629
}
, term: 3
index: 165
stateMachineLogEntry {
  logData: "m24"
  stateMachineEntry {
    stateMachineData: "StateMachine Data"
  }
  clientId: "\000\000\000\000\000\000\000\000\000\000\000\000\000\000\000\025"
  callId: 27637
}
, term: 3
index: 167
stateMachineLogEntry {
  logData: "m13"
  stateMachineEntry {
    stateMachineData: "StateMachine Data"
  }
  clientId: "\000\000\000\000\000\000\000\000\000\000\000\000\000\000\000\025"
  callId: 27626
}
, term: 3
index: 169
stateMachineLogEntry {
  logData: "m21"
  stateMachineEntry {
    stateMachineData: "StateMachine Data"
  }
  clientId: "\000\000\000\000\000\000\000\000\000\000\000\000\000\000\000\025"
  callId: 27634
}
, term: 3
index: 171
stateMachineLogEntry {
  logData: "m22"
  stateMachineEntry {
    stateMachineData: "StateMachine Data"
  }
  clientId: "\000\000\000\000\000\000\000\000\000\000\000\000\000\000\000\025"
  callId: 27635
}
, term: 3
index: 173
stateMachineLogEntry {
  logData: "m17"
  stateMachineEntry {
    stateMachineData: "StateMachine Data"
  }
  clientId: "\000\000\000\000\000\000\000\000\000\000\000\000\000\000\000\025"
  callId: 27630
}
, term: 3
index: 175
stateMachineLogEntry {
  logData: "m14"
  stateMachineEntry {
    stateMachineData: "StateMachine Data"
  }
  clientId: "\000\000\000\000\000\000\000\000\000\000\000\000\000\000\000\025"
  callId: 27627
}
, term: 3
index: 177
stateMachineLogEntry {
  logData: "m18"
  stateMachineEntry {
    stateMachineData: "StateMachine Data"
  }
  clientId: "\000\000\000\000\000\000\000\000\000\000\000\000\000\000\000\025"
  callId: 27631
}
, term: 3
index: 179
stateMachineLogEntry {
  logData: "m15"
  stateMachineEntry {
    stateMachineData: "StateMachine Data"
  }
  clientId: "\000\000\000\000\000\000\000\000\000\000\000\000\000\000\000\025"
  callId: 27628
}
, term: 3
index: 181
stateMachineLogEntry {
  logData: "m19"
  stateMachineEntry {
    stateMachineData: "StateMachine Data"
  }
  clientId: "\000\000\000\000\000\000\000\000\000\000\000\000\000\000\000\025"
  callId: 27632
}
, term: 3
index: 183
stateMachineLogEntry {
  logData: "m23"
  stateMachineEntry {
    stateMachineData: "StateMachine Data"
  }
  clientId: "\000\000\000\000\000\000\000\000\000\000\000\000\000\000\000\025"
  callId: 27636
}
, term: 3
index: 185
stateMachineLogEntry {
  logData: "m28"
  stateMachineEntry {
    stateMachineData: "StateMachine Data"
  }
  clientId: "\000\000\000\000\000\000\000\000\000\000\000\000\000\000\000\025"
  callId: 27641
}
, term: 3
index: 187
stateMachineLogEntry {
  logData: "m32"
  stateMachineEntry {
    stateMachineData: "StateMachine Data"
  }
  clientId: "\000\000\000\000\000\000\000\000\000\000\000\000\000\000\000\025"
  callId: 27645
}
, term: 3
index: 189
stateMachineLogEntry {
  logData: "m33"
  stateMachineEntry {
    stateMachineData: "StateMachine Data"
  }
  clientId: "\000\000\000\000\000\000\000\000\000\000\000\000\000\000\000\025"
  callId: 27646
}
, term: 3
index: 191
stateMachineLogEntry {
  logData: "m25"
  stateMachineEntry {
    stateMachineData: "StateMachine Data"
  }
  clientId: "\000\000\000\000\000\000\000\000\000\000\000\000\000\000\000\025"
  callId: 27638
}
, term: 3
index: 193
stateMachineLogEntry {
  logData: "m29"
  stateMachineEntry {
    stateMachineData: "StateMachine Data"
  }
  clientId: "\000\000\000\000\000\000\000\000\000\000\000\000\000\000\000\025"
  callId: 27642
}
, term: 3
index: 195
stateMachineLogEntry {
  logData: "m30"
  stateMachineEntry {
    stateMachineData: "StateMachine Data"
  }
  clientId: "\000\000\000\000\000\000\000\000\000\000\000\000\000\000\000\025"
  callId: 27643
}
, term: 3
index: 197
stateMachineLogEntry {
  logData: "m27"
  stateMachineEntry {
    stateMachineData: "StateMachine Data"
  }
  clientId: "\000\000\000\000\000\000\000\000\000\000\000\000\000\000\000\025"
  callId: 27640
}
, term: 3
index: 199
stateMachineLogEntry {
  logData: "m26"
  stateMachineEntry {
    stateMachineData: "StateMachine Data"
  }
  clientId: "\000\000\000\000\000\000\000\000\000\000\000\000\000\000\000\025"
  callId: 27639
}
, term: 3
index: 201
stateMachineLogEntry {
  logData: "m31"
  stateMachineEntry {
    stateMachineData: "StateMachine Data"
  }
  clientId: "\000\000\000\000\000\000\000\000\000\000\000\000\000\000\000\025"
  callId: 27644
}
, term: 3
index: 203
stateMachineLogEntry {
  logData: "m34"
  stateMachineEntry {
    stateMachineData: "StateMachine Data"
  }
  clientId: "\000\000\000\000\000\000\000\000\000\000\000\000\000\000\000\025"
  callId: 27647
}
] ==> expected: <true> but was: <false>
[INFO]   Run 5: PASS
[INFO] 
[INFO] 
[WARNING] Tests run: 25, Failures: 0, Errors: 0, Skipped: 0, Flakes: 2
[INFO] 
[INFO] 
[INFO] ------------------< org.apache.ratis:ratis-examples >-------------------
[INFO] Building Apache Ratis Examples 3.3.0-SNAPSHOT                    [18/20]
[INFO]   from ratis-examples/pom.xml
[INFO] --------------------------------[ jar ]---------------------------------
[INFO] 
[INFO] --- enforcer:3.6.3:enforce (enforce-maven-version) @ ratis-examples ---
[INFO] 
[INFO] --- enforcer:3.6.3:enforce (enforce-java-version) @ ratis-examples ---
[INFO] 
[INFO] --- jacoco:0.8.15:prepare-agent (default-prepare-agent) @ ratis-examples ---
[INFO] argLine set to -javaagent:/home/runner/.m2/repository/org/jacoco/org.jacoco.agent/0.8.15/org.jacoco.agent-0.8.15-runtime.jar=destfile=/home/runner/work/ratis/ratis/ratis-examples/target/jacoco.exec,includes=org.apache.ratis.*
[INFO] 
[INFO] --- build-helper:3.6.1:add-source (add-source) @ ratis-examples ---
[INFO] Source directory: /home/runner/work/ratis/ratis/ratis-examples/target/generated-sources added.
[INFO] 
[INFO] --- enforcer:3.6.3:enforce (bannedImports-finalizers) @ ratis-examples ---
[INFO] Rule 0: org.apache.maven.plugins.enforcer.RestrictImports passed
[INFO] 
[INFO] --- remote-resources:3.3.0:process (process-resource-bundles) @ ratis-examples ---
[INFO] Preparing remote bundle org.apache.apache.resources:apache-jar-resource-bundle:1.8
[INFO] Copying 3 resources from 1 bundle.
[INFO] 
[INFO] --- hadoops:3.4.3:version-info (version-info) @ ratis-examples ---
[INFO] SCM: GIT
[INFO] Computed MD5: d41d8cd98f0b24e980998ecf8427e
[INFO] 
[INFO] --- resources:3.5.0:resources (default-resources) @ ratis-examples ---
[INFO] Copying 2 resources from src/main/resources to target/classes
[INFO] Copying 1 resource from ../src/main/resources to target/classes
[INFO] Copying 3 resources from target/maven-shared-archive-resources to target/classes
[INFO] 
[INFO] --- compiler:3.15.0:compile (default-compile) @ ratis-examples ---
[INFO] Compiling 38 source files with javac [forked debug release 8] to target/classes
[WARNING] /home/runner/work/ratis/ratis/ratis-examples/src/main/java/org/apache/ratis/examples/arithmetic/ArithmeticStateMachine.java:[91,26] [try] auto-closeable resource readLock is never referenced in body of corresponding try statement
[WARNING] /home/runner/work/ratis/ratis/ratis-examples/src/main/java/org/apache/ratis/examples/arithmetic/ArithmeticStateMachine.java:[131,26] [try] auto-closeable resource writeLock is never referenced in body of corresponding try statement
[WARNING] /home/runner/work/ratis/ratis/ratis-examples/src/main/java/org/apache/ratis/examples/arithmetic/ArithmeticStateMachine.java:[152,26] [try] auto-closeable resource readLock is never referenced in body of corresponding try statement
[WARNING] /home/runner/work/ratis/ratis/ratis-examples/src/main/java/org/apache/ratis/examples/arithmetic/ArithmeticStateMachine.java:[172,26] [try] auto-closeable resource writeLock is never referenced in body of corresponding try statement
[WARNING] /home/runner/work/ratis/ratis/ratis-examples/src/main/java/org/apache/ratis/examples/arithmetic/AssignmentMessage.java:[1] [dangling-doc-comments] documentation comment is not attached to any declaration
[WARNING] /home/runner/work/ratis/ratis/ratis-examples/src/main/java/org/apache/ratis/examples/arithmetic/Evaluable.java:[1] [dangling-doc-comments] documentation comment is not attached to any declaration
[WARNING] /home/runner/work/ratis/ratis/ratis-examples/src/main/java/org/apache/ratis/examples/arithmetic/expression/Variable.java:[1] [dangling-doc-comments] documentation comment is not attached to any declaration
[WARNING] /home/runner/work/ratis/ratis/ratis-examples/src/main/java/org/apache/ratis/examples/arithmetic/cli/Arithmetic.java:[1] [dangling-doc-comments] documentation comment is not attached to any declaration
[WARNING] /home/runner/work/ratis/ratis/ratis-examples/src/main/java/org/apache/ratis/examples/arithmetic/cli/Client.java:[1] [dangling-doc-comments] documentation comment is not attached to any declaration
[WARNING] /home/runner/work/ratis/ratis/ratis-examples/src/main/java/org/apache/ratis/examples/arithmetic/cli/Get.java:[1] [dangling-doc-comments] documentation comment is not attached to any declaration
[WARNING] /home/runner/work/ratis/ratis/ratis-examples/src/main/java/org/apache/ratis/examples/arithmetic/cli/Server.java:[1] [dangling-doc-comments] documentation comment is not attached to any declaration
[WARNING] /home/runner/work/ratis/ratis/ratis-examples/src/main/java/org/apache/ratis/examples/arithmetic/expression/BinaryExpression.java:[1] [dangling-doc-comments] documentation comment is not attached to any declaration
[WARNING] /home/runner/work/ratis/ratis/ratis-examples/src/main/java/org/apache/ratis/examples/arithmetic/expression/DoubleValue.java:[1] [dangling-doc-comments] documentation comment is not attached to any declaration
[WARNING] /home/runner/work/ratis/ratis/ratis-examples/src/main/java/org/apache/ratis/examples/arithmetic/expression/NullValue.java:[1] [dangling-doc-comments] documentation comment is not attached to any declaration
[WARNING] /home/runner/work/ratis/ratis/ratis-examples/src/main/java/org/apache/ratis/examples/arithmetic/expression/UnaryExpression.java:[1] [dangling-doc-comments] documentation comment is not attached to any declaration
[WARNING] /home/runner/work/ratis/ratis/ratis-examples/src/main/java/org/apache/ratis/examples/debug/server/Server.java:[1] [dangling-doc-comments] documentation comment is not attached to any declaration
[WARNING] /home/runner/work/ratis/ratis/ratis-examples/src/main/java/org/apache/ratis/examples/filestore/FileStore.java:[150,28] [this-escape] possible 'this' escape before subclass is fully initialized
[WARNING] /home/runner/work/ratis/ratis/ratis-examples/src/main/java/org/apache/ratis/examples/filestore/FileStoreCommon.java:[1] [dangling-doc-comments] documentation comment is not attached to any declaration
[WARNING] /home/runner/work/ratis/ratis/ratis-examples/src/main/java/org/apache/ratis/examples/filestore/FileStoreStateMachine.java:[71,31] [this-escape] possible 'this' escape before subclass is fully initialized
[WARNING] /home/runner/work/ratis/ratis/ratis-examples/src/main/java/org/apache/ratis/examples/filestore/cli/Client.java:[1] [dangling-doc-comments] documentation comment is not attached to any declaration
[WARNING] /home/runner/work/ratis/ratis/ratis-examples/src/main/java/org/apache/ratis/examples/filestore/cli/FileStore.java:[1] [dangling-doc-comments] documentation comment is not attached to any declaration
[WARNING] /home/runner/work/ratis/ratis/ratis-examples/src/main/java/org/apache/ratis/examples/membership/server/Console.java:[104,30] [rawtypes] found raw type: ArrayList
  missing type arguments for generic class ArrayList<E>
  where E is a type-variable:
    E extends Object declared in class ArrayList
[WARNING] /home/runner/work/ratis/ratis/ratis-examples/src/main/java/org/apache/ratis/examples/membership/server/Console.java:[104,26] [unchecked] unchecked conversion
  required: List<Integer>
  found:    ArrayList
[INFO] 
[INFO] --- resources:3.5.0:testResources (default-testResources) @ ratis-examples ---
[INFO] Copying 1 resource from src/test/resources to target/test-classes
[INFO] Copying 3 resources from target/maven-shared-archive-resources to target/test-classes
[INFO] 
[INFO] --- compiler:3.15.0:testCompile (default-testCompile) @ ratis-examples ---
[INFO] Compiling 18 source files with javac [forked debug release 8] to target/test-classes
[WARNING] /home/runner/work/ratis/ratis/ratis-examples/src/test/java/org/apache/ratis/examples/ParameterizedBaseTest.java:[80,52] [rawtypes] found raw type: Factory
  missing type arguments for generic class Factory<CLUSTER>
  where CLUSTER is a type-variable:
    CLUSTER extends MiniRaftCluster declared in class Factory
[WARNING] /home/runner/work/ratis/ratis/ratis-examples/src/test/java/org/apache/ratis/examples/arithmetic/TestArithmeticLogDump.java:[53,52] [this-escape] possible 'this' escape before subclass is fully initialized
[WARNING] /home/runner/work/ratis/ratis/ratis-examples/src/test/java/org/apache/ratis/examples/arithmetic/cli/TestAssignCli.java:[1] [dangling-doc-comments] documentation comment is not attached to any declaration
[WARNING] /home/runner/work/ratis/ratis/ratis-examples/src/test/java/org/apache/ratis/examples/counter/server/TestManualRestoreSnapshot.java:[58,17] [this-escape] possible 'this' escape before subclass is fully initialized
[WARNING] /home/runner/work/ratis/ratis/ratis-examples/src/test/java/org/apache/ratis/examples/filestore/FileStoreAsyncBaseTest.java:[1] [dangling-doc-comments] documentation comment is not attached to any declaration
[WARNING] /home/runner/work/ratis/ratis/ratis-examples/src/test/java/org/apache/ratis/examples/filestore/FileStoreAsyncBaseTest.java:[47,42] [this-escape] possible 'this' escape before subclass is fully initialized
[WARNING] /home/runner/work/ratis/ratis/ratis-examples/src/test/java/org/apache/ratis/examples/filestore/FileStoreBaseTest.java:[58,42] [this-escape] possible 'this' escape before subclass is fully initialized
[WARNING] /home/runner/work/ratis/ratis/ratis-examples/src/test/java/org/apache/ratis/examples/filestore/FileStoreWriter.java:[1] [dangling-doc-comments] documentation comment is not attached to any declaration
[WARNING] /home/runner/work/ratis/ratis/ratis-examples/src/test/java/org/apache/ratis/examples/filestore/FileStoreStreamingBaseTest.java:[54,42] [this-escape] possible 'this' escape before subclass is fully initialized
[WARNING] /home/runner/work/ratis/ratis/ratis-examples/src/test/java/org/apache/ratis/examples/filestore/TestFileStoreAsyncWithGrpc.java:[1] [dangling-doc-comments] documentation comment is not attached to any declaration
[WARNING] /home/runner/work/ratis/ratis/ratis-examples/src/test/java/org/apache/ratis/examples/filestore/TestFileStoreStreamingWithGrpcCluster.java:[1] [dangling-doc-comments] documentation comment is not attached to any declaration
[INFO] 
[INFO] --- surefire:3.5.6:test (default-test) @ ratis-examples ---
[INFO] Using auto detected provider org.apache.maven.surefire.junitplatform.JUnitPlatformProvider
[INFO] Using auto detected provider org.apache.maven.surefire.junitplatform.JUnitPlatformProvider
[INFO] Using auto detected provider org.apache.maven.surefire.junitplatform.JUnitPlatformProvider
[INFO] 
[INFO] -------------------------------------------------------
[INFO]  T E S T S
[INFO] -------------------------------------------------------
[INFO] Running org.apache.ratis.TestMultiRaftGroup
[ERROR] Tests run: 3, Failures: 3, Errors: 0, Skipped: 0, Time elapsed: 25.31 s <<< FAILURE! -- in org.apache.ratis.TestMultiRaftGroup
[ERROR] org.apache.ratis.TestMultiRaftGroup.testMultiRaftGroup(MiniRaftCluster)[1] -- Time elapsed: 25.04 s <<< FAILURE!
java.lang.AssertionError: Unexpected exit.
	at org.apache.ratis.util.ExitUtils.assertNotTerminated(ExitUtils.java:109)
	at org.apache.ratis.server.impl.MiniRaftCluster.shutdown(MiniRaftCluster.java:823)
	at org.apache.ratis.server.impl.GroupManagementBaseTest.runMultiGroupTest(GroupManagementBaseTest.java:343)
	at org.apache.ratis.TestMultiRaftGroup.runTestMultiRaftGroup(TestMultiRaftGroup.java:72)
	at org.apache.ratis.TestMultiRaftGroup.runTestMultiRaftGroup(TestMultiRaftGroup.java:58)
	at org.apache.ratis.TestMultiRaftGroup.testMultiRaftGroup(TestMultiRaftGroup.java:54)
	at java.base/java.lang.reflect.Method.invoke(Method.java:565)
	at java.base/java.util.Optional.ifPresent(Optional.java:178)
	at java.base/java.util.stream.ForEachOps$ForEachOp$OfRef.accept(ForEachOps.java:186)
	at java.base/java.util.stream.ReferencePipeline$3$1.accept(ReferencePipeline.java:214)
	at java.base/java.util.stream.ForEachOps$ForEachOp$OfRef.accept(ForEachOps.java:186)
	at java.base/java.util.stream.ForEachOps$ForEachOp$OfRef.accept(ForEachOps.java:186)
	at java.base/java.util.stream.ReferencePipeline$3$1.accept(ReferencePipeline.java:214)
	at java.base/java.util.ArrayList$ArrayListSpliterator.forEachRemaining(ArrayList.java:1716)
	at java.base/java.util.stream.ReferencePipeline$Head.forEach(ReferencePipeline.java:803)
	at java.base/java.util.stream.ReferencePipeline$7$1FlatMap.accept(ReferencePipeline.java:293)
	at java.base/java.util.stream.ReferencePipeline$3$1.accept(ReferencePipeline.java:214)
	at java.base/java.util.stream.ReferencePipeline$3$1.accept(ReferencePipeline.java:214)
	at java.base/java.util.stream.ReferencePipeline$3$1.accept(ReferencePipeline.java:214)
	at java.base/java.util.Spliterators$ArraySpliterator.forEachRemaining(Spliterators.java:1024)
	at java.base/java.util.stream.AbstractPipeline.copyInto(AbstractPipeline.java:570)
	at java.base/java.util.stream.AbstractPipeline.wrapAndCopyInto(AbstractPipeline.java:560)
	at java.base/java.util.stream.ForEachOps$ForEachOp.evaluateSequential(ForEachOps.java:153)
	at java.base/java.util.stream.ForEachOps$ForEachOp$OfRef.evaluateSequential(ForEachOps.java:176)
	at java.base/java.util.stream.AbstractPipeline.evaluate(AbstractPipeline.java:265)
	at java.base/java.util.stream.ReferencePipeline.forEach(ReferencePipeline.java:632)
	at java.base/java.util.stream.ReferencePipeline$7$1FlatMap.accept(ReferencePipeline.java:293)
	at java.base/java.util.ArrayList$ArrayListSpliterator.forEachRemaining(ArrayList.java:1716)
	at java.base/java.util.stream.AbstractPipeline.copyInto(AbstractPipeline.java:570)
	at java.base/java.util.stream.AbstractPipeline.wrapAndCopyInto(AbstractPipeline.java:560)
	at java.base/java.util.stream.ForEachOps$ForEachOp.evaluateSequential(ForEachOps.java:153)
	at java.base/java.util.stream.ForEachOps$ForEachOp$OfRef.evaluateSequential(ForEachOps.java:176)
	at java.base/java.util.stream.AbstractPipeline.evaluate(AbstractPipeline.java:265)
	at java.base/java.util.stream.ReferencePipeline.forEach(ReferencePipeline.java:632)
	at java.base/java.util.stream.ReferencePipeline$7$1FlatMap.accept(ReferencePipeline.java:293)
	at java.base/java.util.stream.ReferencePipeline$3$1.accept(ReferencePipeline.java:214)
	at java.base/java.util.stream.ReferencePipeline$3$1.accept(ReferencePipeline.java:214)
	at java.base/java.util.stream.ReferencePipeline$3$1.accept(ReferencePipeline.java:214)
	at java.base/java.util.ArrayList$ArrayListSpliterator.forEachRemaining(ArrayList.java:1716)
	at java.base/java.util.stream.AbstractPipeline.copyInto(AbstractPipeline.java:570)
	at java.base/java.util.stream.AbstractPipeline.wrapAndCopyInto(AbstractPipeline.java:560)
	at java.base/java.util.stream.ForEachOps$ForEachOp.evaluateSequential(ForEachOps.java:153)
	at java.base/java.util.stream.ForEachOps$ForEachOp$OfRef.evaluateSequential(ForEachOps.java:176)
	at java.base/java.util.stream.AbstractPipeline.evaluate(AbstractPipeline.java:265)
	at java.base/java.util.stream.ReferencePipeline.forEach(ReferencePipeline.java:632)
	at java.base/java.util.ArrayList.forEach(ArrayList.java:1604)
	at java.base/java.util.ArrayList.forEach(ArrayList.java:1604)
	Suppressed: java.lang.AssertionError: Unexpected exit.
		at org.apache.ratis.util.ExitUtils.assertNotTerminated(ExitUtils.java:109)
		at org.apache.ratis.BaseTest.assertNoFailures(BaseTest.java:99)
		... 41 more
	Caused by: org.apache.ratis.util.ExitUtils$ExitException: s13.serverHandler2 is terminating.
		at org.apache.ratis.util.ExitUtils.terminate(ExitUtils.java:141)
		at org.apache.ratis.util.ExitUtils.terminate(ExitUtils.java:151)
		at org.apache.ratis.server.simulation.RequestHandler$HandlerDaemon.run(RequestHandler.java:138)
	Caused by: java.lang.IllegalStateException: s13@group-A169194E8018-SegmentedRaftLog is expected to be opened but it is CLOSED
		at org.apache.ratis.util.OpenCloseState.assertOpen(OpenCloseState.java:63)
		at org.apache.ratis.server.raftlog.RaftLogBase.checkLogState(RaftLogBase.java:113)
		at org.apache.ratis.server.raftlog.segmented.SegmentedRaftLog.getLastEntryTermIndex(SegmentedRaftLog.java:362)
		at org.apache.ratis.server.impl.ServerState.getLastEntry(ServerState.java:311)
		at org.apache.ratis.server.impl.RaftServerImpl.requestVote(RaftServerImpl.java:1533)
		at org.apache.ratis.server.impl.RaftServerImpl.requestVote(RaftServerImpl.java:1488)
		at org.apache.ratis.server.impl.RaftServerProxy.requestVote(RaftServerProxy.java:642)
		at org.apache.ratis.server.simulation.SimulatedServerRpc$1.handleRequest(SimulatedServerRpc.java:165)
		at org.apache.ratis.server.simulation.SimulatedServerRpc$1.handleRequest(SimulatedServerRpc.java:153)
		at org.apache.ratis.server.simulation.RequestHandler.handleRequest(RequestHandler.java:91)
		at org.apache.ratis.server.simulation.RequestHandler$HandlerDaemon.run(RequestHandler.java:125)
	Caused by: org.apache.ratis.util.OpenCloseState$CloseTrace: Close s13@group-A169194E8018-SegmentedRaftLog
		at org.apache.ratis.util.OpenCloseState.lambda$close$0(OpenCloseState.java:109)
		at java.base/java.util.concurrent.atomic.AtomicReference.getAndUpdate(AtomicReference.java:184)
		at org.apache.ratis.util.OpenCloseState.close(OpenCloseState.java:109)
		at org.apache.ratis.server.raftlog.RaftLogBase.close(RaftLogBase.java:394)
		at org.apache.ratis.server.raftlog.segmented.SegmentedRaftLog.close(SegmentedRaftLog.java:535)
		at org.apache.ratis.server.impl.ServerState.close(ServerState.java:446)
		at org.apache.ratis.server.impl.RaftServerImpl.lambda$close$0(RaftServerImpl.java:557)
		at org.apache.ratis.util.LifeCycle.lambda$checkStateAndClose$1(LifeCycle.java:312)
		at org.apache.ratis.util.LifeCycle.checkStateAndClose(LifeCycle.java:332)
		at org.apache.ratis.util.LifeCycle.checkStateAndClose(LifeCycle.java:310)
		at org.apache.ratis.server.impl.RaftServerImpl.close(RaftServerImpl.java:534)
		at org.apache.ratis.server.impl.RaftServerImpl.groupRemove(RaftServerImpl.java:492)
		at org.apache.ratis.server.impl.RaftServerProxy.lambda$groupRemoveAsync$0(RaftServerProxy.java:554)
		at java.base/java.util.concurrent.CompletableFuture.uniApplyNow(CompletableFuture.java:705)
		at java.base/java.util.concurrent.CompletableFuture.uniApplyStage(CompletableFuture.java:683)
		at java.base/java.util.concurrent.CompletableFuture.thenApply(CompletableFuture.java:2227)
		at org.apache.ratis.server.impl.RaftServerProxy.groupRemoveAsync(RaftServerProxy.java:553)
		at org.apache.ratis.server.impl.RaftServerProxy.groupManagementAsync(RaftServerProxy.java:502)
		at org.apache.ratis.server.impl.RaftServerProxy.groupManagement(RaftServerProxy.java:482)
		at org.apache.ratis.server.simulation.SimulatedServerRpc$2.handleRequest(SimulatedServerRpc.java:189)
		at org.apache.ratis.server.simulation.SimulatedServerRpc$2.handleRequest(SimulatedServerRpc.java:177)
		... 2 more
	Suppressed: java.lang.AssertionError: Unexpected exit.
		at org.apache.ratis.util.ExitUtils.assertNotTerminated(ExitUtils.java:109)
		at org.apache.ratis.server.impl.MiniRaftCluster.shutdown(MiniRaftCluster.java:823)
		at org.apache.ratis.server.impl.MiniRaftCluster.close(MiniRaftCluster.java:796)
		at java.base/java.util.stream.ForEachOps$ForEachOp$OfRef.accept(ForEachOps.java:186)
		at java.base/java.util.ArrayList.forEach(ArrayList.java:1604)
		at java.base/java.util.stream.SortedOps$RefSortingSink.end(SortedOps.java:395)
		at java.base/java.util.stream.Sink$ChainedReference.end(Sink.java:261)
		at java.base/java.util.stream.Sink$ChainedReference.end(Sink.java:261)
		at java.base/java.util.stream.AbstractPipeline.copyInto(AbstractPipeline.java:571)
		at java.base/java.util.stream.AbstractPipeline.wrapAndCopyInto(AbstractPipeline.java:560)
		at java.base/java.util.stream.ForEachOps$ForEachOp.evaluateSequential(ForEachOps.java:153)
		at java.base/java.util.stream.ForEachOps$ForEachOp$OfRef.evaluateSequential(ForEachOps.java:176)
		at java.base/java.util.stream.AbstractPipeline.evaluate(AbstractPipeline.java:265)
		at java.base/java.util.stream.ReferencePipeline.forEach(ReferencePipeline.java:632)
		... 40 more
	Caused by: [CIRCULAR REFERENCE: org.apache.ratis.util.ExitUtils$ExitException: s13.serverHandler2 is terminating.]
Caused by: [CIRCULAR REFERENCE: org.apache.ratis.util.ExitUtils$ExitException: s13.serverHandler2 is terminating.]

[ERROR] org.apache.ratis.TestMultiRaftGroup.testMultiRaftGroup(MiniRaftCluster)[2] -- Time elapsed: 0.004 s <<< FAILURE!
java.lang.AssertionError: Unexpected exit.
	at org.apache.ratis.util.ExitUtils.assertNotTerminated(ExitUtils.java:109)
	at org.apache.ratis.BaseTest.assertNoFailures(BaseTest.java:99)
	at java.base/java.lang.reflect.Method.invoke(Method.java:565)
	at java.base/java.util.Optional.ifPresent(Optional.java:178)
	at java.base/java.util.stream.ForEachOps$ForEachOp$OfRef.accept(ForEachOps.java:186)
	at java.base/java.util.stream.ReferencePipeline$3$1.accept(ReferencePipeline.java:214)
	at java.base/java.util.stream.ForEachOps$ForEachOp$OfRef.accept(ForEachOps.java:186)
	at java.base/java.util.stream.ForEachOps$ForEachOp$OfRef.accept(ForEachOps.java:186)
	at java.base/java.util.stream.ReferencePipeline$3$1.accept(ReferencePipeline.java:214)
	at java.base/java.util.ArrayList$ArrayListSpliterator.forEachRemaining(ArrayList.java:1716)
	at java.base/java.util.stream.ReferencePipeline$Head.forEach(ReferencePipeline.java:803)
	at java.base/java.util.stream.ReferencePipeline$7$1FlatMap.accept(ReferencePipeline.java:293)
	at java.base/java.util.stream.ReferencePipeline$3$1.accept(ReferencePipeline.java:214)
	at java.base/java.util.stream.ReferencePipeline$3$1.accept(ReferencePipeline.java:214)
	at java.base/java.util.stream.ReferencePipeline$3$1.accept(ReferencePipeline.java:214)
	at java.base/java.util.Spliterators$ArraySpliterator.forEachRemaining(Spliterators.java:1024)
	at java.base/java.util.stream.AbstractPipeline.copyInto(AbstractPipeline.java:570)
	at java.base/java.util.stream.AbstractPipeline.wrapAndCopyInto(AbstractPipeline.java:560)
	at java.base/java.util.stream.ForEachOps$ForEachOp.evaluateSequential(ForEachOps.java:153)
	at java.base/java.util.stream.ForEachOps$ForEachOp$OfRef.evaluateSequential(ForEachOps.java:176)
	at java.base/java.util.stream.AbstractPipeline.evaluate(AbstractPipeline.java:265)
	at java.base/java.util.stream.ReferencePipeline.forEach(ReferencePipeline.java:632)
	at java.base/java.util.stream.ReferencePipeline$7$1FlatMap.accept(ReferencePipeline.java:293)
	at java.base/java.util.ArrayList$ArrayListSpliterator.forEachRemaining(ArrayList.java:1716)
	at java.base/java.util.stream.AbstractPipeline.copyInto(AbstractPipeline.java:570)
	at java.base/java.util.stream.AbstractPipeline.wrapAndCopyInto(AbstractPipeline.java:560)
	at java.base/java.util.stream.ForEachOps$ForEachOp.evaluateSequential(ForEachOps.java:153)
	at java.base/java.util.stream.ForEachOps$ForEachOp$OfRef.evaluateSequential(ForEachOps.java:176)
	at java.base/java.util.stream.AbstractPipeline.evaluate(AbstractPipeline.java:265)
	at java.base/java.util.stream.ReferencePipeline.forEach(ReferencePipeline.java:632)
	at java.base/java.util.stream.ReferencePipeline$7$1FlatMap.accept(ReferencePipeline.java:293)
	at java.base/java.util.stream.ReferencePipeline$3$1.accept(ReferencePipeline.java:214)
	at java.base/java.util.stream.ReferencePipeline$3$1.accept(ReferencePipeline.java:214)
	at java.base/java.util.stream.ReferencePipeline$3$1.accept(ReferencePipeline.java:214)
	at java.base/java.util.ArrayList$ArrayListSpliterator.forEachRemaining(ArrayList.java:1716)
	at java.base/java.util.stream.AbstractPipeline.copyInto(AbstractPipeline.java:570)
	at java.base/java.util.stream.AbstractPipeline.wrapAndCopyInto(AbstractPipeline.java:560)
	at java.base/java.util.stream.ForEachOps$ForEachOp.evaluateSequential(ForEachOps.java:153)
	at java.base/java.util.stream.ForEachOps$ForEachOp$OfRef.evaluateSequential(ForEachOps.java:176)
	at java.base/java.util.stream.AbstractPipeline.evaluate(AbstractPipeline.java:265)
	at java.base/java.util.stream.ReferencePipeline.forEach(ReferencePipeline.java:632)
	at java.base/java.util.ArrayList.forEach(ArrayList.java:1604)
	at java.base/java.util.ArrayList.forEach(ArrayList.java:1604)
	Suppressed: org.opentest4j.TestAbortedException: Assumption failed: Already exited with org.apache.ratis.util.ExitUtils$ExitException: s13.serverHandler2 is terminating.
		at org.apache.ratis.BaseTest.checkAssumptions(BaseTest.java:89)
		at org.apache.ratis.BaseTest.setup(BaseTest.java:76)
		... 41 more
	Suppressed: org.junit.platform.commons.JUnitException: Failed to close extension context
		... 40 more
	Caused by: java.lang.IllegalArgumentException: maximumPoolSize must be positive
		at java.base/java.util.concurrent.ThreadPoolExecutor.<init>(ThreadPoolExecutor.java:1257)
		at java.base/java.util.concurrent.ThreadPoolExecutor.<init>(ThreadPoolExecutor.java:1179)
		at java.base/java.util.concurrent.Executors.newFixedThreadPool(Executors.java:152)
		at org.apache.ratis.server.impl.MiniRaftCluster.shutdown(MiniRaftCluster.java:810)
		at org.apache.ratis.server.impl.MiniRaftCluster.close(MiniRaftCluster.java:796)
		at java.base/java.util.stream.ForEachOps$ForEachOp$OfRef.accept(ForEachOps.java:186)
		at java.base/java.util.ArrayList.forEach(ArrayList.java:1604)
		at java.base/java.util.stream.SortedOps$RefSortingSink.end(SortedOps.java:395)
		at java.base/java.util.stream.Sink$ChainedReference.end(Sink.java:261)
		at java.base/java.util.stream.Sink$ChainedReference.end(Sink.java:261)
		at java.base/java.util.stream.AbstractPipeline.copyInto(AbstractPipeline.java:571)
		at java.base/java.util.stream.AbstractPipeline.wrapAndCopyInto(AbstractPipeline.java:560)
		at java.base/java.util.stream.ForEachOps$ForEachOp.evaluateSequential(ForEachOps.java:153)
		at java.base/java.util.stream.ForEachOps$ForEachOp$OfRef.evaluateSequential(ForEachOps.java:176)
		at java.base/java.util.stream.AbstractPipeline.evaluate(AbstractPipeline.java:265)
		at java.base/java.util.stream.ReferencePipeline.forEach(ReferencePipeline.java:632)
		... 40 more
Caused by: org.apache.ratis.util.ExitUtils$ExitException: s13.serverHandler2 is terminating.
	at org.apache.ratis.util.ExitUtils.terminate(ExitUtils.java:141)
	at org.apache.ratis.util.ExitUtils.terminate(ExitUtils.java:151)
	at org.apache.ratis.server.simulation.RequestHandler$HandlerDaemon.run(RequestHandler.java:138)
Caused by: java.lang.IllegalStateException: s13@group-A169194E8018-SegmentedRaftLog is expected to be opened but it is CLOSED
	at org.apache.ratis.util.OpenCloseState.assertOpen(OpenCloseState.java:63)
	at org.apache.ratis.server.raftlog.RaftLogBase.checkLogState(RaftLogBase.java:113)
	at org.apache.ratis.server.raftlog.segmented.SegmentedRaftLog.getLastEntryTermIndex(SegmentedRaftLog.java:362)
	at org.apache.ratis.server.impl.ServerState.getLastEntry(ServerState.java:311)
	at org.apache.ratis.server.impl.RaftServerImpl.requestVote(RaftServerImpl.java:1533)
	at org.apache.ratis.server.impl.RaftServerImpl.requestVote(RaftServerImpl.java:1488)
	at org.apache.ratis.server.impl.RaftServerProxy.requestVote(RaftServerProxy.java:642)
	at org.apache.ratis.server.simulation.SimulatedServerRpc$1.handleRequest(SimulatedServerRpc.java:165)
	at org.apache.ratis.server.simulation.SimulatedServerRpc$1.handleRequest(SimulatedServerRpc.java:153)
	at org.apache.ratis.server.simulation.RequestHandler.handleRequest(RequestHandler.java:91)
	at org.apache.ratis.server.simulation.RequestHandler$HandlerDaemon.run(RequestHandler.java:125)
Caused by: org.apache.ratis.util.OpenCloseState$CloseTrace: Close s13@group-A169194E8018-SegmentedRaftLog
	at org.apache.ratis.util.OpenCloseState.lambda$close$0(OpenCloseState.java:109)
	at java.base/java.util.concurrent.atomic.AtomicReference.getAndUpdate(AtomicReference.java:184)
	at org.apache.ratis.util.OpenCloseState.close(OpenCloseState.java:109)
	at org.apache.ratis.server.raftlog.RaftLogBase.close(RaftLogBase.java:394)
	at org.apache.ratis.server.raftlog.segmented.SegmentedRaftLog.close(SegmentedRaftLog.java:535)
	at org.apache.ratis.server.impl.ServerState.close(ServerState.java:446)
	at org.apache.ratis.server.impl.RaftServerImpl.lambda$close$0(RaftServerImpl.java:557)
	at org.apache.ratis.util.LifeCycle.lambda$checkStateAndClose$1(LifeCycle.java:312)
	at org.apache.ratis.util.LifeCycle.checkStateAndClose(LifeCycle.java:332)
	at org.apache.ratis.util.LifeCycle.checkStateAndClose(LifeCycle.java:310)
	at org.apache.ratis.server.impl.RaftServerImpl.close(RaftServerImpl.java:534)
	at org.apache.ratis.server.impl.RaftServerImpl.groupRemove(RaftServerImpl.java:492)
	at org.apache.ratis.server.impl.RaftServerProxy.lambda$groupRemoveAsync$0(RaftServerProxy.java:554)
	at java.base/java.util.concurrent.CompletableFuture.uniApplyNow(CompletableFuture.java:705)
	at java.base/java.util.concurrent.CompletableFuture.uniApplyStage(CompletableFuture.java:683)
	at java.base/java.util.concurrent.CompletableFuture.thenApply(CompletableFuture.java:2227)
	at org.apache.ratis.server.impl.RaftServerProxy.groupRemoveAsync(RaftServerProxy.java:553)
	at org.apache.ratis.server.impl.RaftServerProxy.groupManagementAsync(RaftServerProxy.java:502)
	at org.apache.ratis.server.impl.RaftServerProxy.groupManagement(RaftServerProxy.java:482)
	at org.apache.ratis.server.simulation.SimulatedServerRpc$2.handleRequest(SimulatedServerRpc.java:189)
	at org.apache.ratis.server.simulation.SimulatedServerRpc$2.handleRequest(SimulatedServerRpc.java:177)
	... 2 more

[ERROR] org.apache.ratis.TestMultiRaftGroup.testMultiRaftGroup(MiniRaftCluster)[3] -- Time elapsed: 0.003 s <<< FAILURE!
java.lang.AssertionError: Unexpected exit.
	at org.apache.ratis.util.ExitUtils.assertNotTerminated(ExitUtils.java:109)
	at org.apache.ratis.BaseTest.assertNoFailures(BaseTest.java:99)
	at java.base/java.lang.reflect.Method.invoke(Method.java:565)
	at java.base/java.util.Optional.ifPresent(Optional.java:178)
	at java.base/java.util.stream.ForEachOps$ForEachOp$OfRef.accept(ForEachOps.java:186)
	at java.base/java.util.stream.ReferencePipeline$3$1.accept(ReferencePipeline.java:214)
	at java.base/java.util.stream.ForEachOps$ForEachOp$OfRef.accept(ForEachOps.java:186)
	at java.base/java.util.stream.ForEachOps$ForEachOp$OfRef.accept(ForEachOps.java:186)
	at java.base/java.util.stream.ReferencePipeline$3$1.accept(ReferencePipeline.java:214)
	at java.base/java.util.ArrayList$ArrayListSpliterator.forEachRemaining(ArrayList.java:1716)
	at java.base/java.util.stream.ReferencePipeline$Head.forEach(ReferencePipeline.java:803)
	at java.base/java.util.stream.ReferencePipeline$7$1FlatMap.accept(ReferencePipeline.java:293)
	at java.base/java.util.stream.ReferencePipeline$3$1.accept(ReferencePipeline.java:214)
	at java.base/java.util.stream.ReferencePipeline$3$1.accept(ReferencePipeline.java:214)
	at java.base/java.util.stream.ReferencePipeline$3$1.accept(ReferencePipeline.java:214)
	at java.base/java.util.Spliterators$ArraySpliterator.forEachRemaining(Spliterators.java:1024)
	at java.base/java.util.stream.AbstractPipeline.copyInto(AbstractPipeline.java:570)
	at java.base/java.util.stream.AbstractPipeline.wrapAndCopyInto(AbstractPipeline.java:560)
	at java.base/java.util.stream.ForEachOps$ForEachOp.evaluateSequential(ForEachOps.java:153)
	at java.base/java.util.stream.ForEachOps$ForEachOp$OfRef.evaluateSequential(ForEachOps.java:176)
	at java.base/java.util.stream.AbstractPipeline.evaluate(AbstractPipeline.java:265)
	at java.base/java.util.stream.ReferencePipeline.forEach(ReferencePipeline.java:632)
	at java.base/java.util.stream.ReferencePipeline$7$1FlatMap.accept(ReferencePipeline.java:293)
	at java.base/java.util.ArrayList$ArrayListSpliterator.forEachRemaining(ArrayList.java:1716)
	at java.base/java.util.stream.AbstractPipeline.copyInto(AbstractPipeline.java:570)
	at java.base/java.util.stream.AbstractPipeline.wrapAndCopyInto(AbstractPipeline.java:560)
	at java.base/java.util.stream.ForEachOps$ForEachOp.evaluateSequential(ForEachOps.java:153)
	at java.base/java.util.stream.ForEachOps$ForEachOp$OfRef.evaluateSequential(ForEachOps.java:176)
	at java.base/java.util.stream.AbstractPipeline.evaluate(AbstractPipeline.java:265)
	at java.base/java.util.stream.ReferencePipeline.forEach(ReferencePipeline.java:632)
	at java.base/java.util.stream.ReferencePipeline$7$1FlatMap.accept(ReferencePipeline.java:293)
	at java.base/java.util.stream.ReferencePipeline$3$1.accept(ReferencePipeline.java:214)
	at java.base/java.util.stream.ReferencePipeline$3$1.accept(ReferencePipeline.java:214)
	at java.base/java.util.stream.ReferencePipeline$3$1.accept(ReferencePipeline.java:214)
	at java.base/java.util.ArrayList$ArrayListSpliterator.forEachRemaining(ArrayList.java:1716)
	at java.base/java.util.stream.AbstractPipeline.copyInto(AbstractPipeline.java:570)
	at java.base/java.util.stream.AbstractPipeline.wrapAndCopyInto(AbstractPipeline.java:560)
	at java.base/java.util.stream.ForEachOps$ForEachOp.evaluateSequential(ForEachOps.java:153)
	at java.base/java.util.stream.ForEachOps$ForEachOp$OfRef.evaluateSequential(ForEachOps.java:176)
	at java.base/java.util.stream.AbstractPipeline.evaluate(AbstractPipeline.java:265)
	at java.base/java.util.stream.ReferencePipeline.forEach(ReferencePipeline.java:632)
	at java.base/java.util.ArrayList.forEach(ArrayList.java:1604)
	at java.base/java.util.ArrayList.forEach(ArrayList.java:1604)
	Suppressed: org.opentest4j.TestAbortedException: Assumption failed: Already exited with org.apache.ratis.util.ExitUtils$ExitException: s13.serverHandler2 is terminating.
		at org.apache.ratis.BaseTest.checkAssumptions(BaseTest.java:89)
		at org.apache.ratis.BaseTest.setup(BaseTest.java:76)
		... 41 more
	Suppressed: org.junit.platform.commons.JUnitException: Failed to close extension context
		... 40 more
	Caused by: java.lang.IllegalArgumentException: maximumPoolSize must be positive
		at java.base/java.util.concurrent.ThreadPoolExecutor.<init>(ThreadPoolExecutor.java:1257)
		at java.base/java.util.concurrent.ThreadPoolExecutor.<init>(ThreadPoolExecutor.java:1179)
		at java.base/java.util.concurrent.Executors.newFixedThreadPool(Executors.java:152)
		at org.apache.ratis.server.impl.MiniRaftCluster.shutdown(MiniRaftCluster.java:810)
		at org.apache.ratis.server.impl.MiniRaftCluster.close(MiniRaftCluster.java:796)
		at java.base/java.util.stream.ForEachOps$ForEachOp$OfRef.accept(ForEachOps.java:186)
		at java.base/java.util.ArrayList.forEach(ArrayList.java:1604)
		at java.base/java.util.stream.SortedOps$RefSortingSink.end(SortedOps.java:395)
		at java.base/java.util.stream.Sink$ChainedReference.end(Sink.java:261)
		at java.base/java.util.stream.Sink$ChainedReference.end(Sink.java:261)
		at java.base/java.util.stream.AbstractPipeline.copyInto(AbstractPipeline.java:571)
		at java.base/java.util.stream.AbstractPipeline.wrapAndCopyInto(AbstractPipeline.java:560)
		at java.base/java.util.stream.ForEachOps$ForEachOp.evaluateSequential(ForEachOps.java:153)
		at java.base/java.util.stream.ForEachOps$ForEachOp$OfRef.evaluateSequential(ForEachOps.java:176)
		at java.base/java.util.stream.AbstractPipeline.evaluate(AbstractPipeline.java:265)
		at java.base/java.util.stream.ReferencePipeline.forEach(ReferencePipeline.java:632)
		... 40 more
Caused by: org.apache.ratis.util.ExitUtils$ExitException: s13.serverHandler2 is terminating.
	at org.apache.ratis.util.ExitUtils.terminate(ExitUtils.java:141)
	at org.apache.ratis.util.ExitUtils.terminate(ExitUtils.java:151)
	at org.apache.ratis.server.simulation.RequestHandler$HandlerDaemon.run(RequestHandler.java:138)
Caused by: java.lang.IllegalStateException: s13@group-A169194E8018-SegmentedRaftLog is expected to be opened but it is CLOSED
	at org.apache.ratis.util.OpenCloseState.assertOpen(OpenCloseState.java:63)
	at org.apache.ratis.server.raftlog.RaftLogBase.checkLogState(RaftLogBase.java:113)
	at org.apache.ratis.server.raftlog.segmented.SegmentedRaftLog.getLastEntryTermIndex(SegmentedRaftLog.java:362)
	at org.apache.ratis.server.impl.ServerState.getLastEntry(ServerState.java:311)
	at org.apache.ratis.server.impl.RaftServerImpl.requestVote(RaftServerImpl.java:1533)
	at org.apache.ratis.server.impl.RaftServerImpl.requestVote(RaftServerImpl.java:1488)
	at org.apache.ratis.server.impl.RaftServerProxy.requestVote(RaftServerProxy.java:642)
	at org.apache.ratis.server.simulation.SimulatedServerRpc$1.handleRequest(SimulatedServerRpc.java:165)
	at org.apache.ratis.server.simulation.SimulatedServerRpc$1.handleRequest(SimulatedServerRpc.java:153)
	at org.apache.ratis.server.simulation.RequestHandler.handleRequest(RequestHandler.java:91)
	at org.apache.ratis.server.simulation.RequestHandler$HandlerDaemon.run(RequestHandler.java:125)
Caused by: org.apache.ratis.util.OpenCloseState$CloseTrace: Close s13@group-A169194E8018-SegmentedRaftLog
	at org.apache.ratis.util.OpenCloseState.lambda$close$0(OpenCloseState.java:109)
	at java.base/java.util.concurrent.atomic.AtomicReference.getAndUpdate(AtomicReference.java:184)
	at org.apache.ratis.util.OpenCloseState.close(OpenCloseState.java:109)
	at org.apache.ratis.server.raftlog.RaftLogBase.close(RaftLogBase.java:394)
	at org.apache.ratis.server.raftlog.segmented.SegmentedRaftLog.close(SegmentedRaftLog.java:535)
	at org.apache.ratis.server.impl.ServerState.close(ServerState.java:446)
	at org.apache.ratis.server.impl.RaftServerImpl.lambda$close$0(RaftServerImpl.java:557)
	at org.apache.ratis.util.LifeCycle.lambda$checkStateAndClose$1(LifeCycle.java:312)
	at org.apache.ratis.util.LifeCycle.checkStateAndClose(LifeCycle.java:332)
	at org.apache.ratis.util.LifeCycle.checkStateAndClose(LifeCycle.java:310)
	at org.apache.ratis.server.impl.RaftServerImpl.close(RaftServerImpl.java:534)
	at org.apache.ratis.server.impl.RaftServerImpl.groupRemove(RaftServerImpl.java:492)
	at org.apache.ratis.server.impl.RaftServerProxy.lambda$groupRemoveAsync$0(RaftServerProxy.java:554)
	at java.base/java.util.concurrent.CompletableFuture.uniApplyNow(CompletableFuture.java:705)
	at java.base/java.util.concurrent.CompletableFuture.uniApplyStage(CompletableFuture.java:683)
	at java.base/java.util.concurrent.CompletableFuture.thenApply(CompletableFuture.java:2227)
	at org.apache.ratis.server.impl.RaftServerProxy.groupRemoveAsync(RaftServerProxy.java:553)
	at org.apache.ratis.server.impl.RaftServerProxy.groupManagementAsync(RaftServerProxy.java:502)
	at org.apache.ratis.server.impl.RaftServerProxy.groupManagement(RaftServerProxy.java:482)
	at org.apache.ratis.server.simulation.SimulatedServerRpc$2.handleRequest(SimulatedServerRpc.java:189)
	at org.apache.ratis.server.simulation.SimulatedServerRpc$2.handleRequest(SimulatedServerRpc.java:177)
	... 2 more

[INFO] Running org.apache.ratis.TestMultiRaftGroup
[ERROR] Tests run: 3, Failures: 3, Errors: 0, Skipped: 0, Time elapsed: 0.040 s <<< FAILURE! -- in org.apache.ratis.TestMultiRaftGroup
[ERROR] org.apache.ratis.TestMultiRaftGroup.testMultiRaftGroup(MiniRaftCluster)[1] -- Time elapsed: 0.009 s <<< FAILURE!
java.lang.AssertionError: Unexpected exit.
	at org.apache.ratis.util.ExitUtils.assertNotTerminated(ExitUtils.java:109)
	at org.apache.ratis.BaseTest.assertNoFailures(BaseTest.java:99)
	at java.base/java.lang.reflect.Method.invoke(Method.java:565)
	at java.base/java.util.Optional.ifPresent(Optional.java:178)
	at java.base/java.util.stream.ForEachOps$ForEachOp$OfRef.accept(ForEachOps.java:186)
	at java.base/java.util.stream.ReferencePipeline$3$1.accept(ReferencePipeline.java:214)
	at java.base/java.util.stream.ForEachOps$ForEachOp$OfRef.accept(ForEachOps.java:186)
	at java.base/java.util.stream.ForEachOps$ForEachOp$OfRef.accept(ForEachOps.java:186)
	at java.base/java.util.stream.ReferencePipeline$3$1.accept(ReferencePipeline.java:214)
	at java.base/java.util.ArrayList$ArrayListSpliterator.forEachRemaining(ArrayList.java:1716)
	at java.base/java.util.stream.ReferencePipeline$Head.forEach(ReferencePipeline.java:803)
	at java.base/java.util.stream.ReferencePipeline$7$1FlatMap.accept(ReferencePipeline.java:293)
	at java.base/java.util.stream.ReferencePipeline$3$1.accept(ReferencePipeline.java:214)
	at java.base/java.util.stream.ReferencePipeline$3$1.accept(ReferencePipeline.java:214)
	at java.base/java.util.stream.ReferencePipeline$3$1.accept(ReferencePipeline.java:214)
	at java.base/java.util.Spliterators$ArraySpliterator.forEachRemaining(Spliterators.java:1024)
	at java.base/java.util.stream.AbstractPipeline.copyInto(AbstractPipeline.java:570)
	at java.base/java.util.stream.AbstractPipeline.wrapAndCopyInto(AbstractPipeline.java:560)
	at java.base/java.util.stream.ForEachOps$ForEachOp.evaluateSequential(ForEachOps.java:153)
	at java.base/java.util.stream.ForEachOps$ForEachOp$OfRef.evaluateSequential(ForEachOps.java:176)
	at java.base/java.util.stream.AbstractPipeline.evaluate(AbstractPipeline.java:265)
	at java.base/java.util.stream.ReferencePipeline.forEach(ReferencePipeline.java:632)
	at java.base/java.util.stream.ReferencePipeline$7$1FlatMap.accept(ReferencePipeline.java:293)
	at java.base/java.util.ArrayList$ArrayListSpliterator.forEachRemaining(ArrayList.java:1716)
	at java.base/java.util.stream.AbstractPipeline.copyInto(AbstractPipeline.java:570)
	at java.base/java.util.stream.AbstractPipeline.wrapAndCopyInto(AbstractPipeline.java:560)
	at java.base/java.util.stream.ForEachOps$ForEachOp.evaluateSequential(ForEachOps.java:153)
	at java.base/java.util.stream.ForEachOps$ForEachOp$OfRef.evaluateSequential(ForEachOps.java:176)
	at java.base/java.util.stream.AbstractPipeline.evaluate(AbstractPipeline.java:265)
	at java.base/java.util.stream.ReferencePipeline.forEach(ReferencePipeline.java:632)
	at java.base/java.util.stream.ReferencePipeline$7$1FlatMap.accept(ReferencePipeline.java:293)
	at java.base/java.util.stream.ReferencePipeline$3$1.accept(ReferencePipeline.java:214)
	at java.base/java.util.stream.ReferencePipeline$3$1.accept(ReferencePipeline.java:214)
	at java.base/java.util.stream.ReferencePipeline$3$1.accept(ReferencePipeline.java:214)
	at java.base/java.util.ArrayList$ArrayListSpliterator.forEachRemaining(ArrayList.java:1716)
	at java.base/java.util.stream.AbstractPipeline.copyInto(AbstractPipeline.java:570)
	at java.base/java.util.stream.AbstractPipeline.wrapAndCopyInto(AbstractPipeline.java:560)
	at java.base/java.util.stream.ForEachOps$ForEachOp.evaluateSequential(ForEachOps.java:153)
	at java.base/java.util.stream.ForEachOps$ForEachOp$OfRef.evaluateSequential(ForEachOps.java:176)
	at java.base/java.util.stream.AbstractPipeline.evaluate(AbstractPipeline.java:265)
	at java.base/java.util.stream.ReferencePipeline.forEach(ReferencePipeline.java:632)
	at java.base/java.util.ArrayList.forEach(ArrayList.java:1604)
	at java.base/java.util.ArrayList.forEach(ArrayList.java:1604)
	Suppressed: org.opentest4j.TestAbortedException: Assumption failed: Already exited with org.apache.ratis.util.ExitUtils$ExitException: s13.serverHandler2 is terminating.
		at org.apache.ratis.BaseTest.checkAssumptions(BaseTest.java:89)
		at org.apache.ratis.BaseTest.setup(BaseTest.java:76)
		... 41 more
	Suppressed: org.junit.platform.commons.JUnitException: Failed to close extension context
		... 40 more
	Caused by: java.lang.IllegalArgumentException: maximumPoolSize must be positive
		at java.base/java.util.concurrent.ThreadPoolExecutor.<init>(ThreadPoolExecutor.java:1257)
		at java.base/java.util.concurrent.ThreadPoolExecutor.<init>(ThreadPoolExecutor.java:1179)
		at java.base/java.util.concurrent.Executors.newFixedThreadPool(Executors.java:152)
		at org.apache.ratis.server.impl.MiniRaftCluster.shutdown(MiniRaftCluster.java:810)
		at org.apache.ratis.server.impl.MiniRaftCluster.close(MiniRaftCluster.java:796)
		at java.base/java.util.stream.ForEachOps$ForEachOp$OfRef.accept(ForEachOps.java:186)
		at java.base/java.util.ArrayList.forEach(ArrayList.java:1604)
		at java.base/java.util.stream.SortedOps$RefSortingSink.end(SortedOps.java:395)
		at java.base/java.util.stream.Sink$ChainedReference.end(Sink.java:261)
		at java.base/java.util.stream.Sink$ChainedReference.end(Sink.java:261)
		at java.base/java.util.stream.AbstractPipeline.copyInto(AbstractPipeline.java:571)
		at java.base/java.util.stream.AbstractPipeline.wrapAndCopyInto(AbstractPipeline.java:560)
		at java.base/java.util.stream.ForEachOps$ForEachOp.evaluateSequential(ForEachOps.java:153)
		at java.base/java.util.stream.ForEachOps$ForEachOp$OfRef.evaluateSequential(ForEachOps.java:176)
		at java.base/java.util.stream.AbstractPipeline.evaluate(AbstractPipeline.java:265)
		at java.base/java.util.stream.ReferencePipeline.forEach(ReferencePipeline.java:632)
		... 40 more
Caused by: org.apache.ratis.util.ExitUtils$ExitException: s13.serverHandler2 is terminating.
	at org.apache.ratis.util.ExitUtils.terminate(ExitUtils.java:141)
	at org.apache.ratis.util.ExitUtils.terminate(ExitUtils.java:151)
	at org.apache.ratis.server.simulation.RequestHandler$HandlerDaemon.run(RequestHandler.java:138)
Caused by: java.lang.IllegalStateException: s13@group-A169194E8018-SegmentedRaftLog is expected to be opened but it is CLOSED
	at org.apache.ratis.util.OpenCloseState.assertOpen(OpenCloseState.java:63)
	at org.apache.ratis.server.raftlog.RaftLogBase.checkLogState(RaftLogBase.java:113)
	at org.apache.ratis.server.raftlog.segmented.SegmentedRaftLog.getLastEntryTermIndex(SegmentedRaftLog.java:362)
	at org.apache.ratis.server.impl.ServerState.getLastEntry(ServerState.java:311)
	at org.apache.ratis.server.impl.RaftServerImpl.requestVote(RaftServerImpl.java:1533)
	at org.apache.ratis.server.impl.RaftServerImpl.requestVote(RaftServerImpl.java:1488)
	at org.apache.ratis.server.impl.RaftServerProxy.requestVote(RaftServerProxy.java:642)
	at org.apache.ratis.server.simulation.SimulatedServerRpc$1.handleRequest(SimulatedServerRpc.java:165)
	at org.apache.ratis.server.simulation.SimulatedServerRpc$1.handleRequest(SimulatedServerRpc.java:153)
	at org.apache.ratis.server.simulation.RequestHandler.handleRequest(RequestHandler.java:91)
	at org.apache.ratis.server.simulation.RequestHandler$HandlerDaemon.run(RequestHandler.java:125)
Caused by: org.apache.ratis.util.OpenCloseState$CloseTrace: Close s13@group-A169194E8018-SegmentedRaftLog
	at org.apache.ratis.util.OpenCloseState.lambda$close$0(OpenCloseState.java:109)
	at java.base/java.util.concurrent.atomic.AtomicReference.getAndUpdate(AtomicReference.java:184)
	at org.apache.ratis.util.OpenCloseState.close(OpenCloseState.java:109)
	at org.apache.ratis.server.raftlog.RaftLogBase.close(RaftLogBase.java:394)
	at org.apache.ratis.server.raftlog.segmented.SegmentedRaftLog.close(SegmentedRaftLog.java:535)
	at org.apache.ratis.server.impl.ServerState.close(ServerState.java:446)
	at org.apache.ratis.server.impl.RaftServerImpl.lambda$close$0(RaftServerImpl.java:557)
	at org.apache.ratis.util.LifeCycle.lambda$checkStateAndClose$1(LifeCycle.java:312)
	at org.apache.ratis.util.LifeCycle.checkStateAndClose(LifeCycle.java:332)
	at org.apache.ratis.util.LifeCycle.checkStateAndClose(LifeCycle.java:310)
	at org.apache.ratis.server.impl.RaftServerImpl.close(RaftServerImpl.java:534)
	at org.apache.ratis.server.impl.RaftServerImpl.groupRemove(RaftServerImpl.java:492)
	at org.apache.ratis.server.impl.RaftServerProxy.lambda$groupRemoveAsync$0(RaftServerProxy.java:554)
	at java.base/java.util.concurrent.CompletableFuture.uniApplyNow(CompletableFuture.java:705)
	at java.base/java.util.concurrent.CompletableFuture.uniApplyStage(CompletableFuture.java:683)
	at java.base/java.util.concurrent.CompletableFuture.thenApply(CompletableFuture.java:2227)
	at org.apache.ratis.server.impl.RaftServerProxy.groupRemoveAsync(RaftServerProxy.java:553)
	at org.apache.ratis.server.impl.RaftServerProxy.groupManagementAsync(RaftServerProxy.java:502)
	at org.apache.ratis.server.impl.RaftServerProxy.groupManagement(RaftServerProxy.java:482)
	at org.apache.ratis.server.simulation.SimulatedServerRpc$2.handleRequest(SimulatedServerRpc.java:189)
	at org.apache.ratis.server.simulation.SimulatedServerRpc$2.handleRequest(SimulatedServerRpc.java:177)
	... 2 more

[ERROR] org.apache.ratis.TestMultiRaftGroup.testMultiRaftGroup(MiniRaftCluster)[2] -- Time elapsed: 0.004 s <<< FAILURE!
java.lang.AssertionError: Unexpected exit.
	at org.apache.ratis.util.ExitUtils.assertNotTerminated(ExitUtils.java:109)
	at org.apache.ratis.BaseTest.assertNoFailures(BaseTest.java:99)
	at java.base/java.lang.reflect.Method.invoke(Method.java:565)
	at java.base/java.util.Optional.ifPresent(Optional.java:178)
	at java.base/java.util.stream.ForEachOps$ForEachOp$OfRef.accept(ForEachOps.java:186)
	at java.base/java.util.stream.ReferencePipeline$3$1.accept(ReferencePipeline.java:214)
	at java.base/java.util.stream.ForEachOps$ForEachOp$OfRef.accept(ForEachOps.java:186)
	at java.base/java.util.stream.ForEachOps$ForEachOp$OfRef.accept(ForEachOps.java:186)
	at java.base/java.util.stream.ReferencePipeline$3$1.accept(ReferencePipeline.java:214)
	at java.base/java.util.ArrayList$ArrayListSpliterator.forEachRemaining(ArrayList.java:1716)
	at java.base/java.util.stream.ReferencePipeline$Head.forEach(ReferencePipeline.java:803)
	at java.base/java.util.stream.ReferencePipeline$7$1FlatMap.accept(ReferencePipeline.java:293)
	at java.base/java.util.stream.ReferencePipeline$3$1.accept(ReferencePipeline.java:214)
	at java.base/java.util.stream.ReferencePipeline$3$1.accept(ReferencePipeline.java:214)
	at java.base/java.util.stream.ReferencePipeline$3$1.accept(ReferencePipeline.java:214)
	at java.base/java.util.Spliterators$ArraySpliterator.forEachRemaining(Spliterators.java:1024)
	at java.base/java.util.stream.AbstractPipeline.copyInto(AbstractPipeline.java:570)
	at java.base/java.util.stream.AbstractPipeline.wrapAndCopyInto(AbstractPipeline.java:560)
	at java.base/java.util.stream.ForEachOps$ForEachOp.evaluateSequential(ForEachOps.java:153)
	at java.base/java.util.stream.ForEachOps$ForEachOp$OfRef.evaluateSequential(ForEachOps.java:176)
	at java.base/java.util.stream.AbstractPipeline.evaluate(AbstractPipeline.java:265)
	at java.base/java.util.stream.ReferencePipeline.forEach(ReferencePipeline.java:632)
	at java.base/java.util.stream.ReferencePipeline$7$1FlatMap.accept(ReferencePipeline.java:293)
	at java.base/java.util.ArrayList$ArrayListSpliterator.forEachRemaining(ArrayList.java:1716)
	at java.base/java.util.stream.AbstractPipeline.copyInto(AbstractPipeline.java:570)
	at java.base/java.util.stream.AbstractPipeline.wrapAndCopyInto(AbstractPipeline.java:560)
	at java.base/java.util.stream.ForEachOps$ForEachOp.evaluateSequential(ForEachOps.java:153)
	at java.base/java.util.stream.ForEachOps$ForEachOp$OfRef.evaluateSequential(ForEachOps.java:176)
	at java.base/java.util.stream.AbstractPipeline.evaluate(AbstractPipeline.java:265)
	at java.base/java.util.stream.ReferencePipeline.forEach(ReferencePipeline.java:632)
	at java.base/java.util.stream.ReferencePipeline$7$1FlatMap.accept(ReferencePipeline.java:293)
	at java.base/java.util.stream.ReferencePipeline$3$1.accept(ReferencePipeline.java:214)
	at java.base/java.util.stream.ReferencePipeline$3$1.accept(ReferencePipeline.java:214)
	at java.base/java.util.stream.ReferencePipeline$3$1.accept(ReferencePipeline.java:214)
	at java.base/java.util.ArrayList$ArrayListSpliterator.forEachRemaining(ArrayList.java:1716)
	at java.base/java.util.stream.AbstractPipeline.copyInto(AbstractPipeline.java:570)
	at java.base/java.util.stream.AbstractPipeline.wrapAndCopyInto(AbstractPipeline.java:560)
	at java.base/java.util.stream.ForEachOps$ForEachOp.evaluateSequential(ForEachOps.java:153)
	at java.base/java.util.stream.ForEachOps$ForEachOp$OfRef.evaluateSequential(ForEachOps.java:176)
	at java.base/java.util.stream.AbstractPipeline.evaluate(AbstractPipeline.java:265)
	at java.base/java.util.stream.ReferencePipeline.forEach(ReferencePipeline.java:632)
	at java.base/java.util.ArrayList.forEach(ArrayList.java:1604)
	at java.base/java.util.ArrayList.forEach(ArrayList.java:1604)
	Suppressed: org.opentest4j.TestAbortedException: Assumption failed: Already exited with org.apache.ratis.util.ExitUtils$ExitException: s13.serverHandler2 is terminating.
		at org.apache.ratis.BaseTest.checkAssumptions(BaseTest.java:89)
		at org.apache.ratis.BaseTest.setup(BaseTest.java:76)
		... 41 more
	Suppressed: org.junit.platform.commons.JUnitException: Failed to close extension context
		... 40 more
	Caused by: java.lang.IllegalArgumentException: maximumPoolSize must be positive
		at java.base/java.util.concurrent.ThreadPoolExecutor.<init>(ThreadPoolExecutor.java:1257)
		at java.base/java.util.concurrent.ThreadPoolExecutor.<init>(ThreadPoolExecutor.java:1179)
		at java.base/java.util.concurrent.Executors.newFixedThreadPool(Executors.java:152)
		at org.apache.ratis.server.impl.MiniRaftCluster.shutdown(MiniRaftCluster.java:810)
		at org.apache.ratis.server.impl.MiniRaftCluster.close(MiniRaftCluster.java:796)
		at java.base/java.util.stream.ForEachOps$ForEachOp$OfRef.accept(ForEachOps.java:186)
		at java.base/java.util.ArrayList.forEach(ArrayList.java:1604)
		at java.base/java.util.stream.SortedOps$RefSortingSink.end(SortedOps.java:395)
		at java.base/java.util.stream.Sink$ChainedReference.end(Sink.java:261)
		at java.base/java.util.stream.Sink$ChainedReference.end(Sink.java:261)
		at java.base/java.util.stream.AbstractPipeline.copyInto(AbstractPipeline.java:571)
		at java.base/java.util.stream.AbstractPipeline.wrapAndCopyInto(AbstractPipeline.java:560)
		at java.base/java.util.stream.ForEachOps$ForEachOp.evaluateSequential(ForEachOps.java:153)
		at java.base/java.util.stream.ForEachOps$ForEachOp$OfRef.evaluateSequential(ForEachOps.java:176)
		at java.base/java.util.stream.AbstractPipeline.evaluate(AbstractPipeline.java:265)
		at java.base/java.util.stream.ReferencePipeline.forEach(ReferencePipeline.java:632)
		... 40 more
Caused by: org.apache.ratis.util.ExitUtils$ExitException: s13.serverHandler2 is terminating.
	at org.apache.ratis.util.ExitUtils.terminate(ExitUtils.java:141)
	at org.apache.ratis.util.ExitUtils.terminate(ExitUtils.java:151)
	at org.apache.ratis.server.simulation.RequestHandler$HandlerDaemon.run(RequestHandler.java:138)
Caused by: java.lang.IllegalStateException: s13@group-A169194E8018-SegmentedRaftLog is expected to be opened but it is CLOSED
	at org.apache.ratis.util.OpenCloseState.assertOpen(OpenCloseState.java:63)
	at org.apache.ratis.server.raftlog.RaftLogBase.checkLogState(RaftLogBase.java:113)
	at org.apache.ratis.server.raftlog.segmented.SegmentedRaftLog.getLastEntryTermIndex(SegmentedRaftLog.java:362)
	at org.apache.ratis.server.impl.ServerState.getLastEntry(ServerState.java:311)
	at org.apache.ratis.server.impl.RaftServerImpl.requestVote(RaftServerImpl.java:1533)
	at org.apache.ratis.server.impl.RaftServerImpl.requestVote(RaftServerImpl.java:1488)
	at org.apache.ratis.server.impl.RaftServerProxy.requestVote(RaftServerProxy.java:642)
	at org.apache.ratis.server.simulation.SimulatedServerRpc$1.handleRequest(SimulatedServerRpc.java:165)
	at org.apache.ratis.server.simulation.SimulatedServerRpc$1.handleRequest(SimulatedServerRpc.java:153)
	at org.apache.ratis.server.simulation.RequestHandler.handleRequest(RequestHandler.java:91)
	at org.apache.ratis.server.simulation.RequestHandler$HandlerDaemon.run(RequestHandler.java:125)
Caused by: org.apache.ratis.util.OpenCloseState$CloseTrace: Close s13@group-A169194E8018-SegmentedRaftLog
	at org.apache.ratis.util.OpenCloseState.lambda$close$0(OpenCloseState.java:109)
	at java.base/java.util.concurrent.atomic.AtomicReference.getAndUpdate(AtomicReference.java:184)
	at org.apache.ratis.util.OpenCloseState.close(OpenCloseState.java:109)
	at org.apache.ratis.server.raftlog.RaftLogBase.close(RaftLogBase.java:394)
	at org.apache.ratis.server.raftlog.segmented.SegmentedRaftLog.close(SegmentedRaftLog.java:535)
	at org.apache.ratis.server.impl.ServerState.close(ServerState.java:446)
	at org.apache.ratis.server.impl.RaftServerImpl.lambda$close$0(RaftServerImpl.java:557)
	at org.apache.ratis.util.LifeCycle.lambda$checkStateAndClose$1(LifeCycle.java:312)
	at org.apache.ratis.util.LifeCycle.checkStateAndClose(LifeCycle.java:332)
	at org.apache.ratis.util.LifeCycle.checkStateAndClose(LifeCycle.java:310)
	at org.apache.ratis.server.impl.RaftServerImpl.close(RaftServerImpl.java:534)
	at org.apache.ratis.server.impl.RaftServerImpl.groupRemove(RaftServerImpl.java:492)
	at org.apache.ratis.server.impl.RaftServerProxy.lambda$groupRemoveAsync$0(RaftServerProxy.java:554)
	at java.base/java.util.concurrent.CompletableFuture.uniApplyNow(CompletableFuture.java:705)
	at java.base/java.util.concurrent.CompletableFuture.uniApplyStage(CompletableFuture.java:683)
	at java.base/java.util.concurrent.CompletableFuture.thenApply(CompletableFuture.java:2227)
	at org.apache.ratis.server.impl.RaftServerProxy.groupRemoveAsync(RaftServerProxy.java:553)
	at org.apache.ratis.server.impl.RaftServerProxy.groupManagementAsync(RaftServerProxy.java:502)
	at org.apache.ratis.server.impl.RaftServerProxy.groupManagement(RaftServerProxy.java:482)
	at org.apache.ratis.server.simulation.SimulatedServerRpc$2.handleRequest(SimulatedServerRpc.java:189)
	at org.apache.ratis.server.simulation.SimulatedServerRpc$2.handleRequest(SimulatedServerRpc.java:177)
	... 2 more

[ERROR] org.apache.ratis.TestMultiRaftGroup.testMultiRaftGroup(MiniRaftCluster)[3] -- Time elapsed: 0.005 s <<< FAILURE!
java.lang.AssertionError: Unexpected exit.
	at org.apache.ratis.util.ExitUtils.assertNotTerminated(ExitUtils.java:109)
	at org.apache.ratis.BaseTest.assertNoFailures(BaseTest.java:99)
	at java.base/java.lang.reflect.Method.invoke(Method.java:565)
	at java.base/java.util.Optional.ifPresent(Optional.java:178)
	at java.base/java.util.stream.ForEachOps$ForEachOp$OfRef.accept(ForEachOps.java:186)
	at java.base/java.util.stream.ReferencePipeline$3$1.accept(ReferencePipeline.java:214)
	at java.base/java.util.stream.ForEachOps$ForEachOp$OfRef.accept(ForEachOps.java:186)
	at java.base/java.util.stream.ForEachOps$ForEachOp$OfRef.accept(ForEachOps.java:186)
	at java.base/java.util.stream.ReferencePipeline$3$1.accept(ReferencePipeline.java:214)
	at java.base/java.util.ArrayList$ArrayListSpliterator.forEachRemaining(ArrayList.java:1716)
	at java.base/java.util.stream.ReferencePipeline$Head.forEach(ReferencePipeline.java:803)
	at java.base/java.util.stream.ReferencePipeline$7$1FlatMap.accept(ReferencePipeline.java:293)
	at java.base/java.util.stream.ReferencePipeline$3$1.accept(ReferencePipeline.java:214)
	at java.base/java.util.stream.ReferencePipeline$3$1.accept(ReferencePipeline.java:214)
	at java.base/java.util.stream.ReferencePipeline$3$1.accept(ReferencePipeline.java:214)
	at java.base/java.util.Spliterators$ArraySpliterator.forEachRemaining(Spliterators.java:1024)
	at java.base/java.util.stream.AbstractPipeline.copyInto(AbstractPipeline.java:570)
	at java.base/java.util.stream.AbstractPipeline.wrapAndCopyInto(AbstractPipeline.java:560)
	at java.base/java.util.stream.ForEachOps$ForEachOp.evaluateSequential(ForEachOps.java:153)
	at java.base/java.util.stream.ForEachOps$ForEachOp$OfRef.evaluateSequential(ForEachOps.java:176)
	at java.base/java.util.stream.AbstractPipeline.evaluate(AbstractPipeline.java:265)
	at java.base/java.util.stream.ReferencePipeline.forEach(ReferencePipeline.java:632)
	at java.base/java.util.stream.ReferencePipeline$7$1FlatMap.accept(ReferencePipeline.java:293)
	at java.base/java.util.ArrayList$ArrayListSpliterator.forEachRemaining(ArrayList.java:1716)
	at java.base/java.util.stream.AbstractPipeline.copyInto(AbstractPipeline.java:570)
	at java.base/java.util.stream.AbstractPipeline.wrapAndCopyInto(AbstractPipeline.java:560)
	at java.base/java.util.stream.ForEachOps$ForEachOp.evaluateSequential(ForEachOps.java:153)
	at java.base/java.util.stream.ForEachOps$ForEachOp$OfRef.evaluateSequential(ForEachOps.java:176)
	at java.base/java.util.stream.AbstractPipeline.evaluate(AbstractPipeline.java:265)
	at java.base/java.util.stream.ReferencePipeline.forEach(ReferencePipeline.java:632)
	at java.base/java.util.stream.ReferencePipeline$7$1FlatMap.accept(ReferencePipeline.java:293)
	at java.base/java.util.stream.ReferencePipeline$3$1.accept(ReferencePipeline.java:214)
	at java.base/java.util.stream.ReferencePipeline$3$1.accept(ReferencePipeline.java:214)
	at java.base/java.util.stream.ReferencePipeline$3$1.accept(ReferencePipeline.java:214)
	at java.base/java.util.ArrayList$ArrayListSpliterator.forEachRemaining(ArrayList.java:1716)
	at java.base/java.util.stream.AbstractPipeline.copyInto(AbstractPipeline.java:570)
	at java.base/java.util.stream.AbstractPipeline.wrapAndCopyInto(AbstractPipeline.java:560)
	at java.base/java.util.stream.ForEachOps$ForEachOp.evaluateSequential(ForEachOps.java:153)
	at java.base/java.util.stream.ForEachOps$ForEachOp$OfRef.evaluateSequential(ForEachOps.java:176)
	at java.base/java.util.stream.AbstractPipeline.evaluate(AbstractPipeline.java:265)
	at java.base/java.util.stream.ReferencePipeline.forEach(ReferencePipeline.java:632)
	at java.base/java.util.ArrayList.forEach(ArrayList.java:1604)
	at java.base/java.util.ArrayList.forEach(ArrayList.java:1604)
	Suppressed: org.opentest4j.TestAbortedException: Assumption failed: Already exited with org.apache.ratis.util.ExitUtils$ExitException: s13.serverHandler2 is terminating.
		at org.apache.ratis.BaseTest.checkAssumptions(BaseTest.java:89)
		at org.apache.ratis.BaseTest.setup(BaseTest.java:76)
		... 41 more
	Suppressed: org.junit.platform.commons.JUnitException: Failed to close extension context
		... 40 more
	Caused by: java.lang.IllegalArgumentException: maximumPoolSize must be positive
		at java.base/java.util.concurrent.ThreadPoolExecutor.<init>(ThreadPoolExecutor.java:1257)
		at java.base/java.util.concurrent.ThreadPoolExecutor.<init>(ThreadPoolExecutor.java:1179)
		at java.base/java.util.concurrent.Executors.newFixedThreadPool(Executors.java:152)
		at org.apache.ratis.server.impl.MiniRaftCluster.shutdown(MiniRaftCluster.java:810)
		at org.apache.ratis.server.impl.MiniRaftCluster.close(MiniRaftCluster.java:796)
		at java.base/java.util.stream.ForEachOps$ForEachOp$OfRef.accept(ForEachOps.java:186)
		at java.base/java.util.ArrayList.forEach(ArrayList.java:1604)
		at java.base/java.util.stream.SortedOps$RefSortingSink.end(SortedOps.java:395)
		at java.base/java.util.stream.Sink$ChainedReference.end(Sink.java:261)
		at java.base/java.util.stream.Sink$ChainedReference.end(Sink.java:261)
		at java.base/java.util.stream.AbstractPipeline.copyInto(AbstractPipeline.java:571)
		at java.base/java.util.stream.AbstractPipeline.wrapAndCopyInto(AbstractPipeline.java:560)
		at java.base/java.util.stream.ForEachOps$ForEachOp.evaluateSequential(ForEachOps.java:153)
		at java.base/java.util.stream.ForEachOps$ForEachOp$OfRef.evaluateSequential(ForEachOps.java:176)
		at java.base/java.util.stream.AbstractPipeline.evaluate(AbstractPipeline.java:265)
		at java.base/java.util.stream.ReferencePipeline.forEach(ReferencePipeline.java:632)
		... 40 more
Caused by: org.apache.ratis.util.ExitUtils$ExitException: s13.serverHandler2 is terminating.
	at org.apache.ratis.util.ExitUtils.terminate(ExitUtils.java:141)
	at org.apache.ratis.util.ExitUtils.terminate(ExitUtils.java:151)
	at org.apache.ratis.server.simulation.RequestHandler$HandlerDaemon.run(RequestHandler.java:138)
Caused by: java.lang.IllegalStateException: s13@group-A169194E8018-SegmentedRaftLog is expected to be opened but it is CLOSED
	at org.apache.ratis.util.OpenCloseState.assertOpen(OpenCloseState.java:63)
	at org.apache.ratis.server.raftlog.RaftLogBase.checkLogState(RaftLogBase.java:113)
	at org.apache.ratis.server.raftlog.segmented.SegmentedRaftLog.getLastEntryTermIndex(SegmentedRaftLog.java:362)
	at org.apache.ratis.server.impl.ServerState.getLastEntry(ServerState.java:311)
	at org.apache.ratis.server.impl.RaftServerImpl.requestVote(RaftServerImpl.java:1533)
	at org.apache.ratis.server.impl.RaftServerImpl.requestVote(RaftServerImpl.java:1488)
	at org.apache.ratis.server.impl.RaftServerProxy.requestVote(RaftServerProxy.java:642)
	at org.apache.ratis.server.simulation.SimulatedServerRpc$1.handleRequest(SimulatedServerRpc.java:165)
	at org.apache.ratis.server.simulation.SimulatedServerRpc$1.handleRequest(SimulatedServerRpc.java:153)
	at org.apache.ratis.server.simulation.RequestHandler.handleRequest(RequestHandler.java:91)
	at org.apache.ratis.server.simulation.RequestHandler$HandlerDaemon.run(RequestHandler.java:125)
Caused by: org.apache.ratis.util.OpenCloseState$CloseTrace: Close s13@group-A169194E8018-SegmentedRaftLog
	at org.apache.ratis.util.OpenCloseState.lambda$close$0(OpenCloseState.java:109)
	at java.base/java.util.concurrent.atomic.AtomicReference.getAndUpdate(AtomicReference.java:184)
	at org.apache.ratis.util.OpenCloseState.close(OpenCloseState.java:109)
	at org.apache.ratis.server.raftlog.RaftLogBase.close(RaftLogBase.java:394)
	at org.apache.ratis.server.raftlog.segmented.SegmentedRaftLog.close(SegmentedRaftLog.java:535)
	at org.apache.ratis.server.impl.ServerState.close(ServerState.java:446)
	at org.apache.ratis.server.impl.RaftServerImpl.lambda$close$0(RaftServerImpl.java:557)
	at org.apache.ratis.util.LifeCycle.lambda$checkStateAndClose$1(LifeCycle.java:312)
	at org.apache.ratis.util.LifeCycle.checkStateAndClose(LifeCycle.java:332)
	at org.apache.ratis.util.LifeCycle.checkStateAndClose(LifeCycle.java:310)
	at org.apache.ratis.server.impl.RaftServerImpl.close(RaftServerImpl.java:534)
	at org.apache.ratis.server.impl.RaftServerImpl.groupRemove(RaftServerImpl.java:492)
	at org.apache.ratis.server.impl.RaftServerProxy.lambda$groupRemoveAsync$0(RaftServerProxy.java:554)
	at java.base/java.util.concurrent.CompletableFuture.uniApplyNow(CompletableFuture.java:705)
	at java.base/java.util.concurrent.CompletableFuture.uniApplyStage(CompletableFuture.java:683)
	at java.base/java.util.concurrent.CompletableFuture.thenApply(CompletableFuture.java:2227)
	at org.apache.ratis.server.impl.RaftServerProxy.groupRemoveAsync(RaftServerProxy.java:553)
	at org.apache.ratis.server.impl.RaftServerProxy.groupManagementAsync(RaftServerProxy.java:502)
	at org.apache.ratis.server.impl.RaftServerProxy.groupManagement(RaftServerProxy.java:482)
	at org.apache.ratis.server.simulation.SimulatedServerRpc$2.handleRequest(SimulatedServerRpc.java:189)
	at org.apache.ratis.server.simulation.SimulatedServerRpc$2.handleRequest(SimulatedServerRpc.java:177)
	... 2 more

[INFO] Running org.apache.ratis.TestMultiRaftGroup
[ERROR] Tests run: 3, Failures: 3, Errors: 0, Skipped: 0, Time elapsed: 0.029 s <<< FAILURE! -- in org.apache.ratis.TestMultiRaftGroup
[ERROR] org.apache.ratis.TestMultiRaftGroup.testMultiRaftGroup(MiniRaftCluster)[1] -- Time elapsed: 0.005 s <<< FAILURE!
java.lang.AssertionError: Unexpected exit.
	at org.apache.ratis.util.ExitUtils.assertNotTerminated(ExitUtils.java:109)
	at org.apache.ratis.BaseTest.assertNoFailures(BaseTest.java:99)
	at java.base/java.lang.reflect.Method.invoke(Method.java:565)
	at java.base/java.util.Optional.ifPresent(Optional.java:178)
	at java.base/java.util.stream.ForEachOps$ForEachOp$OfRef.accept(ForEachOps.java:186)
	at java.base/java.util.stream.ReferencePipeline$3$1.accept(ReferencePipeline.java:214)
	at java.base/java.util.stream.ForEachOps$ForEachOp$OfRef.accept(ForEachOps.java:186)
	at java.base/java.util.stream.ForEachOps$ForEachOp$OfRef.accept(ForEachOps.java:186)
	at java.base/java.util.stream.ReferencePipeline$3$1.accept(ReferencePipeline.java:214)
	at java.base/java.util.ArrayList$ArrayListSpliterator.forEachRemaining(ArrayList.java:1716)
	at java.base/java.util.stream.ReferencePipeline$Head.forEach(ReferencePipeline.java:803)
	at java.base/java.util.stream.ReferencePipeline$7$1FlatMap.accept(ReferencePipeline.java:293)
	at java.base/java.util.stream.ReferencePipeline$3$1.accept(ReferencePipeline.java:214)
	at java.base/java.util.stream.ReferencePipeline$3$1.accept(ReferencePipeline.java:214)
	at java.base/java.util.stream.ReferencePipeline$3$1.accept(ReferencePipeline.java:214)
	at java.base/java.util.Spliterators$ArraySpliterator.forEachRemaining(Spliterators.java:1024)
	at java.base/java.util.stream.AbstractPipeline.copyInto(AbstractPipeline.java:570)
	at java.base/java.util.stream.AbstractPipeline.wrapAndCopyInto(AbstractPipeline.java:560)
	at java.base/java.util.stream.ForEachOps$ForEachOp.evaluateSequential(ForEachOps.java:153)
	at java.base/java.util.stream.ForEachOps$ForEachOp$OfRef.evaluateSequential(ForEachOps.java:176)
	at java.base/java.util.stream.AbstractPipeline.evaluate(AbstractPipeline.java:265)
	at java.base/java.util.stream.ReferencePipeline.forEach(ReferencePipeline.java:632)
	at java.base/java.util.stream.ReferencePipeline$7$1FlatMap.accept(ReferencePipeline.java:293)
	at java.base/java.util.ArrayList$ArrayListSpliterator.forEachRemaining(ArrayList.java:1716)
	at java.base/java.util.stream.AbstractPipeline.copyInto(AbstractPipeline.java:570)
	at java.base/java.util.stream.AbstractPipeline.wrapAndCopyInto(AbstractPipeline.java:560)
	at java.base/java.util.stream.ForEachOps$ForEachOp.evaluateSequential(ForEachOps.java:153)
	at java.base/java.util.stream.ForEachOps$ForEachOp$OfRef.evaluateSequential(ForEachOps.java:176)
	at java.base/java.util.stream.AbstractPipeline.evaluate(AbstractPipeline.java:265)
	at java.base/java.util.stream.ReferencePipeline.forEach(ReferencePipeline.java:632)
	at java.base/java.util.stream.ReferencePipeline$7$1FlatMap.accept(ReferencePipeline.java:293)
	at java.base/java.util.stream.ReferencePipeline$3$1.accept(ReferencePipeline.java:214)
	at java.base/java.util.stream.ReferencePipeline$3$1.accept(ReferencePipeline.java:214)
	at java.base/java.util.stream.ReferencePipeline$3$1.accept(ReferencePipeline.java:214)
	at java.base/java.util.ArrayList$ArrayListSpliterator.forEachRemaining(ArrayList.java:1716)
	at java.base/java.util.stream.AbstractPipeline.copyInto(AbstractPipeline.java:570)
	at java.base/java.util.stream.AbstractPipeline.wrapAndCopyInto(AbstractPipeline.java:560)
	at java.base/java.util.stream.ForEachOps$ForEachOp.evaluateSequential(ForEachOps.java:153)
	at java.base/java.util.stream.ForEachOps$ForEachOp$OfRef.evaluateSequential(ForEachOps.java:176)
	at java.base/java.util.stream.AbstractPipeline.evaluate(AbstractPipeline.java:265)
	at java.base/java.util.stream.ReferencePipeline.forEach(ReferencePipeline.java:632)
	at java.base/java.util.ArrayList.forEach(ArrayList.java:1604)
	at java.base/java.util.ArrayList.forEach(ArrayList.java:1604)
	Suppressed: org.opentest4j.TestAbortedException: Assumption failed: Already exited with org.apache.ratis.util.ExitUtils$ExitException: s13.serverHandler2 is terminating.
		at org.apache.ratis.BaseTest.checkAssumptions(BaseTest.java:89)
		at org.apache.ratis.BaseTest.setup(BaseTest.java:76)
		... 41 more
	Suppressed: org.junit.platform.commons.JUnitException: Failed to close extension context
		... 40 more
	Caused by: java.lang.IllegalArgumentException: maximumPoolSize must be positive
		at java.base/java.util.concurrent.ThreadPoolExecutor.<init>(ThreadPoolExecutor.java:1257)
		at java.base/java.util.concurrent.ThreadPoolExecutor.<init>(ThreadPoolExecutor.java:1179)
		at java.base/java.util.concurrent.Executors.newFixedThreadPool(Executors.java:152)
		at org.apache.ratis.server.impl.MiniRaftCluster.shutdown(MiniRaftCluster.java:810)
		at org.apache.ratis.server.impl.MiniRaftCluster.close(MiniRaftCluster.java:796)
		at java.base/java.util.stream.ForEachOps$ForEachOp$OfRef.accept(ForEachOps.java:186)
		at java.base/java.util.ArrayList.forEach(ArrayList.java:1604)
		at java.base/java.util.stream.SortedOps$RefSortingSink.end(SortedOps.java:395)
		at java.base/java.util.stream.Sink$ChainedReference.end(Sink.java:261)
		at java.base/java.util.stream.Sink$ChainedReference.end(Sink.java:261)
		at java.base/java.util.stream.AbstractPipeline.copyInto(AbstractPipeline.java:571)
		at java.base/java.util.stream.AbstractPipeline.wrapAndCopyInto(AbstractPipeline.java:560)
		at java.base/java.util.stream.ForEachOps$ForEachOp.evaluateSequential(ForEachOps.java:153)
		at java.base/java.util.stream.ForEachOps$ForEachOp$OfRef.evaluateSequential(ForEachOps.java:176)
		at java.base/java.util.stream.AbstractPipeline.evaluate(AbstractPipeline.java:265)
		at java.base/java.util.stream.ReferencePipeline.forEach(ReferencePipeline.java:632)
		... 40 more
Caused by: org.apache.ratis.util.ExitUtils$ExitException: s13.serverHandler2 is terminating.
	at org.apache.ratis.util.ExitUtils.terminate(ExitUtils.java:141)
	at org.apache.ratis.util.ExitUtils.terminate(ExitUtils.java:151)
	at org.apache.ratis.server.simulation.RequestHandler$HandlerDaemon.run(RequestHandler.java:138)
Caused by: java.lang.IllegalStateException: s13@group-A169194E8018-SegmentedRaftLog is expected to be opened but it is CLOSED
	at org.apache.ratis.util.OpenCloseState.assertOpen(OpenCloseState.java:63)
	at org.apache.ratis.server.raftlog.RaftLogBase.checkLogState(RaftLogBase.java:113)
	at org.apache.ratis.server.raftlog.segmented.SegmentedRaftLog.getLastEntryTermIndex(SegmentedRaftLog.java:362)
	at org.apache.ratis.server.impl.ServerState.getLastEntry(ServerState.java:311)
	at org.apache.ratis.server.impl.RaftServerImpl.requestVote(RaftServerImpl.java:1533)
	at org.apache.ratis.server.impl.RaftServerImpl.requestVote(RaftServerImpl.java:1488)
	at org.apache.ratis.server.impl.RaftServerProxy.requestVote(RaftServerProxy.java:642)
	at org.apache.ratis.server.simulation.SimulatedServerRpc$1.handleRequest(SimulatedServerRpc.java:165)
	at org.apache.ratis.server.simulation.SimulatedServerRpc$1.handleRequest(SimulatedServerRpc.java:153)
	at org.apache.ratis.server.simulation.RequestHandler.handleRequest(RequestHandler.java:91)
	at org.apache.ratis.server.simulation.RequestHandler$HandlerDaemon.run(RequestHandler.java:125)
Caused by: org.apache.ratis.util.OpenCloseState$CloseTrace: Close s13@group-A169194E8018-SegmentedRaftLog
	at org.apache.ratis.util.OpenCloseState.lambda$close$0(OpenCloseState.java:109)
	at java.base/java.util.concurrent.atomic.AtomicReference.getAndUpdate(AtomicReference.java:184)
	at org.apache.ratis.util.OpenCloseState.close(OpenCloseState.java:109)
	at org.apache.ratis.server.raftlog.RaftLogBase.close(RaftLogBase.java:394)
	at org.apache.ratis.server.raftlog.segmented.SegmentedRaftLog.close(SegmentedRaftLog.java:535)
	at org.apache.ratis.server.impl.ServerState.close(ServerState.java:446)
	at org.apache.ratis.server.impl.RaftServerImpl.lambda$close$0(RaftServerImpl.java:557)
	at org.apache.ratis.util.LifeCycle.lambda$checkStateAndClose$1(LifeCycle.java:312)
	at org.apache.ratis.util.LifeCycle.checkStateAndClose(LifeCycle.java:332)
	at org.apache.ratis.util.LifeCycle.checkStateAndClose(LifeCycle.java:310)
	at org.apache.ratis.server.impl.RaftServerImpl.close(RaftServerImpl.java:534)
	at org.apache.ratis.server.impl.RaftServerImpl.groupRemove(RaftServerImpl.java:492)
	at org.apache.ratis.server.impl.RaftServerProxy.lambda$groupRemoveAsync$0(RaftServerProxy.java:554)
	at java.base/java.util.concurrent.CompletableFuture.uniApplyNow(CompletableFuture.java:705)
	at java.base/java.util.concurrent.CompletableFuture.uniApplyStage(CompletableFuture.java:683)
	at java.base/java.util.concurrent.CompletableFuture.thenApply(CompletableFuture.java:2227)
	at org.apache.ratis.server.impl.RaftServerProxy.groupRemoveAsync(RaftServerProxy.java:553)
	at org.apache.ratis.server.impl.RaftServerProxy.groupManagementAsync(RaftServerProxy.java:502)
	at org.apache.ratis.server.impl.RaftServerProxy.groupManagement(RaftServerProxy.java:482)
	at org.apache.ratis.server.simulation.SimulatedServerRpc$2.handleRequest(SimulatedServerRpc.java:189)
	at org.apache.ratis.server.simulation.SimulatedServerRpc$2.handleRequest(SimulatedServerRpc.java:177)
	... 2 more

[ERROR] org.apache.ratis.TestMultiRaftGroup.testMultiRaftGroup(MiniRaftCluster)[2] -- Time elapsed: 0.003 s <<< FAILURE!
java.lang.AssertionError: Unexpected exit.
	at org.apache.ratis.util.ExitUtils.assertNotTerminated(ExitUtils.java:109)
	at org.apache.ratis.BaseTest.assertNoFailures(BaseTest.java:99)
	at java.base/java.lang.reflect.Method.invoke(Method.java:565)
	at java.base/java.util.Optional.ifPresent(Optional.java:178)
	at java.base/java.util.stream.ForEachOps$ForEachOp$OfRef.accept(ForEachOps.java:186)
	at java.base/java.util.stream.ReferencePipeline$3$1.accept(ReferencePipeline.java:214)
	at java.base/java.util.stream.ForEachOps$ForEachOp$OfRef.accept(ForEachOps.java:186)
	at java.base/java.util.stream.ForEachOps$ForEachOp$OfRef.accept(ForEachOps.java:186)
	at java.base/java.util.stream.ReferencePipeline$3$1.accept(ReferencePipeline.java:214)
	at java.base/java.util.ArrayList$ArrayListSpliterator.forEachRemaining(ArrayList.java:1716)
	at java.base/java.util.stream.ReferencePipeline$Head.forEach(ReferencePipeline.java:803)
	at java.base/java.util.stream.ReferencePipeline$7$1FlatMap.accept(ReferencePipeline.java:293)
	at java.base/java.util.stream.ReferencePipeline$3$1.accept(ReferencePipeline.java:214)
	at java.base/java.util.stream.ReferencePipeline$3$1.accept(ReferencePipeline.java:214)
	at java.base/java.util.stream.ReferencePipeline$3$1.accept(ReferencePipeline.java:214)
	at java.base/java.util.Spliterators$ArraySpliterator.forEachRemaining(Spliterators.java:1024)
	at java.base/java.util.stream.AbstractPipeline.copyInto(AbstractPipeline.java:570)
	at java.base/java.util.stream.AbstractPipeline.wrapAndCopyInto(AbstractPipeline.java:560)
	at java.base/java.util.stream.ForEachOps$ForEachOp.evaluateSequential(ForEachOps.java:153)
	at java.base/java.util.stream.ForEachOps$ForEachOp$OfRef.evaluateSequential(ForEachOps.java:176)
	at java.base/java.util.stream.AbstractPipeline.evaluate(AbstractPipeline.java:265)
	at java.base/java.util.stream.ReferencePipeline.forEach(ReferencePipeline.java:632)
	at java.base/java.util.stream.ReferencePipeline$7$1FlatMap.accept(ReferencePipeline.java:293)
	at java.base/java.util.ArrayList$ArrayListSpliterator.forEachRemaining(ArrayList.java:1716)
	at java.base/java.util.stream.AbstractPipeline.copyInto(AbstractPipeline.java:570)
	at java.base/java.util.stream.AbstractPipeline.wrapAndCopyInto(AbstractPipeline.java:560)
	at java.base/java.util.stream.ForEachOps$ForEachOp.evaluateSequential(ForEachOps.java:153)
	at java.base/java.util.stream.ForEachOps$ForEachOp$OfRef.evaluateSequential(ForEachOps.java:176)
	at java.base/java.util.stream.AbstractPipeline.evaluate(AbstractPipeline.java:265)
	at java.base/java.util.stream.ReferencePipeline.forEach(ReferencePipeline.java:632)
	at java.base/java.util.stream.ReferencePipeline$7$1FlatMap.accept(ReferencePipeline.java:293)
	at java.base/java.util.stream.ReferencePipeline$3$1.accept(ReferencePipeline.java:214)
	at java.base/java.util.stream.ReferencePipeline$3$1.accept(ReferencePipeline.java:214)
	at java.base/java.util.stream.ReferencePipeline$3$1.accept(ReferencePipeline.java:214)
	at java.base/java.util.ArrayList$ArrayListSpliterator.forEachRemaining(ArrayList.java:1716)
	at java.base/java.util.stream.AbstractPipeline.copyInto(AbstractPipeline.java:570)
	at java.base/java.util.stream.AbstractPipeline.wrapAndCopyInto(AbstractPipeline.java:560)
	at java.base/java.util.stream.ForEachOps$ForEachOp.evaluateSequential(ForEachOps.java:153)
	at java.base/java.util.stream.ForEachOps$ForEachOp$OfRef.evaluateSequential(ForEachOps.java:176)
	at java.base/java.util.stream.AbstractPipeline.evaluate(AbstractPipeline.java:265)
	at java.base/java.util.stream.ReferencePipeline.forEach(ReferencePipeline.java:632)
	at java.base/java.util.ArrayList.forEach(ArrayList.java:1604)
	at java.base/java.util.ArrayList.forEach(ArrayList.java:1604)
	Suppressed: org.opentest4j.TestAbortedException: Assumption failed: Already exited with org.apache.ratis.util.ExitUtils$ExitException: s13.serverHandler2 is terminating.
		at org.apache.ratis.BaseTest.checkAssumptions(BaseTest.java:89)
		at org.apache.ratis.BaseTest.setup(BaseTest.java:76)
		... 41 more
	Suppressed: org.junit.platform.commons.JUnitException: Failed to close extension context
		... 40 more
	Caused by: java.lang.IllegalArgumentException: maximumPoolSize must be positive
		at java.base/java.util.concurrent.ThreadPoolExecutor.<init>(ThreadPoolExecutor.java:1257)
		at java.base/java.util.concurrent.ThreadPoolExecutor.<init>(ThreadPoolExecutor.java:1179)
		at java.base/java.util.concurrent.Executors.newFixedThreadPool(Executors.java:152)
		at org.apache.ratis.server.impl.MiniRaftCluster.shutdown(MiniRaftCluster.java:810)
		at org.apache.ratis.server.impl.MiniRaftCluster.close(MiniRaftCluster.java:796)
		at java.base/java.util.stream.ForEachOps$ForEachOp$OfRef.accept(ForEachOps.java:186)
		at java.base/java.util.ArrayList.forEach(ArrayList.java:1604)
		at java.base/java.util.stream.SortedOps$RefSortingSink.end(SortedOps.java:395)
		at java.base/java.util.stream.Sink$ChainedReference.end(Sink.java:261)
		at java.base/java.util.stream.Sink$ChainedReference.end(Sink.java:261)
		at java.base/java.util.stream.AbstractPipeline.copyInto(AbstractPipeline.java:571)
		at java.base/java.util.stream.AbstractPipeline.wrapAndCopyInto(AbstractPipeline.java:560)
		at java.base/java.util.stream.ForEachOps$ForEachOp.evaluateSequential(ForEachOps.java:153)
		at java.base/java.util.stream.ForEachOps$ForEachOp$OfRef.evaluateSequential(ForEachOps.java:176)
		at java.base/java.util.stream.AbstractPipeline.evaluate(AbstractPipeline.java:265)
		at java.base/java.util.stream.ReferencePipeline.forEach(ReferencePipeline.java:632)
		... 40 more
Caused by: org.apache.ratis.util.ExitUtils$ExitException: s13.serverHandler2 is terminating.
	at org.apache.ratis.util.ExitUtils.terminate(ExitUtils.java:141)
	at org.apache.ratis.util.ExitUtils.terminate(ExitUtils.java:151)
	at org.apache.ratis.server.simulation.RequestHandler$HandlerDaemon.run(RequestHandler.java:138)
Caused by: java.lang.IllegalStateException: s13@group-A169194E8018-SegmentedRaftLog is expected to be opened but it is CLOSED
	at org.apache.ratis.util.OpenCloseState.assertOpen(OpenCloseState.java:63)
	at org.apache.ratis.server.raftlog.RaftLogBase.checkLogState(RaftLogBase.java:113)
	at org.apache.ratis.server.raftlog.segmented.SegmentedRaftLog.getLastEntryTermIndex(SegmentedRaftLog.java:362)
	at org.apache.ratis.server.impl.ServerState.getLastEntry(ServerState.java:311)
	at org.apache.ratis.server.impl.RaftServerImpl.requestVote(RaftServerImpl.java:1533)
	at org.apache.ratis.server.impl.RaftServerImpl.requestVote(RaftServerImpl.java:1488)
	at org.apache.ratis.server.impl.RaftServerProxy.requestVote(RaftServerProxy.java:642)
	at org.apache.ratis.server.simulation.SimulatedServerRpc$1.handleRequest(SimulatedServerRpc.java:165)
	at org.apache.ratis.server.simulation.SimulatedServerRpc$1.handleRequest(SimulatedServerRpc.java:153)
	at org.apache.ratis.server.simulation.RequestHandler.handleRequest(RequestHandler.java:91)
	at org.apache.ratis.server.simulation.RequestHandler$HandlerDaemon.run(RequestHandler.java:125)
Caused by: org.apache.ratis.util.OpenCloseState$CloseTrace: Close s13@group-A169194E8018-SegmentedRaftLog
	at org.apache.ratis.util.OpenCloseState.lambda$close$0(OpenCloseState.java:109)
	at java.base/java.util.concurrent.atomic.AtomicReference.getAndUpdate(AtomicReference.java:184)
	at org.apache.ratis.util.OpenCloseState.close(OpenCloseState.java:109)
	at org.apache.ratis.server.raftlog.RaftLogBase.close(RaftLogBase.java:394)
	at org.apache.ratis.server.raftlog.segmented.SegmentedRaftLog.close(SegmentedRaftLog.java:535)
	at org.apache.ratis.server.impl.ServerState.close(ServerState.java:446)
	at org.apache.ratis.server.impl.RaftServerImpl.lambda$close$0(RaftServerImpl.java:557)
	at org.apache.ratis.util.LifeCycle.lambda$checkStateAndClose$1(LifeCycle.java:312)
	at org.apache.ratis.util.LifeCycle.checkStateAndClose(LifeCycle.java:332)
	at org.apache.ratis.util.LifeCycle.checkStateAndClose(LifeCycle.java:310)
	at org.apache.ratis.server.impl.RaftServerImpl.close(RaftServerImpl.java:534)
	at org.apache.ratis.server.impl.RaftServerImpl.groupRemove(RaftServerImpl.java:492)
	at org.apache.ratis.server.impl.RaftServerProxy.lambda$groupRemoveAsync$0(RaftServerProxy.java:554)
	at java.base/java.util.concurrent.CompletableFuture.uniApplyNow(CompletableFuture.java:705)
	at java.base/java.util.concurrent.CompletableFuture.uniApplyStage(CompletableFuture.java:683)
	at java.base/java.util.concurrent.CompletableFuture.thenApply(CompletableFuture.java:2227)
	at org.apache.ratis.server.impl.RaftServerProxy.groupRemoveAsync(RaftServerProxy.java:553)
	at org.apache.ratis.server.impl.RaftServerProxy.groupManagementAsync(RaftServerProxy.java:502)
	at org.apache.ratis.server.impl.RaftServerProxy.groupManagement(RaftServerProxy.java:482)
	at org.apache.ratis.server.simulation.SimulatedServerRpc$2.handleRequest(SimulatedServerRpc.java:189)
	at org.apache.ratis.server.simulation.SimulatedServerRpc$2.handleRequest(SimulatedServerRpc.java:177)
	... 2 more

[ERROR] org.apache.ratis.TestMultiRaftGroup.testMultiRaftGroup(MiniRaftCluster)[3] -- Time elapsed: 0.003 s <<< FAILURE!
java.lang.AssertionError: Unexpected exit.
	at org.apache.ratis.util.ExitUtils.assertNotTerminated(ExitUtils.java:109)
	at org.apache.ratis.BaseTest.assertNoFailures(BaseTest.java:99)
	at java.base/java.lang.reflect.Method.invoke(Method.java:565)
	at java.base/java.util.Optional.ifPresent(Optional.java:178)
	at java.base/java.util.stream.ForEachOps$ForEachOp$OfRef.accept(ForEachOps.java:186)
	at java.base/java.util.stream.ReferencePipeline$3$1.accept(ReferencePipeline.java:214)
	at java.base/java.util.stream.ForEachOps$ForEachOp$OfRef.accept(ForEachOps.java:186)
	at java.base/java.util.stream.ForEachOps$ForEachOp$OfRef.accept(ForEachOps.java:186)
	at java.base/java.util.stream.ReferencePipeline$3$1.accept(ReferencePipeline.java:214)
	at java.base/java.util.ArrayList$ArrayListSpliterator.forEachRemaining(ArrayList.java:1716)
	at java.base/java.util.stream.ReferencePipeline$Head.forEach(ReferencePipeline.java:803)
	at java.base/java.util.stream.ReferencePipeline$7$1FlatMap.accept(ReferencePipeline.java:293)
	at java.base/java.util.stream.ReferencePipeline$3$1.accept(ReferencePipeline.java:214)
	at java.base/java.util.stream.ReferencePipeline$3$1.accept(ReferencePipeline.java:214)
	at java.base/java.util.stream.ReferencePipeline$3$1.accept(ReferencePipeline.java:214)
	at java.base/java.util.Spliterators$ArraySpliterator.forEachRemaining(Spliterators.java:1024)
	at java.base/java.util.stream.AbstractPipeline.copyInto(AbstractPipeline.java:570)
	at java.base/java.util.stream.AbstractPipeline.wrapAndCopyInto(AbstractPipeline.java:560)
	at java.base/java.util.stream.ForEachOps$ForEachOp.evaluateSequential(ForEachOps.java:153)
	at java.base/java.util.stream.ForEachOps$ForEachOp$OfRef.evaluateSequential(ForEachOps.java:176)
	at java.base/java.util.stream.AbstractPipeline.evaluate(AbstractPipeline.java:265)
	at java.base/java.util.stream.ReferencePipeline.forEach(ReferencePipeline.java:632)
	at java.base/java.util.stream.ReferencePipeline$7$1FlatMap.accept(ReferencePipeline.java:293)
	at java.base/java.util.ArrayList$ArrayListSpliterator.forEachRemaining(ArrayList.java:1716)
	at java.base/java.util.stream.AbstractPipeline.copyInto(AbstractPipeline.java:570)
	at java.base/java.util.stream.AbstractPipeline.wrapAndCopyInto(AbstractPipeline.java:560)
	at java.base/java.util.stream.ForEachOps$ForEachOp.evaluateSequential(ForEachOps.java:153)
	at java.base/java.util.stream.ForEachOps$ForEachOp$OfRef.evaluateSequential(ForEachOps.java:176)
	at java.base/java.util.stream.AbstractPipeline.evaluate(AbstractPipeline.java:265)
	at java.base/java.util.stream.ReferencePipeline.forEach(ReferencePipeline.java:632)
	at java.base/java.util.stream.ReferencePipeline$7$1FlatMap.accept(ReferencePipeline.java:293)
	at java.base/java.util.stream.ReferencePipeline$3$1.accept(ReferencePipeline.java:214)
	at java.base/java.util.stream.ReferencePipeline$3$1.accept(ReferencePipeline.java:214)
	at java.base/java.util.stream.ReferencePipeline$3$1.accept(ReferencePipeline.java:214)
	at java.base/java.util.ArrayList$ArrayListSpliterator.forEachRemaining(ArrayList.java:1716)
	at java.base/java.util.stream.AbstractPipeline.copyInto(AbstractPipeline.java:570)
	at java.base/java.util.stream.AbstractPipeline.wrapAndCopyInto(AbstractPipeline.java:560)
	at java.base/java.util.stream.ForEachOps$ForEachOp.evaluateSequential(ForEachOps.java:153)
	at java.base/java.util.stream.ForEachOps$ForEachOp$OfRef.evaluateSequential(ForEachOps.java:176)
	at java.base/java.util.stream.AbstractPipeline.evaluate(AbstractPipeline.java:265)
	at java.base/java.util.stream.ReferencePipeline.forEach(ReferencePipeline.java:632)
	at java.base/java.util.ArrayList.forEach(ArrayList.java:1604)
	at java.base/java.util.ArrayList.forEach(ArrayList.java:1604)
	Suppressed: org.opentest4j.TestAbortedException: Assumption failed: Already exited with org.apache.ratis.util.ExitUtils$ExitException: s13.serverHandler2 is terminating.
		at org.apache.ratis.BaseTest.checkAssumptions(BaseTest.java:89)
		at org.apache.ratis.BaseTest.setup(BaseTest.java:76)
		... 41 more
	Suppressed: org.junit.platform.commons.JUnitException: Failed to close extension context
		... 40 more
	Caused by: java.lang.IllegalArgumentException: maximumPoolSize must be positive
		at java.base/java.util.concurrent.ThreadPoolExecutor.<init>(ThreadPoolExecutor.java:1257)
		at java.base/java.util.concurrent.ThreadPoolExecutor.<init>(ThreadPoolExecutor.java:1179)
		at java.base/java.util.concurrent.Executors.newFixedThreadPool(Executors.java:152)
		at org.apache.ratis.server.impl.MiniRaftCluster.shutdown(MiniRaftCluster.java:810)
		at org.apache.ratis.server.impl.MiniRaftCluster.close(MiniRaftCluster.java:796)
		at java.base/java.util.stream.ForEachOps$ForEachOp$OfRef.accept(ForEachOps.java:186)
		at java.base/java.util.ArrayList.forEach(ArrayList.java:1604)
		at java.base/java.util.stream.SortedOps$RefSortingSink.end(SortedOps.java:395)
		at java.base/java.util.stream.Sink$ChainedReference.end(Sink.java:261)
		at java.base/java.util.stream.Sink$ChainedReference.end(Sink.java:261)
		at java.base/java.util.stream.AbstractPipeline.copyInto(AbstractPipeline.java:571)
		at java.base/java.util.stream.AbstractPipeline.wrapAndCopyInto(AbstractPipeline.java:560)
		at java.base/java.util.stream.ForEachOps$ForEachOp.evaluateSequential(ForEachOps.java:153)
		at java.base/java.util.stream.ForEachOps$ForEachOp$OfRef.evaluateSequential(ForEachOps.java:176)
		at java.base/java.util.stream.AbstractPipeline.evaluate(AbstractPipeline.java:265)
		at java.base/java.util.stream.ReferencePipeline.forEach(ReferencePipeline.java:632)
		... 40 more
Caused by: org.apache.ratis.util.ExitUtils$ExitException: s13.serverHandler2 is terminating.
	at org.apache.ratis.util.ExitUtils.terminate(ExitUtils.java:141)
	at org.apache.ratis.util.ExitUtils.terminate(ExitUtils.java:151)
	at org.apache.ratis.server.simulation.RequestHandler$HandlerDaemon.run(RequestHandler.java:138)
Caused by: java.lang.IllegalStateException: s13@group-A169194E8018-SegmentedRaftLog is expected to be opened but it is CLOSED
	at org.apache.ratis.util.OpenCloseState.assertOpen(OpenCloseState.java:63)
	at org.apache.ratis.server.raftlog.RaftLogBase.checkLogState(RaftLogBase.java:113)
	at org.apache.ratis.server.raftlog.segmented.SegmentedRaftLog.getLastEntryTermIndex(SegmentedRaftLog.java:362)
	at org.apache.ratis.server.impl.ServerState.getLastEntry(ServerState.java:311)
	at org.apache.ratis.server.impl.RaftServerImpl.requestVote(RaftServerImpl.java:1533)
	at org.apache.ratis.server.impl.RaftServerImpl.requestVote(RaftServerImpl.java:1488)
	at org.apache.ratis.server.impl.RaftServerProxy.requestVote(RaftServerProxy.java:642)
	at org.apache.ratis.server.simulation.SimulatedServerRpc$1.handleRequest(SimulatedServerRpc.java:165)
	at org.apache.ratis.server.simulation.SimulatedServerRpc$1.handleRequest(SimulatedServerRpc.java:153)
	at org.apache.ratis.server.simulation.RequestHandler.handleRequest(RequestHandler.java:91)
	at org.apache.ratis.server.simulation.RequestHandler$HandlerDaemon.run(RequestHandler.java:125)
Caused by: org.apache.ratis.util.OpenCloseState$CloseTrace: Close s13@group-A169194E8018-SegmentedRaftLog
	at org.apache.ratis.util.OpenCloseState.lambda$close$0(OpenCloseState.java:109)
	at java.base/java.util.concurrent.atomic.AtomicReference.getAndUpdate(AtomicReference.java:184)
	at org.apache.ratis.util.OpenCloseState.close(OpenCloseState.java:109)
	at org.apache.ratis.server.raftlog.RaftLogBase.close(RaftLogBase.java:394)
	at org.apache.ratis.server.raftlog.segmented.SegmentedRaftLog.close(SegmentedRaftLog.java:535)
	at org.apache.ratis.server.impl.ServerState.close(ServerState.java:446)
	at org.apache.ratis.server.impl.RaftServerImpl.lambda$close$0(RaftServerImpl.java:557)
	at org.apache.ratis.util.LifeCycle.lambda$checkStateAndClose$1(LifeCycle.java:312)
	at org.apache.ratis.util.LifeCycle.checkStateAndClose(LifeCycle.java:332)
	at org.apache.ratis.util.LifeCycle.checkStateAndClose(LifeCycle.java:310)
	at org.apache.ratis.server.impl.RaftServerImpl.close(RaftServerImpl.java:534)
	at org.apache.ratis.server.impl.RaftServerImpl.groupRemove(RaftServerImpl.java:492)
	at org.apache.ratis.server.impl.RaftServerProxy.lambda$groupRemoveAsync$0(RaftServerProxy.java:554)
	at java.base/java.util.concurrent.CompletableFuture.uniApplyNow(CompletableFuture.java:705)
	at java.base/java.util.concurrent.CompletableFuture.uniApplyStage(CompletableFuture.java:683)
	at java.base/java.util.concurrent.CompletableFuture.thenApply(CompletableFuture.java:2227)
	at org.apache.ratis.server.impl.RaftServerProxy.groupRemoveAsync(RaftServerProxy.java:553)
	at org.apache.ratis.server.impl.RaftServerProxy.groupManagementAsync(RaftServerProxy.java:502)
	at org.apache.ratis.server.impl.RaftServerProxy.groupManagement(RaftServerProxy.java:482)
	at org.apache.ratis.server.simulation.SimulatedServerRpc$2.handleRequest(SimulatedServerRpc.java:189)
	at org.apache.ratis.server.simulation.SimulatedServerRpc$2.handleRequest(SimulatedServerRpc.java:177)
	... 2 more

[INFO] Running org.apache.ratis.TestMultiRaftGroup
[ERROR] Tests run: 3, Failures: 3, Errors: 0, Skipped: 0, Time elapsed: 0.026 s <<< FAILURE! -- in org.apache.ratis.TestMultiRaftGroup
[ERROR] org.apache.ratis.TestMultiRaftGroup.testMultiRaftGroup(MiniRaftCluster)[1] -- Time elapsed: 0.003 s <<< FAILURE!
java.lang.AssertionError: Unexpected exit.
	at org.apache.ratis.util.ExitUtils.assertNotTerminated(ExitUtils.java:109)
	at org.apache.ratis.BaseTest.assertNoFailures(BaseTest.java:99)
	at java.base/java.lang.reflect.Method.invoke(Method.java:565)
	at java.base/java.util.Optional.ifPresent(Optional.java:178)
	at java.base/java.util.stream.ForEachOps$ForEachOp$OfRef.accept(ForEachOps.java:186)
	at java.base/java.util.stream.ReferencePipeline$3$1.accept(ReferencePipeline.java:214)
	at java.base/java.util.stream.ForEachOps$ForEachOp$OfRef.accept(ForEachOps.java:186)
	at java.base/java.util.stream.ForEachOps$ForEachOp$OfRef.accept(ForEachOps.java:186)
	at java.base/java.util.stream.ReferencePipeline$3$1.accept(ReferencePipeline.java:214)
	at java.base/java.util.ArrayList$ArrayListSpliterator.forEachRemaining(ArrayList.java:1716)
	at java.base/java.util.stream.ReferencePipeline$Head.forEach(ReferencePipeline.java:803)
	at java.base/java.util.stream.ReferencePipeline$7$1FlatMap.accept(ReferencePipeline.java:293)
	at java.base/java.util.stream.ReferencePipeline$3$1.accept(ReferencePipeline.java:214)
	at java.base/java.util.stream.ReferencePipeline$3$1.accept(ReferencePipeline.java:214)
	at java.base/java.util.stream.ReferencePipeline$3$1.accept(ReferencePipeline.java:214)
	at java.base/java.util.Spliterators$ArraySpliterator.forEachRemaining(Spliterators.java:1024)
	at java.base/java.util.stream.AbstractPipeline.copyInto(AbstractPipeline.java:570)
	at java.base/java.util.stream.AbstractPipeline.wrapAndCopyInto(AbstractPipeline.java:560)
	at java.base/java.util.stream.ForEachOps$ForEachOp.evaluateSequential(ForEachOps.java:153)
	at java.base/java.util.stream.ForEachOps$ForEachOp$OfRef.evaluateSequential(ForEachOps.java:176)
	at java.base/java.util.stream.AbstractPipeline.evaluate(AbstractPipeline.java:265)
	at java.base/java.util.stream.ReferencePipeline.forEach(ReferencePipeline.java:632)
	at java.base/java.util.stream.ReferencePipeline$7$1FlatMap.accept(ReferencePipeline.java:293)
	at java.base/java.util.ArrayList$ArrayListSpliterator.forEachRemaining(ArrayList.java:1716)
	at java.base/java.util.stream.AbstractPipeline.copyInto(AbstractPipeline.java:570)
	at java.base/java.util.stream.AbstractPipeline.wrapAndCopyInto(AbstractPipeline.java:560)
	at java.base/java.util.stream.ForEachOps$ForEachOp.evaluateSequential(ForEachOps.java:153)
	at java.base/java.util.stream.ForEachOps$ForEachOp$OfRef.evaluateSequential(ForEachOps.java:176)
	at java.base/java.util.stream.AbstractPipeline.evaluate(AbstractPipeline.java:265)
	at java.base/java.util.stream.ReferencePipeline.forEach(ReferencePipeline.java:632)
	at java.base/java.util.stream.ReferencePipeline$7$1FlatMap.accept(ReferencePipeline.java:293)
	at java.base/java.util.stream.ReferencePipeline$3$1.accept(ReferencePipeline.java:214)
	at java.base/java.util.stream.ReferencePipeline$3$1.accept(ReferencePipeline.java:214)
	at java.base/java.util.stream.ReferencePipeline$3$1.accept(ReferencePipeline.java:214)
	at java.base/java.util.ArrayList$ArrayListSpliterator.forEachRemaining(ArrayList.java:1716)
	at java.base/java.util.stream.AbstractPipeline.copyInto(AbstractPipeline.java:570)
	at java.base/java.util.stream.AbstractPipeline.wrapAndCopyInto(AbstractPipeline.java:560)
	at java.base/java.util.stream.ForEachOps$ForEachOp.evaluateSequential(ForEachOps.java:153)
	at java.base/java.util.stream.ForEachOps$ForEachOp$OfRef.evaluateSequential(ForEachOps.java:176)
	at java.base/java.util.stream.AbstractPipeline.evaluate(AbstractPipeline.java:265)
	at java.base/java.util.stream.ReferencePipeline.forEach(ReferencePipeline.java:632)
	at java.base/java.util.ArrayList.forEach(ArrayList.java:1604)
	at java.base/java.util.ArrayList.forEach(ArrayList.java:1604)
	Suppressed: org.opentest4j.TestAbortedException: Assumption failed: Already exited with org.apache.ratis.util.ExitUtils$ExitException: s13.serverHandler2 is terminating.
		at org.apache.ratis.BaseTest.checkAssumptions(BaseTest.java:89)
		at org.apache.ratis.BaseTest.setup(BaseTest.java:76)
		... 41 more
	Suppressed: org.junit.platform.commons.JUnitException: Failed to close extension context
		... 40 more
	Caused by: java.lang.IllegalArgumentException: maximumPoolSize must be positive
		at java.base/java.util.concurrent.ThreadPoolExecutor.<init>(ThreadPoolExecutor.java:1257)
		at java.base/java.util.concurrent.ThreadPoolExecutor.<init>(ThreadPoolExecutor.java:1179)
		at java.base/java.util.concurrent.Executors.newFixedThreadPool(Executors.java:152)
		at org.apache.ratis.server.impl.MiniRaftCluster.shutdown(MiniRaftCluster.java:810)
		at org.apache.ratis.server.impl.MiniRaftCluster.close(MiniRaftCluster.java:796)
		at java.base/java.util.stream.ForEachOps$ForEachOp$OfRef.accept(ForEachOps.java:186)
		at java.base/java.util.ArrayList.forEach(ArrayList.java:1604)
		at java.base/java.util.stream.SortedOps$RefSortingSink.end(SortedOps.java:395)
		at java.base/java.util.stream.Sink$ChainedReference.end(Sink.java:261)
		at java.base/java.util.stream.Sink$ChainedReference.end(Sink.java:261)
		at java.base/java.util.stream.AbstractPipeline.copyInto(AbstractPipeline.java:571)
		at java.base/java.util.stream.AbstractPipeline.wrapAndCopyInto(AbstractPipeline.java:560)
		at java.base/java.util.stream.ForEachOps$ForEachOp.evaluateSequential(ForEachOps.java:153)
		at java.base/java.util.stream.ForEachOps$ForEachOp$OfRef.evaluateSequential(ForEachOps.java:176)
		at java.base/java.util.stream.AbstractPipeline.evaluate(AbstractPipeline.java:265)
		at java.base/java.util.stream.ReferencePipeline.forEach(ReferencePipeline.java:632)
		... 40 more
Caused by: org.apache.ratis.util.ExitUtils$ExitException: s13.serverHandler2 is terminating.
	at org.apache.ratis.util.ExitUtils.terminate(ExitUtils.java:141)
	at org.apache.ratis.util.ExitUtils.terminate(ExitUtils.java:151)
	at org.apache.ratis.server.simulation.RequestHandler$HandlerDaemon.run(RequestHandler.java:138)
Caused by: java.lang.IllegalStateException: s13@group-A169194E8018-SegmentedRaftLog is expected to be opened but it is CLOSED
	at org.apache.ratis.util.OpenCloseState.assertOpen(OpenCloseState.java:63)
	at org.apache.ratis.server.raftlog.RaftLogBase.checkLogState(RaftLogBase.java:113)
	at org.apache.ratis.server.raftlog.segmented.SegmentedRaftLog.getLastEntryTermIndex(SegmentedRaftLog.java:362)
	at org.apache.ratis.server.impl.ServerState.getLastEntry(ServerState.java:311)
	at org.apache.ratis.server.impl.RaftServerImpl.requestVote(RaftServerImpl.java:1533)
	at org.apache.ratis.server.impl.RaftServerImpl.requestVote(RaftServerImpl.java:1488)
	at org.apache.ratis.server.impl.RaftServerProxy.requestVote(RaftServerProxy.java:642)
	at org.apache.ratis.server.simulation.SimulatedServerRpc$1.handleRequest(SimulatedServerRpc.java:165)
	at org.apache.ratis.server.simulation.SimulatedServerRpc$1.handleRequest(SimulatedServerRpc.java:153)
	at org.apache.ratis.server.simulation.RequestHandler.handleRequest(RequestHandler.java:91)
	at org.apache.ratis.server.simulation.RequestHandler$HandlerDaemon.run(RequestHandler.java:125)
Caused by: org.apache.ratis.util.OpenCloseState$CloseTrace: Close s13@group-A169194E8018-SegmentedRaftLog
	at org.apache.ratis.util.OpenCloseState.lambda$close$0(OpenCloseState.java:109)
	at java.base/java.util.concurrent.atomic.AtomicReference.getAndUpdate(AtomicReference.java:184)
	at org.apache.ratis.util.OpenCloseState.close(OpenCloseState.java:109)
	at org.apache.ratis.server.raftlog.RaftLogBase.close(RaftLogBase.java:394)
	at org.apache.ratis.server.raftlog.segmented.SegmentedRaftLog.close(SegmentedRaftLog.java:535)
	at org.apache.ratis.server.impl.ServerState.close(ServerState.java:446)
	at org.apache.ratis.server.impl.RaftServerImpl.lambda$close$0(RaftServerImpl.java:557)
	at org.apache.ratis.util.LifeCycle.lambda$checkStateAndClose$1(LifeCycle.java:312)
	at org.apache.ratis.util.LifeCycle.checkStateAndClose(LifeCycle.java:332)
	at org.apache.ratis.util.LifeCycle.checkStateAndClose(LifeCycle.java:310)
	at org.apache.ratis.server.impl.RaftServerImpl.close(RaftServerImpl.java:534)
	at org.apache.ratis.server.impl.RaftServerImpl.groupRemove(RaftServerImpl.java:492)
	at org.apache.ratis.server.impl.RaftServerProxy.lambda$groupRemoveAsync$0(RaftServerProxy.java:554)
	at java.base/java.util.concurrent.CompletableFuture.uniApplyNow(CompletableFuture.java:705)
	at java.base/java.util.concurrent.CompletableFuture.uniApplyStage(CompletableFuture.java:683)
	at java.base/java.util.concurrent.CompletableFuture.thenApply(CompletableFuture.java:2227)
	at org.apache.ratis.server.impl.RaftServerProxy.groupRemoveAsync(RaftServerProxy.java:553)
	at org.apache.ratis.server.impl.RaftServerProxy.groupManagementAsync(RaftServerProxy.java:502)
	at org.apache.ratis.server.impl.RaftServerProxy.groupManagement(RaftServerProxy.java:482)
	at org.apache.ratis.server.simulation.SimulatedServerRpc$2.handleRequest(SimulatedServerRpc.java:189)
	at org.apache.ratis.server.simulation.SimulatedServerRpc$2.handleRequest(SimulatedServerRpc.java:177)
	... 2 more

[ERROR] org.apache.ratis.TestMultiRaftGroup.testMultiRaftGroup(MiniRaftCluster)[2] -- Time elapsed: 0.003 s <<< FAILURE!
java.lang.AssertionError: Unexpected exit.
	at org.apache.ratis.util.ExitUtils.assertNotTerminated(ExitUtils.java:109)
	at org.apache.ratis.BaseTest.assertNoFailures(BaseTest.java:99)
	at java.base/java.lang.reflect.Method.invoke(Method.java:565)
	at java.base/java.util.Optional.ifPresent(Optional.java:178)
	at java.base/java.util.stream.ForEachOps$ForEachOp$OfRef.accept(ForEachOps.java:186)
	at java.base/java.util.stream.ReferencePipeline$3$1.accept(ReferencePipeline.java:214)
	at java.base/java.util.stream.ForEachOps$ForEachOp$OfRef.accept(ForEachOps.java:186)
	at java.base/java.util.stream.ForEachOps$ForEachOp$OfRef.accept(ForEachOps.java:186)
	at java.base/java.util.stream.ReferencePipeline$3$1.accept(ReferencePipeline.java:214)
	at java.base/java.util.ArrayList$ArrayListSpliterator.forEachRemaining(ArrayList.java:1716)
	at java.base/java.util.stream.ReferencePipeline$Head.forEach(ReferencePipeline.java:803)
	at java.base/java.util.stream.ReferencePipeline$7$1FlatMap.accept(ReferencePipeline.java:293)
	at java.base/java.util.stream.ReferencePipeline$3$1.accept(ReferencePipeline.java:214)
	at java.base/java.util.stream.ReferencePipeline$3$1.accept(ReferencePipeline.java:214)
	at java.base/java.util.stream.ReferencePipeline$3$1.accept(ReferencePipeline.java:214)
	at java.base/java.util.Spliterators$ArraySpliterator.forEachRemaining(Spliterators.java:1024)
	at java.base/java.util.stream.AbstractPipeline.copyInto(AbstractPipeline.java:570)
	at java.base/java.util.stream.AbstractPipeline.wrapAndCopyInto(AbstractPipeline.java:560)
	at java.base/java.util.stream.ForEachOps$ForEachOp.evaluateSequential(ForEachOps.java:153)
	at java.base/java.util.stream.ForEachOps$ForEachOp$OfRef.evaluateSequential(ForEachOps.java:176)
	at java.base/java.util.stream.AbstractPipeline.evaluate(AbstractPipeline.java:265)
	at java.base/java.util.stream.ReferencePipeline.forEach(ReferencePipeline.java:632)
	at java.base/java.util.stream.ReferencePipeline$7$1FlatMap.accept(ReferencePipeline.java:293)
	at java.base/java.util.ArrayList$ArrayListSpliterator.forEachRemaining(ArrayList.java:1716)
	at java.base/java.util.stream.AbstractPipeline.copyInto(AbstractPipeline.java:570)
	at java.base/java.util.stream.AbstractPipeline.wrapAndCopyInto(AbstractPipeline.java:560)
	at java.base/java.util.stream.ForEachOps$ForEachOp.evaluateSequential(ForEachOps.java:153)
	at java.base/java.util.stream.ForEachOps$ForEachOp$OfRef.evaluateSequential(ForEachOps.java:176)
	at java.base/java.util.stream.AbstractPipeline.evaluate(AbstractPipeline.java:265)
	at java.base/java.util.stream.ReferencePipeline.forEach(ReferencePipeline.java:632)
	at java.base/java.util.stream.ReferencePipeline$7$1FlatMap.accept(ReferencePipeline.java:293)
	at java.base/java.util.stream.ReferencePipeline$3$1.accept(ReferencePipeline.java:214)
	at java.base/java.util.stream.ReferencePipeline$3$1.accept(ReferencePipeline.java:214)
	at java.base/java.util.stream.ReferencePipeline$3$1.accept(ReferencePipeline.java:214)
	at java.base/java.util.ArrayList$ArrayListSpliterator.forEachRemaining(ArrayList.java:1716)
	at java.base/java.util.stream.AbstractPipeline.copyInto(AbstractPipeline.java:570)
	at java.base/java.util.stream.AbstractPipeline.wrapAndCopyInto(AbstractPipeline.java:560)
	at java.base/java.util.stream.ForEachOps$ForEachOp.evaluateSequential(ForEachOps.java:153)
	at java.base/java.util.stream.ForEachOps$ForEachOp$OfRef.evaluateSequential(ForEachOps.java:176)
	at java.base/java.util.stream.AbstractPipeline.evaluate(AbstractPipeline.java:265)
	at java.base/java.util.stream.ReferencePipeline.forEach(ReferencePipeline.java:632)
	at java.base/java.util.ArrayList.forEach(ArrayList.java:1604)
	at java.base/java.util.ArrayList.forEach(ArrayList.java:1604)
	Suppressed: org.opentest4j.TestAbortedException: Assumption failed: Already exited with org.apache.ratis.util.ExitUtils$ExitException: s13.serverHandler2 is terminating.
		at org.apache.ratis.BaseTest.checkAssumptions(BaseTest.java:89)
		at org.apache.ratis.BaseTest.setup(BaseTest.java:76)
		... 41 more
	Suppressed: org.junit.platform.commons.JUnitException: Failed to close extension context
		... 40 more
	Caused by: java.lang.IllegalArgumentException: maximumPoolSize must be positive
		at java.base/java.util.concurrent.ThreadPoolExecutor.<init>(ThreadPoolExecutor.java:1257)
		at java.base/java.util.concurrent.ThreadPoolExecutor.<init>(ThreadPoolExecutor.java:1179)
		at java.base/java.util.concurrent.Executors.newFixedThreadPool(Executors.java:152)
		at org.apache.ratis.server.impl.MiniRaftCluster.shutdown(MiniRaftCluster.java:810)
		at org.apache.ratis.server.impl.MiniRaftCluster.close(MiniRaftCluster.java:796)
		at java.base/java.util.stream.ForEachOps$ForEachOp$OfRef.accept(ForEachOps.java:186)
		at java.base/java.util.ArrayList.forEach(ArrayList.java:1604)
		at java.base/java.util.stream.SortedOps$RefSortingSink.end(SortedOps.java:395)
		at java.base/java.util.stream.Sink$ChainedReference.end(Sink.java:261)
		at java.base/java.util.stream.Sink$ChainedReference.end(Sink.java:261)
		at java.base/java.util.stream.AbstractPipeline.copyInto(AbstractPipeline.java:571)
		at java.base/java.util.stream.AbstractPipeline.wrapAndCopyInto(AbstractPipeline.java:560)
		at java.base/java.util.stream.ForEachOps$ForEachOp.evaluateSequential(ForEachOps.java:153)
		at java.base/java.util.stream.ForEachOps$ForEachOp$OfRef.evaluateSequential(ForEachOps.java:176)
		at java.base/java.util.stream.AbstractPipeline.evaluate(AbstractPipeline.java:265)
		at java.base/java.util.stream.ReferencePipeline.forEach(ReferencePipeline.java:632)
		... 40 more
Caused by: org.apache.ratis.util.ExitUtils$ExitException: s13.serverHandler2 is terminating.
	at org.apache.ratis.util.ExitUtils.terminate(ExitUtils.java:141)
	at org.apache.ratis.util.ExitUtils.terminate(ExitUtils.java:151)
	at org.apache.ratis.server.simulation.RequestHandler$HandlerDaemon.run(RequestHandler.java:138)
Caused by: java.lang.IllegalStateException: s13@group-A169194E8018-SegmentedRaftLog is expected to be opened but it is CLOSED
	at org.apache.ratis.util.OpenCloseState.assertOpen(OpenCloseState.java:63)
	at org.apache.ratis.server.raftlog.RaftLogBase.checkLogState(RaftLogBase.java:113)
	at org.apache.ratis.server.raftlog.segmented.SegmentedRaftLog.getLastEntryTermIndex(SegmentedRaftLog.java:362)
	at org.apache.ratis.server.impl.ServerState.getLastEntry(ServerState.java:311)
	at org.apache.ratis.server.impl.RaftServerImpl.requestVote(RaftServerImpl.java:1533)
	at org.apache.ratis.server.impl.RaftServerImpl.requestVote(RaftServerImpl.java:1488)
	at org.apache.ratis.server.impl.RaftServerProxy.requestVote(RaftServerProxy.java:642)
	at org.apache.ratis.server.simulation.SimulatedServerRpc$1.handleRequest(SimulatedServerRpc.java:165)
	at org.apache.ratis.server.simulation.SimulatedServerRpc$1.handleRequest(SimulatedServerRpc.java:153)
	at org.apache.ratis.server.simulation.RequestHandler.handleRequest(RequestHandler.java:91)
	at org.apache.ratis.server.simulation.RequestHandler$HandlerDaemon.run(RequestHandler.java:125)
Caused by: org.apache.ratis.util.OpenCloseState$CloseTrace: Close s13@group-A169194E8018-SegmentedRaftLog
	at org.apache.ratis.util.OpenCloseState.lambda$close$0(OpenCloseState.java:109)
	at java.base/java.util.concurrent.atomic.AtomicReference.getAndUpdate(AtomicReference.java:184)
	at org.apache.ratis.util.OpenCloseState.close(OpenCloseState.java:109)
	at org.apache.ratis.server.raftlog.RaftLogBase.close(RaftLogBase.java:394)
	at org.apache.ratis.server.raftlog.segmented.SegmentedRaftLog.close(SegmentedRaftLog.java:535)
	at org.apache.ratis.server.impl.ServerState.close(ServerState.java:446)
	at org.apache.ratis.server.impl.RaftServerImpl.lambda$close$0(RaftServerImpl.java:557)
	at org.apache.ratis.util.LifeCycle.lambda$checkStateAndClose$1(LifeCycle.java:312)
	at org.apache.ratis.util.LifeCycle.checkStateAndClose(LifeCycle.java:332)
	at org.apache.ratis.util.LifeCycle.checkStateAndClose(LifeCycle.java:310)
	at org.apache.ratis.server.impl.RaftServerImpl.close(RaftServerImpl.java:534)
	at org.apache.ratis.server.impl.RaftServerImpl.groupRemove(RaftServerImpl.java:492)
	at org.apache.ratis.server.impl.RaftServerProxy.lambda$groupRemoveAsync$0(RaftServerProxy.java:554)
	at java.base/java.util.concurrent.CompletableFuture.uniApplyNow(CompletableFuture.java:705)
	at java.base/java.util.concurrent.CompletableFuture.uniApplyStage(CompletableFuture.java:683)
	at java.base/java.util.concurrent.CompletableFuture.thenApply(CompletableFuture.java:2227)
	at org.apache.ratis.server.impl.RaftServerProxy.groupRemoveAsync(RaftServerProxy.java:553)
	at org.apache.ratis.server.impl.RaftServerProxy.groupManagementAsync(RaftServerProxy.java:502)
	at org.apache.ratis.server.impl.RaftServerProxy.groupManagement(RaftServerProxy.java:482)
	at org.apache.ratis.server.simulation.SimulatedServerRpc$2.handleRequest(SimulatedServerRpc.java:189)
	at org.apache.ratis.server.simulation.SimulatedServerRpc$2.handleRequest(SimulatedServerRpc.java:177)
	... 2 more

[ERROR] org.apache.ratis.TestMultiRaftGroup.testMultiRaftGroup(MiniRaftCluster)[3] -- Time elapsed: 0.003 s <<< FAILURE!
java.lang.AssertionError: Unexpected exit.
	at org.apache.ratis.util.ExitUtils.assertNotTerminated(ExitUtils.java:109)
	at org.apache.ratis.BaseTest.assertNoFailures(BaseTest.java:99)
	at java.base/java.lang.reflect.Method.invoke(Method.java:565)
	at java.base/java.util.Optional.ifPresent(Optional.java:178)
	at java.base/java.util.stream.ForEachOps$ForEachOp$OfRef.accept(ForEachOps.java:186)
	at java.base/java.util.stream.ReferencePipeline$3$1.accept(ReferencePipeline.java:214)
	at java.base/java.util.stream.ForEachOps$ForEachOp$OfRef.accept(ForEachOps.java:186)
	at java.base/java.util.stream.ForEachOps$ForEachOp$OfRef.accept(ForEachOps.java:186)
	at java.base/java.util.stream.ReferencePipeline$3$1.accept(ReferencePipeline.java:214)
	at java.base/java.util.ArrayList$ArrayListSpliterator.forEachRemaining(ArrayList.java:1716)
	at java.base/java.util.stream.ReferencePipeline$Head.forEach(ReferencePipeline.java:803)
	at java.base/java.util.stream.ReferencePipeline$7$1FlatMap.accept(ReferencePipeline.java:293)
	at java.base/java.util.stream.ReferencePipeline$3$1.accept(ReferencePipeline.java:214)
	at java.base/java.util.stream.ReferencePipeline$3$1.accept(ReferencePipeline.java:214)
	at java.base/java.util.stream.ReferencePipeline$3$1.accept(ReferencePipeline.java:214)
	at java.base/java.util.Spliterators$ArraySpliterator.forEachRemaining(Spliterators.java:1024)
	at java.base/java.util.stream.AbstractPipeline.copyInto(AbstractPipeline.java:570)
	at java.base/java.util.stream.AbstractPipeline.wrapAndCopyInto(AbstractPipeline.java:560)
	at java.base/java.util.stream.ForEachOps$ForEachOp.evaluateSequential(ForEachOps.java:153)
	at java.base/java.util.stream.ForEachOps$ForEachOp$OfRef.evaluateSequential(ForEachOps.java:176)
	at java.base/java.util.stream.AbstractPipeline.evaluate(AbstractPipeline.java:265)
	at java.base/java.util.stream.ReferencePipeline.forEach(ReferencePipeline.java:632)
	at java.base/java.util.stream.ReferencePipeline$7$1FlatMap.accept(ReferencePipeline.java:293)
	at java.base/java.util.ArrayList$ArrayListSpliterator.forEachRemaining(ArrayList.java:1716)
	at java.base/java.util.stream.AbstractPipeline.copyInto(AbstractPipeline.java:570)
	at java.base/java.util.stream.AbstractPipeline.wrapAndCopyInto(AbstractPipeline.java:560)
	at java.base/java.util.stream.ForEachOps$ForEachOp.evaluateSequential(ForEachOps.java:153)
	at java.base/java.util.stream.ForEachOps$ForEachOp$OfRef.evaluateSequential(ForEachOps.java:176)
	at java.base/java.util.stream.AbstractPipeline.evaluate(AbstractPipeline.java:265)
	at java.base/java.util.stream.ReferencePipeline.forEach(ReferencePipeline.java:632)
	at java.base/java.util.stream.ReferencePipeline$7$1FlatMap.accept(ReferencePipeline.java:293)
	at java.base/java.util.stream.ReferencePipeline$3$1.accept(ReferencePipeline.java:214)
	at java.base/java.util.stream.ReferencePipeline$3$1.accept(ReferencePipeline.java:214)
	at java.base/java.util.stream.ReferencePipeline$3$1.accept(ReferencePipeline.java:214)
	at java.base/java.util.ArrayList$ArrayListSpliterator.forEachRemaining(ArrayList.java:1716)
	at java.base/java.util.stream.AbstractPipeline.copyInto(AbstractPipeline.java:570)
	at java.base/java.util.stream.AbstractPipeline.wrapAndCopyInto(AbstractPipeline.java:560)
	at java.base/java.util.stream.ForEachOps$ForEachOp.evaluateSequential(ForEachOps.java:153)
	at java.base/java.util.stream.ForEachOps$ForEachOp$OfRef.evaluateSequential(ForEachOps.java:176)
	at java.base/java.util.stream.AbstractPipeline.evaluate(AbstractPipeline.java:265)
	at java.base/java.util.stream.ReferencePipeline.forEach(ReferencePipeline.java:632)
	at java.base/java.util.ArrayList.forEach(ArrayList.java:1604)
	at java.base/java.util.ArrayList.forEach(ArrayList.java:1604)
	Suppressed: org.opentest4j.TestAbortedException: Assumption failed: Already exited with org.apache.ratis.util.ExitUtils$ExitException: s13.serverHandler2 is terminating.
		at org.apache.ratis.BaseTest.checkAssumptions(BaseTest.java:89)
		at org.apache.ratis.BaseTest.setup(BaseTest.java:76)
		... 41 more
	Suppressed: org.junit.platform.commons.JUnitException: Failed to close extension context
		... 40 more
	Caused by: java.lang.IllegalArgumentException: maximumPoolSize must be positive
		at java.base/java.util.concurrent.ThreadPoolExecutor.<init>(ThreadPoolExecutor.java:1257)
		at java.base/java.util.concurrent.ThreadPoolExecutor.<init>(ThreadPoolExecutor.java:1179)
		at java.base/java.util.concurrent.Executors.newFixedThreadPool(Executors.java:152)
		at org.apache.ratis.server.impl.MiniRaftCluster.shutdown(MiniRaftCluster.java:810)
		at org.apache.ratis.server.impl.MiniRaftCluster.close(MiniRaftCluster.java:796)
		at java.base/java.util.stream.ForEachOps$ForEachOp$OfRef.accept(ForEachOps.java:186)
		at java.base/java.util.ArrayList.forEach(ArrayList.java:1604)
		at java.base/java.util.stream.SortedOps$RefSortingSink.end(SortedOps.java:395)
		at java.base/java.util.stream.Sink$ChainedReference.end(Sink.java:261)
		at java.base/java.util.stream.Sink$ChainedReference.end(Sink.java:261)
		at java.base/java.util.stream.AbstractPipeline.copyInto(AbstractPipeline.java:571)
		at java.base/java.util.stream.AbstractPipeline.wrapAndCopyInto(AbstractPipeline.java:560)
		at java.base/java.util.stream.ForEachOps$ForEachOp.evaluateSequential(ForEachOps.java:153)
		at java.base/java.util.stream.ForEachOps$ForEachOp$OfRef.evaluateSequential(ForEachOps.java:176)
		at java.base/java.util.stream.AbstractPipeline.evaluate(AbstractPipeline.java:265)
		at java.base/java.util.stream.ReferencePipeline.forEach(ReferencePipeline.java:632)
		... 40 more
Caused by: org.apache.ratis.util.ExitUtils$ExitException: s13.serverHandler2 is terminating.
	at org.apache.ratis.util.ExitUtils.terminate(ExitUtils.java:141)
	at org.apache.ratis.util.ExitUtils.terminate(ExitUtils.java:151)
	at org.apache.ratis.server.simulation.RequestHandler$HandlerDaemon.run(RequestHandler.java:138)
Caused by: java.lang.IllegalStateException: s13@group-A169194E8018-SegmentedRaftLog is expected to be opened but it is CLOSED
	at org.apache.ratis.util.OpenCloseState.assertOpen(OpenCloseState.java:63)
	at org.apache.ratis.server.raftlog.RaftLogBase.checkLogState(RaftLogBase.java:113)
	at org.apache.ratis.server.raftlog.segmented.SegmentedRaftLog.getLastEntryTermIndex(SegmentedRaftLog.java:362)
	at org.apache.ratis.server.impl.ServerState.getLastEntry(ServerState.java:311)
	at org.apache.ratis.server.impl.RaftServerImpl.requestVote(RaftServerImpl.java:1533)
	at org.apache.ratis.server.impl.RaftServerImpl.requestVote(RaftServerImpl.java:1488)
	at org.apache.ratis.server.impl.RaftServerProxy.requestVote(RaftServerProxy.java:642)
	at org.apache.ratis.server.simulation.SimulatedServerRpc$1.handleRequest(SimulatedServerRpc.java:165)
	at org.apache.ratis.server.simulation.SimulatedServerRpc$1.handleRequest(SimulatedServerRpc.java:153)
	at org.apache.ratis.server.simulation.RequestHandler.handleRequest(RequestHandler.java:91)
	at org.apache.ratis.server.simulation.RequestHandler$HandlerDaemon.run(RequestHandler.java:125)
Caused by: org.apache.ratis.util.OpenCloseState$CloseTrace: Close s13@group-A169194E8018-SegmentedRaftLog
	at org.apache.ratis.util.OpenCloseState.lambda$close$0(OpenCloseState.java:109)
	at java.base/java.util.concurrent.atomic.AtomicReference.getAndUpdate(AtomicReference.java:184)
	at org.apache.ratis.util.OpenCloseState.close(OpenCloseState.java:109)
	at org.apache.ratis.server.raftlog.RaftLogBase.close(RaftLogBase.java:394)
	at org.apache.ratis.server.raftlog.segmented.SegmentedRaftLog.close(SegmentedRaftLog.java:535)
	at org.apache.ratis.server.impl.ServerState.close(ServerState.java:446)
	at org.apache.ratis.server.impl.RaftServerImpl.lambda$close$0(RaftServerImpl.java:557)
	at org.apache.ratis.util.LifeCycle.lambda$checkStateAndClose$1(LifeCycle.java:312)
	at org.apache.ratis.util.LifeCycle.checkStateAndClose(LifeCycle.java:332)
	at org.apache.ratis.util.LifeCycle.checkStateAndClose(LifeCycle.java:310)
	at org.apache.ratis.server.impl.RaftServerImpl.close(RaftServerImpl.java:534)
	at org.apache.ratis.server.impl.RaftServerImpl.groupRemove(RaftServerImpl.java:492)
	at org.apache.ratis.server.impl.RaftServerProxy.lambda$groupRemoveAsync$0(RaftServerProxy.java:554)
	at java.base/java.util.concurrent.CompletableFuture.uniApplyNow(CompletableFuture.java:705)
	at java.base/java.util.concurrent.CompletableFuture.uniApplyStage(CompletableFuture.java:683)
	at java.base/java.util.concurrent.CompletableFuture.thenApply(CompletableFuture.java:2227)
	at org.apache.ratis.server.impl.RaftServerProxy.groupRemoveAsync(RaftServerProxy.java:553)
	at org.apache.ratis.server.impl.RaftServerProxy.groupManagementAsync(RaftServerProxy.java:502)
	at org.apache.ratis.server.impl.RaftServerProxy.groupManagement(RaftServerProxy.java:482)
	at org.apache.ratis.server.simulation.SimulatedServerRpc$2.handleRequest(SimulatedServerRpc.java:189)
	at org.apache.ratis.server.simulation.SimulatedServerRpc$2.handleRequest(SimulatedServerRpc.java:177)
	... 2 more

[INFO] Running org.apache.ratis.TestMultiRaftGroup
[ERROR] Tests run: 3, Failures: 3, Errors: 0, Skipped: 0, Time elapsed: 0.026 s <<< FAILURE! -- in org.apache.ratis.TestMultiRaftGroup
[ERROR] org.apache.ratis.TestMultiRaftGroup.testMultiRaftGroup(MiniRaftCluster)[1] -- Time elapsed: 0.003 s <<< FAILURE!
java.lang.AssertionError: Unexpected exit.
	at org.apache.ratis.util.ExitUtils.assertNotTerminated(ExitUtils.java:109)
	at org.apache.ratis.BaseTest.assertNoFailures(BaseTest.java:99)
	at java.base/java.lang.reflect.Method.invoke(Method.java:565)
	at java.base/java.util.Optional.ifPresent(Optional.java:178)
	at java.base/java.util.stream.ForEachOps$ForEachOp$OfRef.accept(ForEachOps.java:186)
	at java.base/java.util.stream.ReferencePipeline$3$1.accept(ReferencePipeline.java:214)
	at java.base/java.util.stream.ForEachOps$ForEachOp$OfRef.accept(ForEachOps.java:186)
	at java.base/java.util.stream.ForEachOps$ForEachOp$OfRef.accept(ForEachOps.java:186)
	at java.base/java.util.stream.ReferencePipeline$3$1.accept(ReferencePipeline.java:214)
	at java.base/java.util.ArrayList$ArrayListSpliterator.forEachRemaining(ArrayList.java:1716)
	at java.base/java.util.stream.ReferencePipeline$Head.forEach(ReferencePipeline.java:803)
	at java.base/java.util.stream.ReferencePipeline$7$1FlatMap.accept(ReferencePipeline.java:293)
	at java.base/java.util.stream.ReferencePipeline$3$1.accept(ReferencePipeline.java:214)
	at java.base/java.util.stream.ReferencePipeline$3$1.accept(ReferencePipeline.java:214)
	at java.base/java.util.stream.ReferencePipeline$3$1.accept(ReferencePipeline.java:214)
	at java.base/java.util.Spliterators$ArraySpliterator.forEachRemaining(Spliterators.java:1024)
	at java.base/java.util.stream.AbstractPipeline.copyInto(AbstractPipeline.java:570)
	at java.base/java.util.stream.AbstractPipeline.wrapAndCopyInto(AbstractPipeline.java:560)
	at java.base/java.util.stream.ForEachOps$ForEachOp.evaluateSequential(ForEachOps.java:153)
	at java.base/java.util.stream.ForEachOps$ForEachOp$OfRef.evaluateSequential(ForEachOps.java:176)
	at java.base/java.util.stream.AbstractPipeline.evaluate(AbstractPipeline.java:265)
	at java.base/java.util.stream.ReferencePipeline.forEach(ReferencePipeline.java:632)
	at java.base/java.util.stream.ReferencePipeline$7$1FlatMap.accept(ReferencePipeline.java:293)
	at java.base/java.util.ArrayList$ArrayListSpliterator.forEachRemaining(ArrayList.java:1716)
	at java.base/java.util.stream.AbstractPipeline.copyInto(AbstractPipeline.java:570)
	at java.base/java.util.stream.AbstractPipeline.wrapAndCopyInto(AbstractPipeline.java:560)
	at java.base/java.util.stream.ForEachOps$ForEachOp.evaluateSequential(ForEachOps.java:153)
	at java.base/java.util.stream.ForEachOps$ForEachOp$OfRef.evaluateSequential(ForEachOps.java:176)
	at java.base/java.util.stream.AbstractPipeline.evaluate(AbstractPipeline.java:265)
	at java.base/java.util.stream.ReferencePipeline.forEach(ReferencePipeline.java:632)
	at java.base/java.util.stream.ReferencePipeline$7$1FlatMap.accept(ReferencePipeline.java:293)
	at java.base/java.util.stream.ReferencePipeline$3$1.accept(ReferencePipeline.java:214)
	at java.base/java.util.stream.ReferencePipeline$3$1.accept(ReferencePipeline.java:214)
	at java.base/java.util.stream.ReferencePipeline$3$1.accept(ReferencePipeline.java:214)
	at java.base/java.util.ArrayList$ArrayListSpliterator.forEachRemaining(ArrayList.java:1716)
	at java.base/java.util.stream.AbstractPipeline.copyInto(AbstractPipeline.java:570)
	at java.base/java.util.stream.AbstractPipeline.wrapAndCopyInto(AbstractPipeline.java:560)
	at java.base/java.util.stream.ForEachOps$ForEachOp.evaluateSequential(ForEachOps.java:153)
	at java.base/java.util.stream.ForEachOps$ForEachOp$OfRef.evaluateSequential(ForEachOps.java:176)
	at java.base/java.util.stream.AbstractPipeline.evaluate(AbstractPipeline.java:265)
	at java.base/java.util.stream.ReferencePipeline.forEach(ReferencePipeline.java:632)
	at java.base/java.util.ArrayList.forEach(ArrayList.java:1604)
	at java.base/java.util.ArrayList.forEach(ArrayList.java:1604)
	Suppressed: org.opentest4j.TestAbortedException: Assumption failed: Already exited with org.apache.ratis.util.ExitUtils$ExitException: s13.serverHandler2 is terminating.
		at org.apache.ratis.BaseTest.checkAssumptions(BaseTest.java:89)
		at org.apache.ratis.BaseTest.setup(BaseTest.java:76)
		... 41 more
	Suppressed: org.junit.platform.commons.JUnitException: Failed to close extension context
		... 40 more
	Caused by: java.lang.IllegalArgumentException: maximumPoolSize must be positive
		at java.base/java.util.concurrent.ThreadPoolExecutor.<init>(ThreadPoolExecutor.java:1257)
		at java.base/java.util.concurrent.ThreadPoolExecutor.<init>(ThreadPoolExecutor.java:1179)
		at java.base/java.util.concurrent.Executors.newFixedThreadPool(Executors.java:152)
		at org.apache.ratis.server.impl.MiniRaftCluster.shutdown(MiniRaftCluster.java:810)
		at org.apache.ratis.server.impl.MiniRaftCluster.close(MiniRaftCluster.java:796)
		at java.base/java.util.stream.ForEachOps$ForEachOp$OfRef.accept(ForEachOps.java:186)
		at java.base/java.util.ArrayList.forEach(ArrayList.java:1604)
		at java.base/java.util.stream.SortedOps$RefSortingSink.end(SortedOps.java:395)
		at java.base/java.util.stream.Sink$ChainedReference.end(Sink.java:261)
		at java.base/java.util.stream.Sink$ChainedReference.end(Sink.java:261)
		at java.base/java.util.stream.AbstractPipeline.copyInto(AbstractPipeline.java:571)
		at java.base/java.util.stream.AbstractPipeline.wrapAndCopyInto(AbstractPipeline.java:560)
		at java.base/java.util.stream.ForEachOps$ForEachOp.evaluateSequential(ForEachOps.java:153)
		at java.base/java.util.stream.ForEachOps$ForEachOp$OfRef.evaluateSequential(ForEachOps.java:176)
		at java.base/java.util.stream.AbstractPipeline.evaluate(AbstractPipeline.java:265)
		at java.base/java.util.stream.ReferencePipeline.forEach(ReferencePipeline.java:632)
		... 40 more
Caused by: org.apache.ratis.util.ExitUtils$ExitException: s13.serverHandler2 is terminating.
	at org.apache.ratis.util.ExitUtils.terminate(ExitUtils.java:141)
	at org.apache.ratis.util.ExitUtils.terminate(ExitUtils.java:151)
	at org.apache.ratis.server.simulation.RequestHandler$HandlerDaemon.run(RequestHandler.java:138)
Caused by: java.lang.IllegalStateException: s13@group-A169194E8018-SegmentedRaftLog is expected to be opened but it is CLOSED
	at org.apache.ratis.util.OpenCloseState.assertOpen(OpenCloseState.java:63)
	at org.apache.ratis.server.raftlog.RaftLogBase.checkLogState(RaftLogBase.java:113)
	at org.apache.ratis.server.raftlog.segmented.SegmentedRaftLog.getLastEntryTermIndex(SegmentedRaftLog.java:362)
	at org.apache.ratis.server.impl.ServerState.getLastEntry(ServerState.java:311)
	at org.apache.ratis.server.impl.RaftServerImpl.requestVote(RaftServerImpl.java:1533)
	at org.apache.ratis.server.impl.RaftServerImpl.requestVote(RaftServerImpl.java:1488)
	at org.apache.ratis.server.impl.RaftServerProxy.requestVote(RaftServerProxy.java:642)
	at org.apache.ratis.server.simulation.SimulatedServerRpc$1.handleRequest(SimulatedServerRpc.java:165)
	at org.apache.ratis.server.simulation.SimulatedServerRpc$1.handleRequest(SimulatedServerRpc.java:153)
	at org.apache.ratis.server.simulation.RequestHandler.handleRequest(RequestHandler.java:91)
	at org.apache.ratis.server.simulation.RequestHandler$HandlerDaemon.run(RequestHandler.java:125)
Caused by: org.apache.ratis.util.OpenCloseState$CloseTrace: Close s13@group-A169194E8018-SegmentedRaftLog
	at org.apache.ratis.util.OpenCloseState.lambda$close$0(OpenCloseState.java:109)
	at java.base/java.util.concurrent.atomic.AtomicReference.getAndUpdate(AtomicReference.java:184)
	at org.apache.ratis.util.OpenCloseState.close(OpenCloseState.java:109)
	at org.apache.ratis.server.raftlog.RaftLogBase.close(RaftLogBase.java:394)
	at org.apache.ratis.server.raftlog.segmented.SegmentedRaftLog.close(SegmentedRaftLog.java:535)
	at org.apache.ratis.server.impl.ServerState.close(ServerState.java:446)
	at org.apache.ratis.server.impl.RaftServerImpl.lambda$close$0(RaftServerImpl.java:557)
	at org.apache.ratis.util.LifeCycle.lambda$checkStateAndClose$1(LifeCycle.java:312)
	at org.apache.ratis.util.LifeCycle.checkStateAndClose(LifeCycle.java:332)
	at org.apache.ratis.util.LifeCycle.checkStateAndClose(LifeCycle.java:310)
	at org.apache.ratis.server.impl.RaftServerImpl.close(RaftServerImpl.java:534)
	at org.apache.ratis.server.impl.RaftServerImpl.groupRemove(RaftServerImpl.java:492)
	at org.apache.ratis.server.impl.RaftServerProxy.lambda$groupRemoveAsync$0(RaftServerProxy.java:554)
	at java.base/java.util.concurrent.CompletableFuture.uniApplyNow(CompletableFuture.java:705)
	at java.base/java.util.concurrent.CompletableFuture.uniApplyStage(CompletableFuture.java:683)
	at java.base/java.util.concurrent.CompletableFuture.thenApply(CompletableFuture.java:2227)
	at org.apache.ratis.server.impl.RaftServerProxy.groupRemoveAsync(RaftServerProxy.java:553)
	at org.apache.ratis.server.impl.RaftServerProxy.groupManagementAsync(RaftServerProxy.java:502)
	at org.apache.ratis.server.impl.RaftServerProxy.groupManagement(RaftServerProxy.java:482)
	at org.apache.ratis.server.simulation.SimulatedServerRpc$2.handleRequest(SimulatedServerRpc.java:189)
	at org.apache.ratis.server.simulation.SimulatedServerRpc$2.handleRequest(SimulatedServerRpc.java:177)
	... 2 more

[ERROR] org.apache.ratis.TestMultiRaftGroup.testMultiRaftGroup(MiniRaftCluster)[2] -- Time elapsed: 0.004 s <<< FAILURE!
java.lang.AssertionError: Unexpected exit.
	at org.apache.ratis.util.ExitUtils.assertNotTerminated(ExitUtils.java:109)
	at org.apache.ratis.BaseTest.assertNoFailures(BaseTest.java:99)
	at java.base/java.lang.reflect.Method.invoke(Method.java:565)
	at java.base/java.util.Optional.ifPresent(Optional.java:178)
	at java.base/java.util.stream.ForEachOps$ForEachOp$OfRef.accept(ForEachOps.java:186)
	at java.base/java.util.stream.ReferencePipeline$3$1.accept(ReferencePipeline.java:214)
	at java.base/java.util.stream.ForEachOps$ForEachOp$OfRef.accept(ForEachOps.java:186)
	at java.base/java.util.stream.ForEachOps$ForEachOp$OfRef.accept(ForEachOps.java:186)
	at java.base/java.util.stream.ReferencePipeline$3$1.accept(ReferencePipeline.java:214)
	at java.base/java.util.ArrayList$ArrayListSpliterator.forEachRemaining(ArrayList.java:1716)
	at java.base/java.util.stream.ReferencePipeline$Head.forEach(ReferencePipeline.java:803)
	at java.base/java.util.stream.ReferencePipeline$7$1FlatMap.accept(ReferencePipeline.java:293)
	at java.base/java.util.stream.ReferencePipeline$3$1.accept(ReferencePipeline.java:214)
	at java.base/java.util.stream.ReferencePipeline$3$1.accept(ReferencePipeline.java:214)
	at java.base/java.util.stream.ReferencePipeline$3$1.accept(ReferencePipeline.java:214)
	at java.base/java.util.Spliterators$ArraySpliterator.forEachRemaining(Spliterators.java:1024)
	at java.base/java.util.stream.AbstractPipeline.copyInto(AbstractPipeline.java:570)
	at java.base/java.util.stream.AbstractPipeline.wrapAndCopyInto(AbstractPipeline.java:560)
	at java.base/java.util.stream.ForEachOps$ForEachOp.evaluateSequential(ForEachOps.java:153)
	at java.base/java.util.stream.ForEachOps$ForEachOp$OfRef.evaluateSequential(ForEachOps.java:176)
	at java.base/java.util.stream.AbstractPipeline.evaluate(AbstractPipeline.java:265)
	at java.base/java.util.stream.ReferencePipeline.forEach(ReferencePipeline.java:632)
	at java.base/java.util.stream.ReferencePipeline$7$1FlatMap.accept(ReferencePipeline.java:293)
	at java.base/java.util.ArrayList$ArrayListSpliterator.forEachRemaining(ArrayList.java:1716)
	at java.base/java.util.stream.AbstractPipeline.copyInto(AbstractPipeline.java:570)
	at java.base/java.util.stream.AbstractPipeline.wrapAndCopyInto(AbstractPipeline.java:560)
	at java.base/java.util.stream.ForEachOps$ForEachOp.evaluateSequential(ForEachOps.java:153)
	at java.base/java.util.stream.ForEachOps$ForEachOp$OfRef.evaluateSequential(ForEachOps.java:176)
	at java.base/java.util.stream.AbstractPipeline.evaluate(AbstractPipeline.java:265)
	at java.base/java.util.stream.ReferencePipeline.forEach(ReferencePipeline.java:632)
	at java.base/java.util.stream.ReferencePipeline$7$1FlatMap.accept(ReferencePipeline.java:293)
	at java.base/java.util.stream.ReferencePipeline$3$1.accept(ReferencePipeline.java:214)
	at java.base/java.util.stream.ReferencePipeline$3$1.accept(ReferencePipeline.java:214)
	at java.base/java.util.stream.ReferencePipeline$3$1.accept(ReferencePipeline.java:214)
	at java.base/java.util.ArrayList$ArrayListSpliterator.forEachRemaining(ArrayList.java:1716)
	at java.base/java.util.stream.AbstractPipeline.copyInto(AbstractPipeline.java:570)
	at java.base/java.util.stream.AbstractPipeline.wrapAndCopyInto(AbstractPipeline.java:560)
	at java.base/java.util.stream.ForEachOps$ForEachOp.evaluateSequential(ForEachOps.java:153)
	at java.base/java.util.stream.ForEachOps$ForEachOp$OfRef.evaluateSequential(ForEachOps.java:176)
	at java.base/java.util.stream.AbstractPipeline.evaluate(AbstractPipeline.java:265)
	at java.base/java.util.stream.ReferencePipeline.forEach(ReferencePipeline.java:632)
	at java.base/java.util.ArrayList.forEach(ArrayList.java:1604)
	at java.base/java.util.ArrayList.forEach(ArrayList.java:1604)
	Suppressed: org.opentest4j.TestAbortedException: Assumption failed: Already exited with org.apache.ratis.util.ExitUtils$ExitException: s13.serverHandler2 is terminating.
		at org.apache.ratis.BaseTest.checkAssumptions(BaseTest.java:89)
		at org.apache.ratis.BaseTest.setup(BaseTest.java:76)
		... 41 more
	Suppressed: org.junit.platform.commons.JUnitException: Failed to close extension context
		... 40 more
	Caused by: java.lang.IllegalArgumentException: maximumPoolSize must be positive
		at java.base/java.util.concurrent.ThreadPoolExecutor.<init>(ThreadPoolExecutor.java:1257)
		at java.base/java.util.concurrent.ThreadPoolExecutor.<init>(ThreadPoolExecutor.java:1179)
		at java.base/java.util.concurrent.Executors.newFixedThreadPool(Executors.java:152)
		at org.apache.ratis.server.impl.MiniRaftCluster.shutdown(MiniRaftCluster.java:810)
		at org.apache.ratis.server.impl.MiniRaftCluster.close(MiniRaftCluster.java:796)
		at java.base/java.util.stream.ForEachOps$ForEachOp$OfRef.accept(ForEachOps.java:186)
		at java.base/java.util.ArrayList.forEach(ArrayList.java:1604)
		at java.base/java.util.stream.SortedOps$RefSortingSink.end(SortedOps.java:395)
		at java.base/java.util.stream.Sink$ChainedReference.end(Sink.java:261)
		at java.base/java.util.stream.Sink$ChainedReference.end(Sink.java:261)
		at java.base/java.util.stream.AbstractPipeline.copyInto(AbstractPipeline.java:571)
		at java.base/java.util.stream.AbstractPipeline.wrapAndCopyInto(AbstractPipeline.java:560)
		at java.base/java.util.stream.ForEachOps$ForEachOp.evaluateSequential(ForEachOps.java:153)
		at java.base/java.util.stream.ForEachOps$ForEachOp$OfRef.evaluateSequential(ForEachOps.java:176)
		at java.base/java.util.stream.AbstractPipeline.evaluate(AbstractPipeline.java:265)
		at java.base/java.util.stream.ReferencePipeline.forEach(ReferencePipeline.java:632)
		... 40 more
Caused by: org.apache.ratis.util.ExitUtils$ExitException: s13.serverHandler2 is terminating.
	at org.apache.ratis.util.ExitUtils.terminate(ExitUtils.java:141)
	at org.apache.ratis.util.ExitUtils.terminate(ExitUtils.java:151)
	at org.apache.ratis.server.simulation.RequestHandler$HandlerDaemon.run(RequestHandler.java:138)
Caused by: java.lang.IllegalStateException: s13@group-A169194E8018-SegmentedRaftLog is expected to be opened but it is CLOSED
	at org.apache.ratis.util.OpenCloseState.assertOpen(OpenCloseState.java:63)
	at org.apache.ratis.server.raftlog.RaftLogBase.checkLogState(RaftLogBase.java:113)
	at org.apache.ratis.server.raftlog.segmented.SegmentedRaftLog.getLastEntryTermIndex(SegmentedRaftLog.java:362)
	at org.apache.ratis.server.impl.ServerState.getLastEntry(ServerState.java:311)
	at org.apache.ratis.server.impl.RaftServerImpl.requestVote(RaftServerImpl.java:1533)
	at org.apache.ratis.server.impl.RaftServerImpl.requestVote(RaftServerImpl.java:1488)
	at org.apache.ratis.server.impl.RaftServerProxy.requestVote(RaftServerProxy.java:642)
	at org.apache.ratis.server.simulation.SimulatedServerRpc$1.handleRequest(SimulatedServerRpc.java:165)
	at org.apache.ratis.server.simulation.SimulatedServerRpc$1.handleRequest(SimulatedServerRpc.java:153)
	at org.apache.ratis.server.simulation.RequestHandler.handleRequest(RequestHandler.java:91)
	at org.apache.ratis.server.simulation.RequestHandler$HandlerDaemon.run(RequestHandler.java:125)
Caused by: org.apache.ratis.util.OpenCloseState$CloseTrace: Close s13@group-A169194E8018-SegmentedRaftLog
	at org.apache.ratis.util.OpenCloseState.lambda$close$0(OpenCloseState.java:109)
	at java.base/java.util.concurrent.atomic.AtomicReference.getAndUpdate(AtomicReference.java:184)
	at org.apache.ratis.util.OpenCloseState.close(OpenCloseState.java:109)
	at org.apache.ratis.server.raftlog.RaftLogBase.close(RaftLogBase.java:394)
	at org.apache.ratis.server.raftlog.segmented.SegmentedRaftLog.close(SegmentedRaftLog.java:535)
	at org.apache.ratis.server.impl.ServerState.close(ServerState.java:446)
	at org.apache.ratis.server.impl.RaftServerImpl.lambda$close$0(RaftServerImpl.java:557)
	at org.apache.ratis.util.LifeCycle.lambda$checkStateAndClose$1(LifeCycle.java:312)
	at org.apache.ratis.util.LifeCycle.checkStateAndClose(LifeCycle.java:332)
	at org.apache.ratis.util.LifeCycle.checkStateAndClose(LifeCycle.java:310)
	at org.apache.ratis.server.impl.RaftServerImpl.close(RaftServerImpl.java:534)
	at org.apache.ratis.server.impl.RaftServerImpl.groupRemove(RaftServerImpl.java:492)
	at org.apache.ratis.server.impl.RaftServerProxy.lambda$groupRemoveAsync$0(RaftServerProxy.java:554)
	at java.base/java.util.concurrent.CompletableFuture.uniApplyNow(CompletableFuture.java:705)
	at java.base/java.util.concurrent.CompletableFuture.uniApplyStage(CompletableFuture.java:683)
	at java.base/java.util.concurrent.CompletableFuture.thenApply(CompletableFuture.java:2227)
	at org.apache.ratis.server.impl.RaftServerProxy.groupRemoveAsync(RaftServerProxy.java:553)
	at org.apache.ratis.server.impl.RaftServerProxy.groupManagementAsync(RaftServerProxy.java:502)
	at org.apache.ratis.server.impl.RaftServerProxy.groupManagement(RaftServerProxy.java:482)
	at org.apache.ratis.server.simulation.SimulatedServerRpc$2.handleRequest(SimulatedServerRpc.java:189)
	at org.apache.ratis.server.simulation.SimulatedServerRpc$2.handleRequest(SimulatedServerRpc.java:177)
	... 2 more

[ERROR] org.apache.ratis.TestMultiRaftGroup.testMultiRaftGroup(MiniRaftCluster)[3] -- Time elapsed: 0.006 s <<< FAILURE!
java.lang.AssertionError: Unexpected exit.
	at org.apache.ratis.util.ExitUtils.assertNotTerminated(ExitUtils.java:109)
	at org.apache.ratis.BaseTest.assertNoFailures(BaseTest.java:99)
	at java.base/java.lang.reflect.Method.invoke(Method.java:565)
	at java.base/java.util.Optional.ifPresent(Optional.java:178)
	at java.base/java.util.stream.ForEachOps$ForEachOp$OfRef.accept(ForEachOps.java:186)
	at java.base/java.util.stream.ReferencePipeline$3$1.accept(ReferencePipeline.java:214)
	at java.base/java.util.stream.ForEachOps$ForEachOp$OfRef.accept(ForEachOps.java:186)
	at java.base/java.util.stream.ForEachOps$ForEachOp$OfRef.accept(ForEachOps.java:186)
	at java.base/java.util.stream.ReferencePipeline$3$1.accept(ReferencePipeline.java:214)
	at java.base/java.util.ArrayList$ArrayListSpliterator.forEachRemaining(ArrayList.java:1716)
	at java.base/java.util.stream.ReferencePipeline$Head.forEach(ReferencePipeline.java:803)
	at java.base/java.util.stream.ReferencePipeline$7$1FlatMap.accept(ReferencePipeline.java:293)
	at java.base/java.util.stream.ReferencePipeline$3$1.accept(ReferencePipeline.java:214)
	at java.base/java.util.stream.ReferencePipeline$3$1.accept(ReferencePipeline.java:214)
	at java.base/java.util.stream.ReferencePipeline$3$1.accept(ReferencePipeline.java:214)
	at java.base/java.util.Spliterators$ArraySpliterator.forEachRemaining(Spliterators.java:1024)
	at java.base/java.util.stream.AbstractPipeline.copyInto(AbstractPipeline.java:570)
	at java.base/java.util.stream.AbstractPipeline.wrapAndCopyInto(AbstractPipeline.java:560)
	at java.base/java.util.stream.ForEachOps$ForEachOp.evaluateSequential(ForEachOps.java:153)
	at java.base/java.util.stream.ForEachOps$ForEachOp$OfRef.evaluateSequential(ForEachOps.java:176)
	at java.base/java.util.stream.AbstractPipeline.evaluate(AbstractPipeline.java:265)
	at java.base/java.util.stream.ReferencePipeline.forEach(ReferencePipeline.java:632)
	at java.base/java.util.stream.ReferencePipeline$7$1FlatMap.accept(ReferencePipeline.java:293)
	at java.base/java.util.ArrayList$ArrayListSpliterator.forEachRemaining(ArrayList.java:1716)
	at java.base/java.util.stream.AbstractPipeline.copyInto(AbstractPipeline.java:570)
	at java.base/java.util.stream.AbstractPipeline.wrapAndCopyInto(AbstractPipeline.java:560)
	at java.base/java.util.stream.ForEachOps$ForEachOp.evaluateSequential(ForEachOps.java:153)
	at java.base/java.util.stream.ForEachOps$ForEachOp$OfRef.evaluateSequential(ForEachOps.java:176)
	at java.base/java.util.stream.AbstractPipeline.evaluate(AbstractPipeline.java:265)
	at java.base/java.util.stream.ReferencePipeline.forEach(ReferencePipeline.java:632)
	at java.base/java.util.stream.ReferencePipeline$7$1FlatMap.accept(ReferencePipeline.java:293)
	at java.base/java.util.stream.ReferencePipeline$3$1.accept(ReferencePipeline.java:214)
	at java.base/java.util.stream.ReferencePipeline$3$1.accept(ReferencePipeline.java:214)
	at java.base/java.util.stream.ReferencePipeline$3$1.accept(ReferencePipeline.java:214)
	at java.base/java.util.ArrayList$ArrayListSpliterator.forEachRemaining(ArrayList.java:1716)
	at java.base/java.util.stream.AbstractPipeline.copyInto(AbstractPipeline.java:570)
	at java.base/java.util.stream.AbstractPipeline.wrapAndCopyInto(AbstractPipeline.java:560)
	at java.base/java.util.stream.ForEachOps$ForEachOp.evaluateSequential(ForEachOps.java:153)
	at java.base/java.util.stream.ForEachOps$ForEachOp$OfRef.evaluateSequential(ForEachOps.java:176)
	at java.base/java.util.stream.AbstractPipeline.evaluate(AbstractPipeline.java:265)
	at java.base/java.util.stream.ReferencePipeline.forEach(ReferencePipeline.java:632)
	at java.base/java.util.ArrayList.forEach(ArrayList.java:1604)
	at java.base/java.util.ArrayList.forEach(ArrayList.java:1604)
	Suppressed: org.opentest4j.TestAbortedException: Assumption failed: Already exited with org.apache.ratis.util.ExitUtils$ExitException: s13.serverHandler2 is terminating.
		at org.apache.ratis.BaseTest.checkAssumptions(BaseTest.java:89)
		at org.apache.ratis.BaseTest.setup(BaseTest.java:76)
		... 41 more
	Suppressed: org.junit.platform.commons.JUnitException: Failed to close extension context
		... 40 more
	Caused by: java.lang.IllegalArgumentException: maximumPoolSize must be positive
		at java.base/java.util.concurrent.ThreadPoolExecutor.<init>(ThreadPoolExecutor.java:1257)
		at java.base/java.util.concurrent.ThreadPoolExecutor.<init>(ThreadPoolExecutor.java:1179)
		at java.base/java.util.concurrent.Executors.newFixedThreadPool(Executors.java:152)
		at org.apache.ratis.server.impl.MiniRaftCluster.shutdown(MiniRaftCluster.java:810)
		at org.apache.ratis.server.impl.MiniRaftCluster.close(MiniRaftCluster.java:796)
		at java.base/java.util.stream.ForEachOps$ForEachOp$OfRef.accept(ForEachOps.java:186)
		at java.base/java.util.ArrayList.forEach(ArrayList.java:1604)
		at java.base/java.util.stream.SortedOps$RefSortingSink.end(SortedOps.java:395)
		at java.base/java.util.stream.Sink$ChainedReference.end(Sink.java:261)
		at java.base/java.util.stream.Sink$ChainedReference.end(Sink.java:261)
		at java.base/java.util.stream.AbstractPipeline.copyInto(AbstractPipeline.java:571)
		at java.base/java.util.stream.AbstractPipeline.wrapAndCopyInto(AbstractPipeline.java:560)
		at java.base/java.util.stream.ForEachOps$ForEachOp.evaluateSequential(ForEachOps.java:153)
		at java.base/java.util.stream.ForEachOps$ForEachOp$OfRef.evaluateSequential(ForEachOps.java:176)
		at java.base/java.util.stream.AbstractPipeline.evaluate(AbstractPipeline.java:265)
		at java.base/java.util.stream.ReferencePipeline.forEach(ReferencePipeline.java:632)
		... 40 more
Caused by: org.apache.ratis.util.ExitUtils$ExitException: s13.serverHandler2 is terminating.
	at org.apache.ratis.util.ExitUtils.terminate(ExitUtils.java:141)
	at org.apache.ratis.util.ExitUtils.terminate(ExitUtils.java:151)
	at org.apache.ratis.server.simulation.RequestHandler$HandlerDaemon.run(RequestHandler.java:138)
Caused by: java.lang.IllegalStateException: s13@group-A169194E8018-SegmentedRaftLog is expected to be opened but it is CLOSED
	at org.apache.ratis.util.OpenCloseState.assertOpen(OpenCloseState.java:63)
	at org.apache.ratis.server.raftlog.RaftLogBase.checkLogState(RaftLogBase.java:113)
	at org.apache.ratis.server.raftlog.segmented.SegmentedRaftLog.getLastEntryTermIndex(SegmentedRaftLog.java:362)
	at org.apache.ratis.server.impl.ServerState.getLastEntry(ServerState.java:311)
	at org.apache.ratis.server.impl.RaftServerImpl.requestVote(RaftServerImpl.java:1533)
	at org.apache.ratis.server.impl.RaftServerImpl.requestVote(RaftServerImpl.java:1488)
	at org.apache.ratis.server.impl.RaftServerProxy.requestVote(RaftServerProxy.java:642)
	at org.apache.ratis.server.simulation.SimulatedServerRpc$1.handleRequest(SimulatedServerRpc.java:165)
	at org.apache.ratis.server.simulation.SimulatedServerRpc$1.handleRequest(SimulatedServerRpc.java:153)
	at org.apache.ratis.server.simulation.RequestHandler.handleRequest(RequestHandler.java:91)
	at org.apache.ratis.server.simulation.RequestHandler$HandlerDaemon.run(RequestHandler.java:125)
Caused by: org.apache.ratis.util.OpenCloseState$CloseTrace: Close s13@group-A169194E8018-SegmentedRaftLog
	at org.apache.ratis.util.OpenCloseState.lambda$close$0(OpenCloseState.java:109)
	at java.base/java.util.concurrent.atomic.AtomicReference.getAndUpdate(AtomicReference.java:184)
	at org.apache.ratis.util.OpenCloseState.close(OpenCloseState.java:109)
	at org.apache.ratis.server.raftlog.RaftLogBase.close(RaftLogBase.java:394)
	at org.apache.ratis.server.raftlog.segmented.SegmentedRaftLog.close(SegmentedRaftLog.java:535)
	at org.apache.ratis.server.impl.ServerState.close(ServerState.java:446)
	at org.apache.ratis.server.impl.RaftServerImpl.lambda$close$0(RaftServerImpl.java:557)
	at org.apache.ratis.util.LifeCycle.lambda$checkStateAndClose$1(LifeCycle.java:312)
	at org.apache.ratis.util.LifeCycle.checkStateAndClose(LifeCycle.java:332)
	at org.apache.ratis.util.LifeCycle.checkStateAndClose(LifeCycle.java:310)
	at org.apache.ratis.server.impl.RaftServerImpl.close(RaftServerImpl.java:534)
	at org.apache.ratis.server.impl.RaftServerImpl.groupRemove(RaftServerImpl.java:492)
	at org.apache.ratis.server.impl.RaftServerProxy.lambda$groupRemoveAsync$0(RaftServerProxy.java:554)
	at java.base/java.util.concurrent.CompletableFuture.uniApplyNow(CompletableFuture.java:705)
	at java.base/java.util.concurrent.CompletableFuture.uniApplyStage(CompletableFuture.java:683)
	at java.base/java.util.concurrent.CompletableFuture.thenApply(CompletableFuture.java:2227)
	at org.apache.ratis.server.impl.RaftServerProxy.groupRemoveAsync(RaftServerProxy.java:553)
	at org.apache.ratis.server.impl.RaftServerProxy.groupManagementAsync(RaftServerProxy.java:502)
	at org.apache.ratis.server.impl.RaftServerProxy.groupManagement(RaftServerProxy.java:482)
	at org.apache.ratis.server.simulation.SimulatedServerRpc$2.handleRequest(SimulatedServerRpc.java:189)
	at org.apache.ratis.server.simulation.SimulatedServerRpc$2.handleRequest(SimulatedServerRpc.java:177)
	... 2 more

[INFO] Running org.apache.ratis.TestMultiRaftGroup
[ERROR] Tests run: 3, Failures: 3, Errors: 0, Skipped: 0, Time elapsed: 0.023 s <<< FAILURE! -- in org.apache.ratis.TestMultiRaftGroup
[ERROR] org.apache.ratis.TestMultiRaftGroup.testMultiRaftGroup(MiniRaftCluster)[1] -- Time elapsed: 0.002 s <<< FAILURE!
java.lang.AssertionError: Unexpected exit.
	at org.apache.ratis.util.ExitUtils.assertNotTerminated(ExitUtils.java:109)
	at org.apache.ratis.BaseTest.assertNoFailures(BaseTest.java:99)
	at java.base/java.lang.reflect.Method.invoke(Method.java:565)
	at java.base/java.util.Optional.ifPresent(Optional.java:178)
	at java.base/java.util.stream.ForEachOps$ForEachOp$OfRef.accept(ForEachOps.java:186)
	at java.base/java.util.stream.ReferencePipeline$3$1.accept(ReferencePipeline.java:214)
	at java.base/java.util.stream.ForEachOps$ForEachOp$OfRef.accept(ForEachOps.java:186)
	at java.base/java.util.stream.ForEachOps$ForEachOp$OfRef.accept(ForEachOps.java:186)
	at java.base/java.util.stream.ReferencePipeline$3$1.accept(ReferencePipeline.java:214)
	at java.base/java.util.ArrayList$ArrayListSpliterator.forEachRemaining(ArrayList.java:1716)
	at java.base/java.util.stream.ReferencePipeline$Head.forEach(ReferencePipeline.java:803)
	at java.base/java.util.stream.ReferencePipeline$7$1FlatMap.accept(ReferencePipeline.java:293)
	at java.base/java.util.stream.ReferencePipeline$3$1.accept(ReferencePipeline.java:214)
	at java.base/java.util.stream.ReferencePipeline$3$1.accept(ReferencePipeline.java:214)
	at java.base/java.util.stream.ReferencePipeline$3$1.accept(ReferencePipeline.java:214)
	at java.base/java.util.Spliterators$ArraySpliterator.forEachRemaining(Spliterators.java:1024)
	at java.base/java.util.stream.AbstractPipeline.copyInto(AbstractPipeline.java:570)
	at java.base/java.util.stream.AbstractPipeline.wrapAndCopyInto(AbstractPipeline.java:560)
	at java.base/java.util.stream.ForEachOps$ForEachOp.evaluateSequential(ForEachOps.java:153)
	at java.base/java.util.stream.ForEachOps$ForEachOp$OfRef.evaluateSequential(ForEachOps.java:176)
	at java.base/java.util.stream.AbstractPipeline.evaluate(AbstractPipeline.java:265)
	at java.base/java.util.stream.ReferencePipeline.forEach(ReferencePipeline.java:632)
	at java.base/java.util.stream.ReferencePipeline$7$1FlatMap.accept(ReferencePipeline.java:293)
	at java.base/java.util.ArrayList$ArrayListSpliterator.forEachRemaining(ArrayList.java:1716)
	at java.base/java.util.stream.AbstractPipeline.copyInto(AbstractPipeline.java:570)
	at java.base/java.util.stream.AbstractPipeline.wrapAndCopyInto(AbstractPipeline.java:560)
	at java.base/java.util.stream.ForEachOps$ForEachOp.evaluateSequential(ForEachOps.java:153)
	at java.base/java.util.stream.ForEachOps$ForEachOp$OfRef.evaluateSequential(ForEachOps.java:176)
	at java.base/java.util.stream.AbstractPipeline.evaluate(AbstractPipeline.java:265)
	at java.base/java.util.stream.ReferencePipeline.forEach(ReferencePipeline.java:632)
	at java.base/java.util.stream.ReferencePipeline$7$1FlatMap.accept(ReferencePipeline.java:293)
	at java.base/java.util.stream.ReferencePipeline$3$1.accept(ReferencePipeline.java:214)
	at java.base/java.util.stream.ReferencePipeline$3$1.accept(ReferencePipeline.java:214)
	at java.base/java.util.stream.ReferencePipeline$3$1.accept(ReferencePipeline.java:214)
	at java.base/java.util.ArrayList$ArrayListSpliterator.forEachRemaining(ArrayList.java:1716)
	at java.base/java.util.stream.AbstractPipeline.copyInto(AbstractPipeline.java:570)
	at java.base/java.util.stream.AbstractPipeline.wrapAndCopyInto(AbstractPipeline.java:560)
	at java.base/java.util.stream.ForEachOps$ForEachOp.evaluateSequential(ForEachOps.java:153)
	at java.base/java.util.stream.ForEachOps$ForEachOp$OfRef.evaluateSequential(ForEachOps.java:176)
	at java.base/java.util.stream.AbstractPipeline.evaluate(AbstractPipeline.java:265)
	at java.base/java.util.stream.ReferencePipeline.forEach(ReferencePipeline.java:632)
	at java.base/java.util.ArrayList.forEach(ArrayList.java:1604)
	at java.base/java.util.ArrayList.forEach(ArrayList.java:1604)
	Suppressed: org.opentest4j.TestAbortedException: Assumption failed: Already exited with org.apache.ratis.util.ExitUtils$ExitException: s13.serverHandler2 is terminating.
		at org.apache.ratis.BaseTest.checkAssumptions(BaseTest.java:89)
		at org.apache.ratis.BaseTest.setup(BaseTest.java:76)
		... 41 more
	Suppressed: org.junit.platform.commons.JUnitException: Failed to close extension context
		... 40 more
	Caused by: java.lang.IllegalArgumentException: maximumPoolSize must be positive
		at java.base/java.util.concurrent.ThreadPoolExecutor.<init>(ThreadPoolExecutor.java:1257)
		at java.base/java.util.concurrent.ThreadPoolExecutor.<init>(ThreadPoolExecutor.java:1179)
		at java.base/java.util.concurrent.Executors.newFixedThreadPool(Executors.java:152)
		at org.apache.ratis.server.impl.MiniRaftCluster.shutdown(MiniRaftCluster.java:810)
		at org.apache.ratis.server.impl.MiniRaftCluster.close(MiniRaftCluster.java:796)
		at java.base/java.util.stream.ForEachOps$ForEachOp$OfRef.accept(ForEachOps.java:186)
		at java.base/java.util.ArrayList.forEach(ArrayList.java:1604)
		at java.base/java.util.stream.SortedOps$RefSortingSink.end(SortedOps.java:395)
		at java.base/java.util.stream.Sink$ChainedReference.end(Sink.java:261)
		at java.base/java.util.stream.Sink$ChainedReference.end(Sink.java:261)
		at java.base/java.util.stream.AbstractPipeline.copyInto(AbstractPipeline.java:571)
		at java.base/java.util.stream.AbstractPipeline.wrapAndCopyInto(AbstractPipeline.java:560)
		at java.base/java.util.stream.ForEachOps$ForEachOp.evaluateSequential(ForEachOps.java:153)
		at java.base/java.util.stream.ForEachOps$ForEachOp$OfRef.evaluateSequential(ForEachOps.java:176)
		at java.base/java.util.stream.AbstractPipeline.evaluate(AbstractPipeline.java:265)
		at java.base/java.util.stream.ReferencePipeline.forEach(ReferencePipeline.java:632)
		... 40 more
Caused by: org.apache.ratis.util.ExitUtils$ExitException: s13.serverHandler2 is terminating.
	at org.apache.ratis.util.ExitUtils.terminate(ExitUtils.java:141)
	at org.apache.ratis.util.ExitUtils.terminate(ExitUtils.java:151)
	at org.apache.ratis.server.simulation.RequestHandler$HandlerDaemon.run(RequestHandler.java:138)
Caused by: java.lang.IllegalStateException: s13@group-A169194E8018-SegmentedRaftLog is expected to be opened but it is CLOSED
	at org.apache.ratis.util.OpenCloseState.assertOpen(OpenCloseState.java:63)
	at org.apache.ratis.server.raftlog.RaftLogBase.checkLogState(RaftLogBase.java:113)
	at org.apache.ratis.server.raftlog.segmented.SegmentedRaftLog.getLastEntryTermIndex(SegmentedRaftLog.java:362)
	at org.apache.ratis.server.impl.ServerState.getLastEntry(ServerState.java:311)
	at org.apache.ratis.server.impl.RaftServerImpl.requestVote(RaftServerImpl.java:1533)
	at org.apache.ratis.server.impl.RaftServerImpl.requestVote(RaftServerImpl.java:1488)
	at org.apache.ratis.server.impl.RaftServerProxy.requestVote(RaftServerProxy.java:642)
	at org.apache.ratis.server.simulation.SimulatedServerRpc$1.handleRequest(SimulatedServerRpc.java:165)
	at org.apache.ratis.server.simulation.SimulatedServerRpc$1.handleRequest(SimulatedServerRpc.java:153)
	at org.apache.ratis.server.simulation.RequestHandler.handleRequest(RequestHandler.java:91)
	at org.apache.ratis.server.simulation.RequestHandler$HandlerDaemon.run(RequestHandler.java:125)
Caused by: org.apache.ratis.util.OpenCloseState$CloseTrace: Close s13@group-A169194E8018-SegmentedRaftLog
	at org.apache.ratis.util.OpenCloseState.lambda$close$0(OpenCloseState.java:109)
	at java.base/java.util.concurrent.atomic.AtomicReference.getAndUpdate(AtomicReference.java:184)
	at org.apache.ratis.util.OpenCloseState.close(OpenCloseState.java:109)
	at org.apache.ratis.server.raftlog.RaftLogBase.close(RaftLogBase.java:394)
	at org.apache.ratis.server.raftlog.segmented.SegmentedRaftLog.close(SegmentedRaftLog.java:535)
	at org.apache.ratis.server.impl.ServerState.close(ServerState.java:446)
	at org.apache.ratis.server.impl.RaftServerImpl.lambda$close$0(RaftServerImpl.java:557)
	at org.apache.ratis.util.LifeCycle.lambda$checkStateAndClose$1(LifeCycle.java:312)
	at org.apache.ratis.util.LifeCycle.checkStateAndClose(LifeCycle.java:332)
	at org.apache.ratis.util.LifeCycle.checkStateAndClose(LifeCycle.java:310)
	at org.apache.ratis.server.impl.RaftServerImpl.close(RaftServerImpl.java:534)
	at org.apache.ratis.server.impl.RaftServerImpl.groupRemove(RaftServerImpl.java:492)
	at org.apache.ratis.server.impl.RaftServerProxy.lambda$groupRemoveAsync$0(RaftServerProxy.java:554)
	at java.base/java.util.concurrent.CompletableFuture.uniApplyNow(CompletableFuture.java:705)
	at java.base/java.util.concurrent.CompletableFuture.uniApplyStage(CompletableFuture.java:683)
	at java.base/java.util.concurrent.CompletableFuture.thenApply(CompletableFuture.java:2227)
	at org.apache.ratis.server.impl.RaftServerProxy.groupRemoveAsync(RaftServerProxy.java:553)
	at org.apache.ratis.server.impl.RaftServerProxy.groupManagementAsync(RaftServerProxy.java:502)
	at org.apache.ratis.server.impl.RaftServerProxy.groupManagement(RaftServerProxy.java:482)
	at org.apache.ratis.server.simulation.SimulatedServerRpc$2.handleRequest(SimulatedServerRpc.java:189)
	at org.apache.ratis.server.simulation.SimulatedServerRpc$2.handleRequest(SimulatedServerRpc.java:177)
	... 2 more

[ERROR] org.apache.ratis.TestMultiRaftGroup.testMultiRaftGroup(MiniRaftCluster)[2] -- Time elapsed: 0.004 s <<< FAILURE!
java.lang.AssertionError: Unexpected exit.
	at org.apache.ratis.util.ExitUtils.assertNotTerminated(ExitUtils.java:109)
	at org.apache.ratis.BaseTest.assertNoFailures(BaseTest.java:99)
	at java.base/java.lang.reflect.Method.invoke(Method.java:565)
	at java.base/java.util.Optional.ifPresent(Optional.java:178)
	at java.base/java.util.stream.ForEachOps$ForEachOp$OfRef.accept(ForEachOps.java:186)
	at java.base/java.util.stream.ReferencePipeline$3$1.accept(ReferencePipeline.java:214)
	at java.base/java.util.stream.ForEachOps$ForEachOp$OfRef.accept(ForEachOps.java:186)
	at java.base/java.util.stream.ForEachOps$ForEachOp$OfRef.accept(ForEachOps.java:186)
	at java.base/java.util.stream.ReferencePipeline$3$1.accept(ReferencePipeline.java:214)
	at java.base/java.util.ArrayList$ArrayListSpliterator.forEachRemaining(ArrayList.java:1716)
	at java.base/java.util.stream.ReferencePipeline$Head.forEach(ReferencePipeline.java:803)
	at java.base/java.util.stream.ReferencePipeline$7$1FlatMap.accept(ReferencePipeline.java:293)
	at java.base/java.util.stream.ReferencePipeline$3$1.accept(ReferencePipeline.java:214)
	at java.base/java.util.stream.ReferencePipeline$3$1.accept(ReferencePipeline.java:214)
	at java.base/java.util.stream.ReferencePipeline$3$1.accept(ReferencePipeline.java:214)
	at java.base/java.util.Spliterators$ArraySpliterator.forEachRemaining(Spliterators.java:1024)
	at java.base/java.util.stream.AbstractPipeline.copyInto(AbstractPipeline.java:570)
	at java.base/java.util.stream.AbstractPipeline.wrapAndCopyInto(AbstractPipeline.java:560)
	at java.base/java.util.stream.ForEachOps$ForEachOp.evaluateSequential(ForEachOps.java:153)
	at java.base/java.util.stream.ForEachOps$ForEachOp$OfRef.evaluateSequential(ForEachOps.java:176)
	at java.base/java.util.stream.AbstractPipeline.evaluate(AbstractPipeline.java:265)
	at java.base/java.util.stream.ReferencePipeline.forEach(ReferencePipeline.java:632)
	at java.base/java.util.stream.ReferencePipeline$7$1FlatMap.accept(ReferencePipeline.java:293)
	at java.base/java.util.ArrayList$ArrayListSpliterator.forEachRemaining(ArrayList.java:1716)
	at java.base/java.util.stream.AbstractPipeline.copyInto(AbstractPipeline.java:570)
	at java.base/java.util.stream.AbstractPipeline.wrapAndCopyInto(AbstractPipeline.java:560)
	at java.base/java.util.stream.ForEachOps$ForEachOp.evaluateSequential(ForEachOps.java:153)
	at java.base/java.util.stream.ForEachOps$ForEachOp$OfRef.evaluateSequential(ForEachOps.java:176)
	at java.base/java.util.stream.AbstractPipeline.evaluate(AbstractPipeline.java:265)
	at java.base/java.util.stream.ReferencePipeline.forEach(ReferencePipeline.java:632)
	at java.base/java.util.stream.ReferencePipeline$7$1FlatMap.accept(ReferencePipeline.java:293)
	at java.base/java.util.stream.ReferencePipeline$3$1.accept(ReferencePipeline.java:214)
	at java.base/java.util.stream.ReferencePipeline$3$1.accept(ReferencePipeline.java:214)
	at java.base/java.util.stream.ReferencePipeline$3$1.accept(ReferencePipeline.java:214)
	at java.base/java.util.ArrayList$ArrayListSpliterator.forEachRemaining(ArrayList.java:1716)
	at java.base/java.util.stream.AbstractPipeline.copyInto(AbstractPipeline.java:570)
	at java.base/java.util.stream.AbstractPipeline.wrapAndCopyInto(AbstractPipeline.java:560)
	at java.base/java.util.stream.ForEachOps$ForEachOp.evaluateSequential(ForEachOps.java:153)
	at java.base/java.util.stream.ForEachOps$ForEachOp$OfRef.evaluateSequential(ForEachOps.java:176)
	at java.base/java.util.stream.AbstractPipeline.evaluate(AbstractPipeline.java:265)
	at java.base/java.util.stream.ReferencePipeline.forEach(ReferencePipeline.java:632)
	at java.base/java.util.ArrayList.forEach(ArrayList.java:1604)
	at java.base/java.util.ArrayList.forEach(ArrayList.java:1604)
	Suppressed: org.opentest4j.TestAbortedException: Assumption failed: Already exited with org.apache.ratis.util.ExitUtils$ExitException: s13.serverHandler2 is terminating.
		at org.apache.ratis.BaseTest.checkAssumptions(BaseTest.java:89)
		at org.apache.ratis.BaseTest.setup(BaseTest.java:76)
		... 41 more
	Suppressed: org.junit.platform.commons.JUnitException: Failed to close extension context
		... 40 more
	Caused by: java.lang.IllegalArgumentException: maximumPoolSize must be positive
		at java.base/java.util.concurrent.ThreadPoolExecutor.<init>(ThreadPoolExecutor.java:1257)
		at java.base/java.util.concurrent.ThreadPoolExecutor.<init>(ThreadPoolExecutor.java:1179)
		at java.base/java.util.concurrent.Executors.newFixedThreadPool(Executors.java:152)
		at org.apache.ratis.server.impl.MiniRaftCluster.shutdown(MiniRaftCluster.java:810)
		at org.apache.ratis.server.impl.MiniRaftCluster.close(MiniRaftCluster.java:796)
		at java.base/java.util.stream.ForEachOps$ForEachOp$OfRef.accept(ForEachOps.java:186)
		at java.base/java.util.ArrayList.forEach(ArrayList.java:1604)
		at java.base/java.util.stream.SortedOps$RefSortingSink.end(SortedOps.java:395)
		at java.base/java.util.stream.Sink$ChainedReference.end(Sink.java:261)
		at java.base/java.util.stream.Sink$ChainedReference.end(Sink.java:261)
		at java.base/java.util.stream.AbstractPipeline.copyInto(AbstractPipeline.java:571)
		at java.base/java.util.stream.AbstractPipeline.wrapAndCopyInto(AbstractPipeline.java:560)
		at java.base/java.util.stream.ForEachOps$ForEachOp.evaluateSequential(ForEachOps.java:153)
		at java.base/java.util.stream.ForEachOps$ForEachOp$OfRef.evaluateSequential(ForEachOps.java:176)
		at java.base/java.util.stream.AbstractPipeline.evaluate(AbstractPipeline.java:265)
		at java.base/java.util.stream.ReferencePipeline.forEach(ReferencePipeline.java:632)
		... 40 more
Caused by: org.apache.ratis.util.ExitUtils$ExitException: s13.serverHandler2 is terminating.
	at org.apache.ratis.util.ExitUtils.terminate(ExitUtils.java:141)
	at org.apache.ratis.util.ExitUtils.terminate(ExitUtils.java:151)
	at org.apache.ratis.server.simulation.RequestHandler$HandlerDaemon.run(RequestHandler.java:138)
Caused by: java.lang.IllegalStateException: s13@group-A169194E8018-SegmentedRaftLog is expected to be opened but it is CLOSED
	at org.apache.ratis.util.OpenCloseState.assertOpen(OpenCloseState.java:63)
	at org.apache.ratis.server.raftlog.RaftLogBase.checkLogState(RaftLogBase.java:113)
	at org.apache.ratis.server.raftlog.segmented.SegmentedRaftLog.getLastEntryTermIndex(SegmentedRaftLog.java:362)
	at org.apache.ratis.server.impl.ServerState.getLastEntry(ServerState.java:311)
	at org.apache.ratis.server.impl.RaftServerImpl.requestVote(RaftServerImpl.java:1533)
	at org.apache.ratis.server.impl.RaftServerImpl.requestVote(RaftServerImpl.java:1488)
	at org.apache.ratis.server.impl.RaftServerProxy.requestVote(RaftServerProxy.java:642)
	at org.apache.ratis.server.simulation.SimulatedServerRpc$1.handleRequest(SimulatedServerRpc.java:165)
	at org.apache.ratis.server.simulation.SimulatedServerRpc$1.handleRequest(SimulatedServerRpc.java:153)
	at org.apache.ratis.server.simulation.RequestHandler.handleRequest(RequestHandler.java:91)
	at org.apache.ratis.server.simulation.RequestHandler$HandlerDaemon.run(RequestHandler.java:125)
Caused by: org.apache.ratis.util.OpenCloseState$CloseTrace: Close s13@group-A169194E8018-SegmentedRaftLog
	at org.apache.ratis.util.OpenCloseState.lambda$close$0(OpenCloseState.java:109)
	at java.base/java.util.concurrent.atomic.AtomicReference.getAndUpdate(AtomicReference.java:184)
	at org.apache.ratis.util.OpenCloseState.close(OpenCloseState.java:109)
	at org.apache.ratis.server.raftlog.RaftLogBase.close(RaftLogBase.java:394)
	at org.apache.ratis.server.raftlog.segmented.SegmentedRaftLog.close(SegmentedRaftLog.java:535)
	at org.apache.ratis.server.impl.ServerState.close(ServerState.java:446)
	at org.apache.ratis.server.impl.RaftServerImpl.lambda$close$0(RaftServerImpl.java:557)
	at org.apache.ratis.util.LifeCycle.lambda$checkStateAndClose$1(LifeCycle.java:312)
	at org.apache.ratis.util.LifeCycle.checkStateAndClose(LifeCycle.java:332)
	at org.apache.ratis.util.LifeCycle.checkStateAndClose(LifeCycle.java:310)
	at org.apache.ratis.server.impl.RaftServerImpl.close(RaftServerImpl.java:534)
	at org.apache.ratis.server.impl.RaftServerImpl.groupRemove(RaftServerImpl.java:492)
	at org.apache.ratis.server.impl.RaftServerProxy.lambda$groupRemoveAsync$0(RaftServerProxy.java:554)
	at java.base/java.util.concurrent.CompletableFuture.uniApplyNow(CompletableFuture.java:705)
	at java.base/java.util.concurrent.CompletableFuture.uniApplyStage(CompletableFuture.java:683)
	at java.base/java.util.concurrent.CompletableFuture.thenApply(CompletableFuture.java:2227)
	at org.apache.ratis.server.impl.RaftServerProxy.groupRemoveAsync(RaftServerProxy.java:553)
	at org.apache.ratis.server.impl.RaftServerProxy.groupManagementAsync(RaftServerProxy.java:502)
	at org.apache.ratis.server.impl.RaftServerProxy.groupManagement(RaftServerProxy.java:482)
	at org.apache.ratis.server.simulation.SimulatedServerRpc$2.handleRequest(SimulatedServerRpc.java:189)
	at org.apache.ratis.server.simulation.SimulatedServerRpc$2.handleRequest(SimulatedServerRpc.java:177)
	... 2 more

[ERROR] org.apache.ratis.TestMultiRaftGroup.testMultiRaftGroup(MiniRaftCluster)[3] -- Time elapsed: 0.003 s <<< FAILURE!
java.lang.AssertionError: Unexpected exit.
	at org.apache.ratis.util.ExitUtils.assertNotTerminated(ExitUtils.java:109)
	at org.apache.ratis.BaseTest.assertNoFailures(BaseTest.java:99)
	at java.base/java.lang.reflect.Method.invoke(Method.java:565)
	at java.base/java.util.Optional.ifPresent(Optional.java:178)
	at java.base/java.util.stream.ForEachOps$ForEachOp$OfRef.accept(ForEachOps.java:186)
	at java.base/java.util.stream.ReferencePipeline$3$1.accept(ReferencePipeline.java:214)
	at java.base/java.util.stream.ForEachOps$ForEachOp$OfRef.accept(ForEachOps.java:186)
	at java.base/java.util.stream.ForEachOps$ForEachOp$OfRef.accept(ForEachOps.java:186)
	at java.base/java.util.stream.ReferencePipeline$3$1.accept(ReferencePipeline.java:214)
	at java.base/java.util.ArrayList$ArrayListSpliterator.forEachRemaining(ArrayList.java:1716)
	at java.base/java.util.stream.ReferencePipeline$Head.forEach(ReferencePipeline.java:803)
	at java.base/java.util.stream.ReferencePipeline$7$1FlatMap.accept(ReferencePipeline.java:293)
	at java.base/java.util.stream.ReferencePipeline$3$1.accept(ReferencePipeline.java:214)
	at java.base/java.util.stream.ReferencePipeline$3$1.accept(ReferencePipeline.java:214)
	at java.base/java.util.stream.ReferencePipeline$3$1.accept(ReferencePipeline.java:214)
	at java.base/java.util.Spliterators$ArraySpliterator.forEachRemaining(Spliterators.java:1024)
	at java.base/java.util.stream.AbstractPipeline.copyInto(AbstractPipeline.java:570)
	at java.base/java.util.stream.AbstractPipeline.wrapAndCopyInto(AbstractPipeline.java:560)
	at java.base/java.util.stream.ForEachOps$ForEachOp.evaluateSequential(ForEachOps.java:153)
	at java.base/java.util.stream.ForEachOps$ForEachOp$OfRef.evaluateSequential(ForEachOps.java:176)
	at java.base/java.util.stream.AbstractPipeline.evaluate(AbstractPipeline.java:265)
	at java.base/java.util.stream.ReferencePipeline.forEach(ReferencePipeline.java:632)
	at java.base/java.util.stream.ReferencePipeline$7$1FlatMap.accept(ReferencePipeline.java:293)
	at java.base/java.util.ArrayList$ArrayListSpliterator.forEachRemaining(ArrayList.java:1716)
	at java.base/java.util.stream.AbstractPipeline.copyInto(AbstractPipeline.java:570)
	at java.base/java.util.stream.AbstractPipeline.wrapAndCopyInto(AbstractPipeline.java:560)
	at java.base/java.util.stream.ForEachOps$ForEachOp.evaluateSequential(ForEachOps.java:153)
	at java.base/java.util.stream.ForEachOps$ForEachOp$OfRef.evaluateSequential(ForEachOps.java:176)
	at java.base/java.util.stream.AbstractPipeline.evaluate(AbstractPipeline.java:265)
	at java.base/java.util.stream.ReferencePipeline.forEach(ReferencePipeline.java:632)
	at java.base/java.util.stream.ReferencePipeline$7$1FlatMap.accept(ReferencePipeline.java:293)
	at java.base/java.util.stream.ReferencePipeline$3$1.accept(ReferencePipeline.java:214)
	at java.base/java.util.stream.ReferencePipeline$3$1.accept(ReferencePipeline.java:214)
	at java.base/java.util.stream.ReferencePipeline$3$1.accept(ReferencePipeline.java:214)
	at java.base/java.util.ArrayList$ArrayListSpliterator.forEachRemaining(ArrayList.java:1716)
	at java.base/java.util.stream.AbstractPipeline.copyInto(AbstractPipeline.java:570)
	at java.base/java.util.stream.AbstractPipeline.wrapAndCopyInto(AbstractPipeline.java:560)
	at java.base/java.util.stream.ForEachOps$ForEachOp.evaluateSequential(ForEachOps.java:153)
	at java.base/java.util.stream.ForEachOps$ForEachOp$OfRef.evaluateSequential(ForEachOps.java:176)
	at java.base/java.util.stream.AbstractPipeline.evaluate(AbstractPipeline.java:265)
	at java.base/java.util.stream.ReferencePipeline.forEach(ReferencePipeline.java:632)
	at java.base/java.util.ArrayList.forEach(ArrayList.java:1604)
	at java.base/java.util.ArrayList.forEach(ArrayList.java:1604)
	Suppressed: org.opentest4j.TestAbortedException: Assumption failed: Already exited with org.apache.ratis.util.ExitUtils$ExitException: s13.serverHandler2 is terminating.
		at org.apache.ratis.BaseTest.checkAssumptions(BaseTest.java:89)
		at org.apache.ratis.BaseTest.setup(BaseTest.java:76)
		... 41 more
	Suppressed: org.junit.platform.commons.JUnitException: Failed to close extension context
		... 40 more
	Caused by: java.lang.IllegalArgumentException: maximumPoolSize must be positive
		at java.base/java.util.concurrent.ThreadPoolExecutor.<init>(ThreadPoolExecutor.java:1257)
		at java.base/java.util.concurrent.ThreadPoolExecutor.<init>(ThreadPoolExecutor.java:1179)
		at java.base/java.util.concurrent.Executors.newFixedThreadPool(Executors.java:152)
		at org.apache.ratis.server.impl.MiniRaftCluster.shutdown(MiniRaftCluster.java:810)
		at org.apache.ratis.server.impl.MiniRaftCluster.close(MiniRaftCluster.java:796)
		at java.base/java.util.stream.ForEachOps$ForEachOp$OfRef.accept(ForEachOps.java:186)
		at java.base/java.util.ArrayList.forEach(ArrayList.java:1604)
		at java.base/java.util.stream.SortedOps$RefSortingSink.end(SortedOps.java:395)
		at java.base/java.util.stream.Sink$ChainedReference.end(Sink.java:261)
		at java.base/java.util.stream.Sink$ChainedReference.end(Sink.java:261)
		at java.base/java.util.stream.AbstractPipeline.copyInto(AbstractPipeline.java:571)
		at java.base/java.util.stream.AbstractPipeline.wrapAndCopyInto(AbstractPipeline.java:560)
		at java.base/java.util.stream.ForEachOps$ForEachOp.evaluateSequential(ForEachOps.java:153)
		at java.base/java.util.stream.ForEachOps$ForEachOp$OfRef.evaluateSequential(ForEachOps.java:176)
		at java.base/java.util.stream.AbstractPipeline.evaluate(AbstractPipeline.java:265)
		at java.base/java.util.stream.ReferencePipeline.forEach(ReferencePipeline.java:632)
		... 40 more
Caused by: org.apache.ratis.util.ExitUtils$ExitException: s13.serverHandler2 is terminating.
	at org.apache.ratis.util.ExitUtils.terminate(ExitUtils.java:141)
	at org.apache.ratis.util.ExitUtils.terminate(ExitUtils.java:151)
	at org.apache.ratis.server.simulation.RequestHandler$HandlerDaemon.run(RequestHandler.java:138)
Caused by: java.lang.IllegalStateException: s13@group-A169194E8018-SegmentedRaftLog is expected to be opened but it is CLOSED
	at org.apache.ratis.util.OpenCloseState.assertOpen(OpenCloseState.java:63)
	at org.apache.ratis.server.raftlog.RaftLogBase.checkLogState(RaftLogBase.java:113)
	at org.apache.ratis.server.raftlog.segmented.SegmentedRaftLog.getLastEntryTermIndex(SegmentedRaftLog.java:362)
	at org.apache.ratis.server.impl.ServerState.getLastEntry(ServerState.java:311)
	at org.apache.ratis.server.impl.RaftServerImpl.requestVote(RaftServerImpl.java:1533)
	at org.apache.ratis.server.impl.RaftServerImpl.requestVote(RaftServerImpl.java:1488)
	at org.apache.ratis.server.impl.RaftServerProxy.requestVote(RaftServerProxy.java:642)
	at org.apache.ratis.server.simulation.SimulatedServerRpc$1.handleRequest(SimulatedServerRpc.java:165)
	at org.apache.ratis.server.simulation.SimulatedServerRpc$1.handleRequest(SimulatedServerRpc.java:153)
	at org.apache.ratis.server.simulation.RequestHandler.handleRequest(RequestHandler.java:91)
	at org.apache.ratis.server.simulation.RequestHandler$HandlerDaemon.run(RequestHandler.java:125)
Caused by: org.apache.ratis.util.OpenCloseState$CloseTrace: Close s13@group-A169194E8018-SegmentedRaftLog
	at org.apache.ratis.util.OpenCloseState.lambda$close$0(OpenCloseState.java:109)
	at java.base/java.util.concurrent.atomic.AtomicReference.getAndUpdate(AtomicReference.java:184)
	at org.apache.ratis.util.OpenCloseState.close(OpenCloseState.java:109)
	at org.apache.ratis.server.raftlog.RaftLogBase.close(RaftLogBase.java:394)
	at org.apache.ratis.server.raftlog.segmented.SegmentedRaftLog.close(SegmentedRaftLog.java:535)
	at org.apache.ratis.server.impl.ServerState.close(ServerState.java:446)
	at org.apache.ratis.server.impl.RaftServerImpl.lambda$close$0(RaftServerImpl.java:557)
	at org.apache.ratis.util.LifeCycle.lambda$checkStateAndClose$1(LifeCycle.java:312)
	at org.apache.ratis.util.LifeCycle.checkStateAndClose(LifeCycle.java:332)
	at org.apache.ratis.util.LifeCycle.checkStateAndClose(LifeCycle.java:310)
	at org.apache.ratis.server.impl.RaftServerImpl.close(RaftServerImpl.java:534)
	at org.apache.ratis.server.impl.RaftServerImpl.groupRemove(RaftServerImpl.java:492)
	at org.apache.ratis.server.impl.RaftServerProxy.lambda$groupRemoveAsync$0(RaftServerProxy.java:554)
	at java.base/java.util.concurrent.CompletableFuture.uniApplyNow(CompletableFuture.java:705)
	at java.base/java.util.concurrent.CompletableFuture.uniApplyStage(CompletableFuture.java:683)
	at java.base/java.util.concurrent.CompletableFuture.thenApply(CompletableFuture.java:2227)
	at org.apache.ratis.server.impl.RaftServerProxy.groupRemoveAsync(RaftServerProxy.java:553)
	at org.apache.ratis.server.impl.RaftServerProxy.groupManagementAsync(RaftServerProxy.java:502)
	at org.apache.ratis.server.impl.RaftServerProxy.groupManagement(RaftServerProxy.java:482)
	at org.apache.ratis.server.simulation.SimulatedServerRpc$2.handleRequest(SimulatedServerRpc.java:189)
	at org.apache.ratis.server.simulation.SimulatedServerRpc$2.handleRequest(SimulatedServerRpc.java:177)
	... 2 more

[INFO] 
[INFO] Results:
[INFO] 
[ERROR] Failures: 
[ERROR] org.apache.ratis.TestMultiRaftGroup.testMultiRaftGroup(MiniRaftCluster)[1]
[ERROR]   Run 1: TestMultiRaftGroup.testMultiRaftGroup:54->runTestMultiRaftGroup:58->runTestMultiRaftGroup:72 Unexpected exit.
[ERROR]   Run 2: TestMultiRaftGroup>BaseTest.assertNoFailures:99 Unexpected exit.
[ERROR]   Run 3: TestMultiRaftGroup>BaseTest.assertNoFailures:99 Unexpected exit.
[ERROR]   Run 4: TestMultiRaftGroup>BaseTest.assertNoFailures:99 Unexpected exit.
[ERROR]   Run 5: TestMultiRaftGroup>BaseTest.assertNoFailures:99 Unexpected exit.
[ERROR]   Run 6: TestMultiRaftGroup>BaseTest.assertNoFailures:99 Unexpected exit.
[INFO] 
[ERROR] org.apache.ratis.TestMultiRaftGroup.testMultiRaftGroup(MiniRaftCluster)[2]
[ERROR]   Run 1: TestMultiRaftGroup>BaseTest.assertNoFailures:99 Unexpected exit.
[ERROR]   Run 2: TestMultiRaftGroup>BaseTest.assertNoFailures:99 Unexpected exit.
[ERROR]   Run 3: TestMultiRaftGroup>BaseTest.assertNoFailures:99 Unexpected exit.
[ERROR]   Run 4: TestMultiRaftGroup>BaseTest.assertNoFailures:99 Unexpected exit.
[ERROR]   Run 5: TestMultiRaftGroup>BaseTest.assertNoFailures:99 Unexpected exit.
[ERROR]   Run 6: TestMultiRaftGroup>BaseTest.assertNoFailures:99 Unexpected exit.
[INFO] 
[ERROR] org.apache.ratis.TestMultiRaftGroup.testMultiRaftGroup(MiniRaftCluster)[3]
[ERROR]   Run 1: TestMultiRaftGroup>BaseTest.assertNoFailures:99 Unexpected exit.
[ERROR]   Run 2: TestMultiRaftGroup>BaseTest.assertNoFailures:99 Unexpected exit.
[ERROR]   Run 3: TestMultiRaftGroup>BaseTest.assertNoFailures:99 Unexpected exit.
[ERROR]   Run 4: TestMultiRaftGroup>BaseTest.assertNoFailures:99 Unexpected exit.
[ERROR]   Run 5: TestMultiRaftGroup>BaseTest.assertNoFailures:99 Unexpected exit.
[ERROR]   Run 6: TestMultiRaftGroup>BaseTest.assertNoFailures:99 Unexpected exit.
[INFO] 
[INFO] 
[ERROR] Tests run: 3, Failures: 3, Errors: 0, Skipped: 0
[INFO] 
[INFO] 
[INFO] ------------------------------------------------------------------------
[INFO] Skipping Apache Ratis Project Assembly
[INFO] This project has been banned from the build due to previous failures.
[INFO] ------------------------------------------------------------------------
[INFO] 
[INFO] ---------------------< org.apache.ratis:ratis-bom >---------------------
[INFO] Building Apache Ratis BOM 3.3.0-SNAPSHOT                         [19/20]
[INFO]   from ratis-bom/pom.xml
[INFO] --------------------------------[ pom ]---------------------------------
[INFO] 
[INFO] --- enforcer:3.6.3:enforce (enforce-maven-version) @ ratis-bom ---
[INFO] Rule 0: org.apache.maven.enforcer.rules.version.RequireMavenVersion passed
[INFO] 
[INFO] --- enforcer:3.6.3:enforce (enforce-java-version) @ ratis-bom ---
[INFO] Rule 0: org.apache.maven.enforcer.rules.version.RequireJavaVersion passed
[INFO] 
[INFO] --- remote-resources:3.3.0:process (process-resource-bundles) @ ratis-bom ---
[INFO] Preparing remote bundle org.apache.apache.resources:apache-jar-resource-bundle:1.8
[INFO] Copying 3 resources from 1 bundle.
[INFO] ------------------------------------------------------------------------
[INFO] Reactor Summary for Apache Ratis 3.3.0-SNAPSHOT:
[INFO] 
[INFO] Apache Ratis ....................................... SUCCESS [  1.190 s]
[INFO] Apache Ratis Documentation ......................... SUCCESS [  0.718 s]
[INFO] Apache Ratis Protocols ............................. SUCCESS [  9.265 s]
[INFO] Apache Ratis Common ................................ SUCCESS [  4.743 s]
[INFO] Apache Ratis Client ................................ SUCCESS [  1.810 s]
[INFO] Apache Ratis Server API ............................ SUCCESS [  1.727 s]
[INFO] Apache Ratis Metrics API ........................... SUCCESS [  0.924 s]
[INFO] Apache Ratis Metrics Default Implementation ........ SUCCESS [  1.305 s]
[INFO] Apache Ratis Server ................................ SUCCESS [  5.498 s]
[INFO] Apache Ratis - Resource Bundle ..................... SUCCESS [  0.180 s]
[INFO] Apache Ratis gRPC Support .......................... SUCCESS [  2.751 s]
[INFO] Apache Ratis Netty Support ......................... SUCCESS [  2.514 s]
[INFO] Apache Ratis Metrics Dropwizard 3 Implementation ... SUCCESS [  1.666 s]
[INFO] Apache Ratis Tracing - OpenTelemetry ............... SUCCESS [  1.522 s]
[INFO] Apache Ratis Tools ................................. SUCCESS [  0.789 s]
[INFO] Apache Ratis Shell ................................. SUCCESS [  1.292 s]
[INFO] Apache Ratis Test .................................. SUCCESS [07:46 min]
[INFO] Apache Ratis Examples .............................. FAILURE [ 31.713 s]
[INFO] Apache Ratis Project Assembly ...................... SKIPPED
[INFO] Apache Ratis BOM ................................... SUCCESS [  0.324 s]
[INFO] ------------------------------------------------------------------------
[INFO] BUILD FAILURE
[INFO] ------------------------------------------------------------------------
[INFO] Total time:  09:00 min
[INFO] Finished at: 2026-08-24T09:51:19Z
[INFO] ------------------------------------------------------------------------
[INFO] 218 goals, 218 executed
[ERROR] Failed to execute goal org.apache.maven.plugins:maven-surefire-plugin:3.5.6:test (default-test) on project ratis-examples: There are test failures.
[ERROR] 
[ERROR] See /home/runner/work/ratis/ratis/ratis-examples/target/surefire-reports for the individual test results.
[ERROR] See dump files (if any exist) [date].dump, [date]-jvmRun[N].dump and [date].dumpstream.
[ERROR] -> [Help 1]
[ERROR] 
[ERROR] To see the full stack trace of the errors, re-run Maven with the -e switch.
[ERROR] Re-run Maven using the -X switch to enable full debug logging.
[ERROR] 
[ERROR] For more information about the errors and possible solutions, please read the following articles:
[ERROR] [Help 1] http://cwiki.apache.org/confluence/display/MAVEN/MojoFailureException
[ERROR] 
[ERROR] After correcting the problems, you can resume the build with the command
[ERROR]   mvn <args> -rf :ratis-examples
