Apache Maven 3.9.16 (2bdd9fddda4b155ebf8000e807eb73fd829a51d5)
Maven home: /home/runner/.m2/wrapper/dists/apache-maven-3.9.16/56ba1f9f
Java version: 25.0.3, vendor: Eclipse Adoptium, runtime: /usr/lib/jvm/temurin-25-jdk-amd64
Default locale: en, platform encoding: UTF-8
OS name: "linux", version: "6.17.0-1020-azure", arch: "amd64", family: "unix"
[INFO] Scanning for projects...
[INFO] ------------------------------------------------------------------------
[INFO] Detecting the operating system and CPU architecture
[INFO] ------------------------------------------------------------------------
[INFO] os.detected.name: linux
[INFO] os.detected.arch: x86_64
[INFO] os.detected.bitness: 64
[INFO] os.detected.version: 6.17
[INFO] os.detected.version.major: 6
[INFO] os.detected.version.minor: 17
[INFO] os.detected.release: ubuntu
[INFO] os.detected.release.version: 24.04
[INFO] os.detected.release.like.ubuntu: true
[INFO] os.detected.release.like.debian: true
[INFO] os.detected.classifier: linux-x86_64
[INFO] ------------------------------------------------------------------------
[INFO] Reactor Build Order:
[INFO] 
[INFO] Apache Ratis                                                       [pom]
[INFO] Apache Ratis Documentation                                         [jar]
[INFO] Apache Ratis Protocols                                             [jar]
[INFO] Apache Ratis Common                                                [jar]
[INFO] Apache Ratis Client                                                [jar]
[INFO] Apache Ratis Server API                                            [jar]
[INFO] Apache Ratis Metrics API                                           [jar]
[INFO] Apache Ratis Metrics Default Implementation                        [jar]
[INFO] Apache Ratis Server                                                [jar]
[INFO] Apache Ratis - Resource Bundle                                     [jar]
[INFO] Apache Ratis gRPC Support                                          [jar]
[INFO] Apache Ratis Netty Support                                         [jar]
[INFO] Apache Ratis Metrics Dropwizard 3 Implementation                   [jar]
[INFO] Apache Ratis Tracing - OpenTelemetry                               [jar]
[INFO] Apache Ratis Tools                                                 [jar]
[INFO] Apache Ratis Shell                                                 [jar]
[INFO] Apache Ratis Test                                                  [jar]
[INFO] Apache Ratis Examples                                              [jar]
[INFO] Apache Ratis Project Assembly                                      [pom]
[INFO] Apache Ratis BOM                                                   [pom]
[INFO] 
[INFO] -----------------------< org.apache.ratis:ratis >-----------------------
[INFO] Building Apache Ratis 3.3.0-SNAPSHOT                              [1/20]
[INFO]   from pom.xml
[INFO] --------------------------------[ pom ]---------------------------------
[INFO] 
[INFO] --- enforcer:3.6.3:enforce (enforce-maven-version) @ ratis ---
[INFO] Rule 0: org.apache.maven.enforcer.rules.version.RequireMavenVersion passed
[INFO] 
[INFO] --- enforcer:3.6.3:enforce (enforce-java-version) @ ratis ---
[INFO] Rule 0: org.apache.maven.enforcer.rules.version.RequireJavaVersion passed
[INFO] 
[INFO] --- jacoco:0.8.15:prepare-agent (default-prepare-agent) @ ratis ---
[INFO] argLine set to -javaagent:/home/runner/.m2/repository/org/jacoco/org.jacoco.agent/0.8.15/org.jacoco.agent-0.8.15-runtime.jar=destfile=/home/runner/work/ratis/ratis/target/jacoco.exec,includes=org.apache.ratis.*
[INFO] 
[INFO] --- build-helper:3.6.1:add-source (add-source) @ ratis ---
[INFO] Source directory: /home/runner/work/ratis/ratis/target/generated-sources added.
[INFO] 
[INFO] --- enforcer:3.6.3:enforce (bannedImports-finalizers) @ ratis ---
[INFO] Rule 0: org.apache.maven.plugins.enforcer.RestrictImports passed
[INFO] 
[INFO] --- remote-resources:3.3.0:process (process-resource-bundles) @ ratis ---
[INFO] Preparing remote bundle org.apache.apache.resources:apache-jar-resource-bundle:1.8
[INFO] Copying 3 resources from 1 bundle.
[INFO] 
[INFO] --- hadoops:3.4.3:version-info (version-info) @ ratis ---
[INFO] SCM: GIT
[INFO] Computed MD5: 6dd0754d46b3f5a096c6ad38338884
[INFO] 
[INFO] --------------------< org.apache.ratis:ratis-docs >---------------------
[INFO] Building Apache Ratis Documentation 3.3.0-SNAPSHOT                [2/20]
[INFO]   from ratis-docs/pom.xml
[INFO] --------------------------------[ jar ]---------------------------------
[INFO] 
[INFO] --- enforcer:3.6.3:enforce (enforce-maven-version) @ ratis-docs ---
[INFO] 
[INFO] --- enforcer:3.6.3:enforce (enforce-java-version) @ ratis-docs ---
[INFO] 
[INFO] --- jacoco:0.8.15:prepare-agent (default-prepare-agent) @ ratis-docs ---
[INFO] argLine set to -javaagent:/home/runner/.m2/repository/org/jacoco/org.jacoco.agent/0.8.15/org.jacoco.agent-0.8.15-runtime.jar=destfile=/home/runner/work/ratis/ratis/ratis-docs/target/jacoco.exec,includes=org.apache.ratis.*
[INFO] 
[INFO] --- build-helper:3.6.1:add-source (add-source) @ ratis-docs ---
[INFO] Source directory: /home/runner/work/ratis/ratis/ratis-docs/target/generated-sources added.
[INFO] 
[INFO] --- enforcer:3.6.3:enforce (bannedImports-finalizers) @ ratis-docs ---
[INFO] Rule 0: org.apache.maven.plugins.enforcer.RestrictImports passed
[INFO] 
[INFO] --- remote-resources:3.3.0:process (process-resource-bundles) @ ratis-docs ---
[INFO] Preparing remote bundle org.apache.apache.resources:apache-jar-resource-bundle:1.8
[INFO] Copying 3 resources from 1 bundle.
[INFO] 
[INFO] --- hadoops:3.4.3:version-info (version-info) @ ratis-docs ---
[INFO] SCM: GIT
[INFO] Computed MD5: d41d8cd98f0b24e980998ecf8427e
[INFO] 
[INFO] --- resources:3.5.0:resources (default-resources) @ ratis-docs ---
[INFO] skip non existing resourceDirectory /home/runner/work/ratis/ratis/ratis-docs/src/main/resources
[INFO] Copying 1 resource from ../src/main/resources to target/classes
[INFO] Copying 3 resources from target/maven-shared-archive-resources to target/classes
[INFO] 
[INFO] --- compiler:3.15.0:compile (default-compile) @ ratis-docs ---
[INFO] No sources to compile
[INFO] 
[INFO] --- resources:3.5.0:testResources (default-testResources) @ ratis-docs ---
[INFO] skip non existing resourceDirectory /home/runner/work/ratis/ratis/ratis-docs/src/test/resources
[INFO] Copying 3 resources from target/maven-shared-archive-resources to target/test-classes
[INFO] 
[INFO] --- compiler:3.15.0:testCompile (default-testCompile) @ ratis-docs ---
[INFO] No sources to compile
[INFO] 
[INFO] --- surefire:3.5.6:test (default-test) @ ratis-docs ---
[INFO] Skipped
[INFO] 
[INFO] --------------------< org.apache.ratis:ratis-proto >--------------------
[INFO] Building Apache Ratis Protocols 3.3.0-SNAPSHOT                    [3/20]
[INFO]   from ratis-proto/pom.xml
[INFO] --------------------------------[ jar ]---------------------------------
[INFO] 
[INFO] --- enforcer:3.6.3:enforce (enforce-maven-version) @ ratis-proto ---
[INFO] 
[INFO] --- enforcer:3.6.3:enforce (enforce-java-version) @ ratis-proto ---
[INFO] 
[INFO] --- jacoco:0.8.15:prepare-agent (default-prepare-agent) @ ratis-proto ---
[INFO] argLine set to -javaagent:/home/runner/.m2/repository/org/jacoco/org.jacoco.agent/0.8.15/org.jacoco.agent-0.8.15-runtime.jar=destfile=/home/runner/work/ratis/ratis/ratis-proto/target/jacoco.exec,includes=org.apache.ratis.*
[INFO] 
[INFO] --- build-helper:3.6.1:add-source (add-source) @ ratis-proto ---
[INFO] Source directory: /home/runner/work/ratis/ratis/ratis-proto/target/generated-sources added.
[INFO] 
[INFO] --- protobuf:0.6.1:compile (compile-protobuf) @ ratis-proto ---
[INFO] Compiling 6 proto file(s) to /home/runner/work/ratis/ratis/ratis-proto/target/generated-sources
[INFO] 
[INFO] --- protobuf:0.6.1:compile-custom (compile-grpc) @ ratis-proto ---
[INFO] Compiling 6 proto file(s) to /home/runner/work/ratis/ratis/ratis-proto/target/generated-sources
[INFO] 
[INFO] --- enforcer:3.6.3:enforce (bannedImports-finalizers) @ ratis-proto ---
[INFO] Rule 0: org.apache.maven.plugins.enforcer.RestrictImports passed
[INFO] 
[INFO] --- replacer:1.5.3:replace (default) @ ratis-proto ---
[INFO] Replacement run on 19 files.
[INFO] 
[INFO] --- remote-resources:3.3.0:process (process-resource-bundles) @ ratis-proto ---
[INFO] Preparing remote bundle org.apache.apache.resources:apache-jar-resource-bundle:1.8
[INFO] Copying 3 resources from 1 bundle.
[INFO] 
[INFO] --- hadoops:3.4.3:version-info (version-info) @ ratis-proto ---
[INFO] SCM: GIT
[INFO] Computed MD5: d41d8cd98f0b24e980998ecf8427e
[INFO] 
[INFO] --- resources:3.5.0:resources (default-resources) @ ratis-proto ---
[INFO] skip non existing resourceDirectory /home/runner/work/ratis/ratis/ratis-proto/src/main/resources
[INFO] Copying 1 resource from ../src/main/resources to target/classes
[INFO] Copying 6 resources from src/main/proto to target/classes
[INFO] Copying 6 resources from src/main/proto to target/classes
[INFO] Copying 3 resources from target/maven-shared-archive-resources to target/classes
[INFO] 
[INFO] --- compiler:3.15.0:compile (default-compile) @ ratis-proto ---
[INFO] Compiling 19 source files with javac [forked debug release 8] to target/classes
[INFO] 
[INFO] --- resources:3.5.0:testResources (default-testResources) @ ratis-proto ---
[INFO] skip non existing resourceDirectory /home/runner/work/ratis/ratis/ratis-proto/src/test/resources
[INFO] Copying 3 resources from target/maven-shared-archive-resources to target/test-classes
[INFO] 
[INFO] --- compiler:3.15.0:testCompile (default-testCompile) @ ratis-proto ---
[INFO] No sources to compile
[INFO] 
[INFO] --- surefire:3.5.6:test (default-test) @ ratis-proto ---
[INFO] Skipped
[INFO] 
[INFO] -------------------< org.apache.ratis:ratis-common >--------------------
[INFO] Building Apache Ratis Common 3.3.0-SNAPSHOT                       [4/20]
[INFO]   from ratis-common/pom.xml
[INFO] --------------------------------[ jar ]---------------------------------
[INFO] 
[INFO] --- enforcer:3.6.3:enforce (enforce-maven-version) @ ratis-common ---
[INFO] 
[INFO] --- enforcer:3.6.3:enforce (enforce-java-version) @ ratis-common ---
[INFO] 
[INFO] --- jacoco:0.8.15:prepare-agent (default-prepare-agent) @ ratis-common ---
[INFO] argLine set to -javaagent:/home/runner/.m2/repository/org/jacoco/org.jacoco.agent/0.8.15/org.jacoco.agent-0.8.15-runtime.jar=destfile=/home/runner/work/ratis/ratis/ratis-common/target/jacoco.exec,includes=org.apache.ratis.*
[INFO] 
[INFO] --- build-helper:3.6.1:add-source (add-source) @ ratis-common ---
[INFO] Source directory: /home/runner/work/ratis/ratis/ratis-common/target/generated-sources added.
[INFO] 
[INFO] --- enforcer:3.6.3:enforce (bannedImports-finalizers) @ ratis-common ---
[INFO] Rule 0: org.apache.maven.plugins.enforcer.RestrictImports passed
[INFO] 
[INFO] --- remote-resources:3.3.0:process (process-resource-bundles) @ ratis-common ---
[INFO] Preparing remote bundle org.apache.apache.resources:apache-jar-resource-bundle:1.8
[INFO] Copying 3 resources from 1 bundle.
[INFO] 
[INFO] --- hadoops:3.4.3:version-info (version-info) @ ratis-common ---
[INFO] SCM: GIT
[INFO] Computed MD5: d41d8cd98f0b24e980998ecf8427e
[INFO] 
[INFO] --- resources:3.5.0:resources (default-resources) @ ratis-common ---
[INFO] skip non existing resourceDirectory /home/runner/work/ratis/ratis/ratis-common/src/main/resources
[INFO] Copying 1 resource from ../src/main/resources to target/classes
[INFO] Copying 3 resources from target/maven-shared-archive-resources to target/classes
[INFO] 
[INFO] --- compiler:3.15.0:compile (default-compile) @ ratis-common ---
[INFO] Compiling 164 source files with javac [forked debug release 8] to target/classes
[WARNING] Cannot find annotation method 'replacement()' in type 'InlineMe': class file for com.google.errorprone.annotations.InlineMe not found
/home/runner/work/ratis/ratis/ratis-common/src/main/java/org/apache/ratis/conf/ConfUtils.java:[177,57] [varargs] Varargs method could cause heap pollution from non-reifiable varargs parameter assertions
[WARNING] /home/runner/work/ratis/ratis/ratis-common/src/main/java/org/apache/ratis/conf/ConfUtils.java:[184,57] [varargs] Varargs method could cause heap pollution from non-reifiable varargs parameter assertions
[WARNING] /home/runner/work/ratis/ratis/ratis-common/src/main/java/org/apache/ratis/conf/ConfUtils.java:[192,85] [varargs] Varargs method could cause heap pollution from non-reifiable varargs parameter assertions
[WARNING] /home/runner/work/ratis/ratis/ratis-common/src/main/java/org/apache/ratis/conf/ConfUtils.java:[199,54] [varargs] Varargs method could cause heap pollution from non-reifiable varargs parameter assertions
[WARNING] /home/runner/work/ratis/ratis/ratis-common/src/main/java/org/apache/ratis/conf/ConfUtils.java:[206,56] [varargs] Varargs method could cause heap pollution from non-reifiable varargs parameter assertions
[WARNING] /home/runner/work/ratis/ratis/ratis-common/src/main/java/org/apache/ratis/conf/ConfUtils.java:[213,54] [varargs] Varargs method could cause heap pollution from non-reifiable varargs parameter assertions
[WARNING] /home/runner/work/ratis/ratis/ratis-common/src/main/java/org/apache/ratis/conf/ConfUtils.java:[220,54] [varargs] Varargs method could cause heap pollution from non-reifiable varargs parameter assertions
[WARNING] /home/runner/work/ratis/ratis/ratis-common/src/main/java/org/apache/ratis/conf/ConfUtils.java:[228,69] [varargs] Varargs method could cause heap pollution from non-reifiable varargs parameter assertions
[WARNING] /home/runner/work/ratis/ratis/ratis-common/src/main/java/org/apache/ratis/conf/ConfUtils.java:[237,70] [varargs] Varargs method could cause heap pollution from non-reifiable varargs parameter assertions
[WARNING] /home/runner/work/ratis/ratis/ratis-common/src/main/java/org/apache/ratis/conf/ConfUtils.java:[247,98] [varargs] Varargs method could cause heap pollution from non-reifiable varargs parameter assertions
[WARNING] /home/runner/work/ratis/ratis/ratis-common/src/main/java/org/apache/ratis/conf/ConfUtils.java:[264,18] [varargs] Varargs method could cause heap pollution from non-reifiable varargs parameter assertions
[WARNING] /home/runner/work/ratis/ratis/ratis-common/src/main/java/org/apache/ratis/conf/ConfUtils.java:[272,51] [varargs] Varargs method could cause heap pollution from non-reifiable varargs parameter assertions
[WARNING] /home/runner/work/ratis/ratis/ratis-common/src/main/java/org/apache/ratis/conf/ConfUtils.java:[292,35] [varargs] Varargs method could cause heap pollution from non-reifiable varargs parameter assertions
[WARNING] /home/runner/work/ratis/ratis/ratis-common/src/main/java/org/apache/ratis/conf/ConfUtils.java:[299,35] [varargs] Varargs method could cause heap pollution from non-reifiable varargs parameter assertions
[WARNING] /home/runner/work/ratis/ratis/ratis-common/src/main/java/org/apache/ratis/conf/ConfUtils.java:[306,32] [varargs] Varargs method could cause heap pollution from non-reifiable varargs parameter assertions
[WARNING] /home/runner/work/ratis/ratis/ratis-common/src/main/java/org/apache/ratis/conf/ConfUtils.java:[313,34] [varargs] Varargs method could cause heap pollution from non-reifiable varargs parameter assertions
[WARNING] /home/runner/work/ratis/ratis/ratis-common/src/main/java/org/apache/ratis/conf/ConfUtils.java:[320,32] [varargs] Varargs method could cause heap pollution from non-reifiable varargs parameter assertions
[WARNING] /home/runner/work/ratis/ratis/ratis-common/src/main/java/org/apache/ratis/conf/ConfUtils.java:[327,32] [varargs] Varargs method could cause heap pollution from non-reifiable varargs parameter assertions
[WARNING] /home/runner/work/ratis/ratis/ratis-common/src/main/java/org/apache/ratis/conf/ConfUtils.java:[335,18] [varargs] Varargs method could cause heap pollution from non-reifiable varargs parameter assertions
[WARNING] /home/runner/work/ratis/ratis/ratis-common/src/main/java/org/apache/ratis/conf/ConfUtils.java:[343,40] [varargs] Varargs method could cause heap pollution from non-reifiable varargs parameter assertions
[WARNING] /home/runner/work/ratis/ratis/ratis-common/src/main/java/org/apache/ratis/conf/ConfUtils.java:[355,18] [varargs] Varargs method could cause heap pollution from non-reifiable varargs parameter assertions
[WARNING] /home/runner/work/ratis/ratis/ratis-common/src/main/java/org/apache/ratis/RaftConfigKeys.java:[1] [dangling-doc-comments] documentation comment is not attached to any declaration
[WARNING] /home/runner/work/ratis/ratis/ratis-common/src/main/java/org/apache/ratis/util/TraditionalBinaryPrefix.java:[1] [dangling-doc-comments] documentation comment is not attached to any declaration
[WARNING] /home/runner/work/ratis/ratis/ratis-common/src/main/java/org/apache/ratis/conf/RaftProperties.java:[107,12] [fallthrough] possible fall-through into case
[WARNING] /home/runner/work/ratis/ratis/ratis-common/src/main/java/org/apache/ratis/conf/Parameters.java:[1] [dangling-doc-comments] documentation comment is not attached to any declaration
[WARNING] /home/runner/work/ratis/ratis/ratis-common/src/main/java/org/apache/ratis/rpc/RpcFactory.java:[1] [dangling-doc-comments] documentation comment is not attached to any declaration
[WARNING] /home/runner/work/ratis/ratis/ratis-common/src/main/java/org/apache/ratis/util/Daemon.java:[24,13] [this-escape] possible 'this' escape before subclass is fully initialized
[WARNING] /home/runner/work/ratis/ratis/ratis-common/src/main/java/org/apache/ratis/util/Daemon.java:[30,11] [this-escape] possible 'this' escape before subclass is fully initialized
[WARNING] /home/runner/work/ratis/ratis/ratis-common/src/main/java/org/apache/ratis/io/CloseAsync.java:[24,7] [try] auto-closeable resource CloseAsync<REPLY> has a member method close() that could throw InterruptedException
  where REPLY is a type-variable:
    REPLY extends Object declared in interface CloseAsync
[WARNING] /home/runner/work/ratis/ratis/ratis-common/src/main/java/org/apache/ratis/io/CorruptedFileException.java:[1] [dangling-doc-comments] documentation comment is not attached to any declaration
[WARNING] /home/runner/work/ratis/ratis/ratis-common/src/main/java/org/apache/ratis/io/CorruptedFileException.java:[23,7] [serial] serializable class CorruptedFileException has no definition of serialVersionUID
[WARNING] /home/runner/work/ratis/ratis/ratis-common/src/main/java/org/apache/ratis/protocol/AdminAsynchronousProtocol.java:[1] [dangling-doc-comments] documentation comment is not attached to any declaration
[WARNING] /home/runner/work/ratis/ratis/ratis-common/src/main/java/org/apache/ratis/protocol/RaftRpcMessage.java:[1] [dangling-doc-comments] documentation comment is not attached to any declaration
[WARNING] /home/runner/work/ratis/ratis/ratis-common/src/main/java/org/apache/ratis/protocol/exceptions/RaftException.java:[1] [dangling-doc-comments] documentation comment is not attached to any declaration
[WARNING] /home/runner/work/ratis/ratis/ratis-common/src/main/java/org/apache/ratis/protocol/exceptions/AlreadyClosedException.java:[23,7] [serial] serializable class AlreadyClosedException has no definition of serialVersionUID
[WARNING] /home/runner/work/ratis/ratis/ratis-common/src/main/java/org/apache/ratis/protocol/exceptions/NotLeaderException.java:[27,7] [serial] serializable class NotLeaderException has no definition of serialVersionUID
[WARNING] /home/runner/work/ratis/ratis/ratis-common/src/main/java/org/apache/ratis/protocol/exceptions/NotLeaderException.java:[28,25] [serial] non-transient instance field of a serializable class declared with a non-serializable type
[WARNING] /home/runner/work/ratis/ratis/ratis-common/src/main/java/org/apache/ratis/protocol/exceptions/NotLeaderException.java:[30,37] [serial] non-transient instance field of a serializable class declared with a non-serializable type
[WARNING] /home/runner/work/ratis/ratis/ratis-common/src/main/java/org/apache/ratis/protocol/exceptions/NotReplicatedException.java:[25,7] [serial] serializable class NotReplicatedException has no definition of serialVersionUID
[WARNING] /home/runner/work/ratis/ratis/ratis-common/src/main/java/org/apache/ratis/protocol/exceptions/NotReplicatedException.java:[30,38] [serial] non-transient instance field of a serializable class declared with a non-serializable type
[WARNING] /home/runner/work/ratis/ratis/ratis-common/src/main/java/org/apache/ratis/protocol/exceptions/StateMachineException.java:[22,7] [serial] serializable class StateMachineException has no definition of serialVersionUID
[WARNING] /home/runner/work/ratis/ratis/ratis-common/src/main/java/org/apache/ratis/protocol/exceptions/DataStreamException.java:[22,7] [serial] serializable class DataStreamException has no definition of serialVersionUID
[WARNING] /home/runner/work/ratis/ratis/ratis-common/src/main/java/org/apache/ratis/protocol/exceptions/ServerNotReadyException.java:[1] [dangling-doc-comments] documentation comment is not attached to any declaration
[WARNING] /home/runner/work/ratis/ratis/ratis-common/src/main/java/org/apache/ratis/protocol/exceptions/ServerNotReadyException.java:[23,7] [serial] serializable class ServerNotReadyException has no definition of serialVersionUID
[WARNING] /home/runner/work/ratis/ratis/ratis-common/src/main/java/org/apache/ratis/protocol/exceptions/LeaderNotReadyException.java:[30,7] [serial] serializable class LeaderNotReadyException has no definition of serialVersionUID
[WARNING] /home/runner/work/ratis/ratis/ratis-common/src/main/java/org/apache/ratis/protocol/exceptions/LeaderSteppingDownException.java:[20,7] [serial] serializable class LeaderSteppingDownException has no definition of serialVersionUID
[WARNING] /home/runner/work/ratis/ratis/ratis-common/src/main/java/org/apache/ratis/protocol/exceptions/TransferLeadershipException.java:[20,7] [serial] serializable class TransferLeadershipException has no definition of serialVersionUID
[WARNING] /home/runner/work/ratis/ratis/ratis-common/src/main/java/org/apache/ratis/protocol/exceptions/ReadException.java:[1] [dangling-doc-comments] documentation comment is not attached to any declaration
[WARNING] /home/runner/work/ratis/ratis/ratis-common/src/main/java/org/apache/ratis/protocol/exceptions/ReadException.java:[23,7] [serial] serializable class ReadException has no definition of serialVersionUID
[WARNING] /home/runner/work/ratis/ratis/ratis-common/src/main/java/org/apache/ratis/protocol/exceptions/ReadIndexException.java:[24,7] [serial] serializable class ReadIndexException has no definition of serialVersionUID
[WARNING] /home/runner/work/ratis/ratis/ratis-common/src/main/java/org/apache/ratis/protocol/RaftClientAsynchronousProtocol.java:[1] [dangling-doc-comments] documentation comment is not attached to any declaration
[WARNING] /home/runner/work/ratis/ratis/ratis-common/src/main/java/org/apache/ratis/protocol/RaftClientProtocol.java:[1] [dangling-doc-comments] documentation comment is not attached to any declaration
[WARNING] /home/runner/work/ratis/ratis/ratis-common/src/main/java/org/apache/ratis/protocol/exceptions/AlreadyExistsException.java:[1] [dangling-doc-comments] documentation comment is not attached to any declaration
[WARNING] /home/runner/work/ratis/ratis/ratis-common/src/main/java/org/apache/ratis/protocol/exceptions/ChecksumException.java:[1] [dangling-doc-comments] documentation comment is not attached to any declaration
[WARNING] /home/runner/work/ratis/ratis/ratis-common/src/main/java/org/apache/ratis/protocol/exceptions/GroupMismatchException.java:[1] [dangling-doc-comments] documentation comment is not attached to any declaration
[WARNING] /home/runner/work/ratis/ratis/ratis-common/src/main/java/org/apache/ratis/protocol/exceptions/GroupMismatchException.java:[24,7] [serial] serializable class GroupMismatchException has no definition of serialVersionUID
[WARNING] /home/runner/work/ratis/ratis/ratis-common/src/main/java/org/apache/ratis/protocol/exceptions/RaftRetryFailureException.java:[26,7] [serial] serializable class RaftRetryFailureException has no definition of serialVersionUID
[WARNING] /home/runner/work/ratis/ratis/ratis-common/src/main/java/org/apache/ratis/protocol/exceptions/ReconfigurationInProgressException.java:[1] [dangling-doc-comments] documentation comment is not attached to any declaration
[WARNING] /home/runner/work/ratis/ratis/ratis-common/src/main/java/org/apache/ratis/protocol/exceptions/ReconfigurationInProgressException.java:[20,7] [serial] serializable class ReconfigurationInProgressException has no definition of serialVersionUID
[WARNING] /home/runner/work/ratis/ratis/ratis-common/src/main/java/org/apache/ratis/protocol/exceptions/ReconfigurationTimeoutException.java:[1] [dangling-doc-comments] documentation comment is not attached to any declaration
[WARNING] /home/runner/work/ratis/ratis/ratis-common/src/main/java/org/apache/ratis/protocol/exceptions/ReconfigurationTimeoutException.java:[20,7] [serial] serializable class ReconfigurationTimeoutException has no definition of serialVersionUID
[WARNING] /home/runner/work/ratis/ratis/ratis-common/src/main/java/org/apache/ratis/protocol/exceptions/ResourceUnavailableException.java:[23,7] [serial] serializable class ResourceUnavailableException has no definition of serialVersionUID
[WARNING] /home/runner/work/ratis/ratis/ratis-common/src/main/java/org/apache/ratis/protocol/exceptions/SetConfigurationException.java:[20,7] [serial] serializable class SetConfigurationException has no definition of serialVersionUID
[WARNING] /home/runner/work/ratis/ratis/ratis-common/src/main/java/org/apache/ratis/protocol/exceptions/StaleReadException.java:[1] [dangling-doc-comments] documentation comment is not attached to any declaration
[WARNING] /home/runner/work/ratis/ratis/ratis-common/src/main/java/org/apache/ratis/protocol/exceptions/StaleReadException.java:[23,7] [serial] serializable class StaleReadException has no definition of serialVersionUID
[WARNING] /home/runner/work/ratis/ratis/ratis-common/src/main/java/org/apache/ratis/protocol/exceptions/StreamException.java:[23,7] [serial] serializable class StreamException has no definition of serialVersionUID
[WARNING] /home/runner/work/ratis/ratis/ratis-common/src/main/java/org/apache/ratis/rpc/SupportedRpcType.java:[1] [dangling-doc-comments] documentation comment is not attached to any declaration
[WARNING] /home/runner/work/ratis/ratis/ratis-common/src/main/java/org/apache/ratis/trace/TraceConfigKeys.java:[1] [dangling-doc-comments] documentation comment is not attached to any declaration
[WARNING] /home/runner/work/ratis/ratis/ratis-common/src/main/java/org/apache/ratis/util/CodeInjectionForTesting.java:[1] [dangling-doc-comments] documentation comment is not attached to any declaration
[WARNING] /home/runner/work/ratis/ratis/ratis-common/src/main/java/org/apache/ratis/util/DataBlockingQueue.java:[55,26] [try] auto-closeable resource auto is never referenced in body of corresponding try statement
[WARNING] /home/runner/work/ratis/ratis/ratis-common/src/main/java/org/apache/ratis/util/DataBlockingQueue.java:[62,26] [try] auto-closeable resource auto is never referenced in body of corresponding try statement
[WARNING] /home/runner/work/ratis/ratis/ratis-common/src/main/java/org/apache/ratis/util/DataBlockingQueue.java:[69,26] [try] auto-closeable resource auto is never referenced in body of corresponding try statement
[WARNING] /home/runner/work/ratis/ratis/ratis-common/src/main/java/org/apache/ratis/util/DataBlockingQueue.java:[78,26] [try] auto-closeable resource auto is never referenced in body of corresponding try statement
[WARNING] /home/runner/work/ratis/ratis/ratis-common/src/main/java/org/apache/ratis/util/DataBlockingQueue.java:[96,26] [try] auto-closeable resource auto is never referenced in body of corresponding try statement
[WARNING] /home/runner/work/ratis/ratis/ratis-common/src/main/java/org/apache/ratis/util/DataBlockingQueue.java:[113,26] [try] auto-closeable resource auto is never referenced in body of corresponding try statement
[WARNING] /home/runner/work/ratis/ratis/ratis-common/src/main/java/org/apache/ratis/util/DataBlockingQueue.java:[124,26] [try] auto-closeable resource auto is never referenced in body of corresponding try statement
[WARNING] /home/runner/work/ratis/ratis/ratis-common/src/main/java/org/apache/ratis/util/DataBlockingQueue.java:[138,26] [try] auto-closeable resource auto is never referenced in body of corresponding try statement
[WARNING] /home/runner/work/ratis/ratis/ratis-common/src/main/java/org/apache/ratis/util/DataBlockingQueue.java:[157,26] [try] auto-closeable resource auto is never referenced in body of corresponding try statement
[WARNING] /home/runner/work/ratis/ratis/ratis-common/src/main/java/org/apache/ratis/util/DataBlockingQueue.java:[168,26] [try] auto-closeable resource auto is never referenced in body of corresponding try statement
[WARNING] /home/runner/work/ratis/ratis/ratis-common/src/main/java/org/apache/ratis/util/LongMinMax.java:[1] [dangling-doc-comments] documentation comment is not attached to any declaration
[WARNING] /home/runner/work/ratis/ratis/ratis-common/src/main/java/org/apache/ratis/util/NetUtils.java:[197,26] [try] auto-closeable resource ignored is never referenced in body of corresponding try statement
[WARNING] /home/runner/work/ratis/ratis/ratis-common/src/main/java/org/apache/ratis/util/OpenCloseState.java:[27,17] [serial] serializable class OpenTrace has no definition of serialVersionUID
[WARNING] /home/runner/work/ratis/ratis/ratis-common/src/main/java/org/apache/ratis/util/OpenCloseState.java:[33,17] [serial] serializable class CloseTrace has no definition of serialVersionUID
[WARNING] /home/runner/work/ratis/ratis/ratis-common/src/main/java/org/apache/ratis/util/PureJavaCrc32C.java:[80,6] [fallthrough] possible fall-through into case
[WARNING] /home/runner/work/ratis/ratis/ratis-common/src/main/java/org/apache/ratis/util/PureJavaCrc32C.java:[81,6] [fallthrough] possible fall-through into case
[WARNING] /home/runner/work/ratis/ratis/ratis-common/src/main/java/org/apache/ratis/util/PureJavaCrc32C.java:[82,6] [fallthrough] possible fall-through into case
[WARNING] /home/runner/work/ratis/ratis/ratis-common/src/main/java/org/apache/ratis/util/PureJavaCrc32C.java:[83,6] [fallthrough] possible fall-through into case
[WARNING] /home/runner/work/ratis/ratis/ratis-common/src/main/java/org/apache/ratis/util/PureJavaCrc32C.java:[84,6] [fallthrough] possible fall-through into case
[WARNING] /home/runner/work/ratis/ratis/ratis-common/src/main/java/org/apache/ratis/util/PureJavaCrc32C.java:[85,6] [fallthrough] possible fall-through into case
[WARNING] /home/runner/work/ratis/ratis/ratis-common/src/main/java/org/apache/ratis/util/PureJavaCrc32C.java:[39,9] [this-escape] possible 'this' escape before subclass is fully initialized
[WARNING] /home/runner/work/ratis/ratis/ratis-common/src/main/java/org/apache/ratis/util/ResourceSemaphore.java:[31,7] [serial] serializable class ResourceSemaphore has no definition of serialVersionUID
[WARNING] /home/runner/work/ratis/ratis/ratis-common/src/main/java/org/apache/ratis/util/StringUtils.java:[1] [dangling-doc-comments] documentation comment is not attached to any declaration
[INFO] 
[INFO] --- resources:3.5.0:testResources (default-testResources) @ ratis-common ---
[INFO] Copying 2 resources from src/test/resources to target/test-classes
[INFO] Copying 3 resources from target/maven-shared-archive-resources to target/test-classes
[INFO] 
[INFO] --- compiler:3.15.0:testCompile (default-testCompile) @ ratis-common ---
[INFO] Compiling 12 source files with javac [forked debug release 8] to target/test-classes
[WARNING] /home/runner/work/ratis/ratis/ratis-common/src/test/java/org/apache/ratis/BaseTest.java:[135,35] [varargs] Varargs method could cause heap pollution from non-reifiable varargs parameter expectedCauseClasses
[WARNING] /home/runner/work/ratis/ratis/ratis-common/src/test/java/org/apache/ratis/util/TestNetUtils.java:[35,50] [deprecation] createLocalServerAddress(int) in NetUtils has been deprecated
[WARNING] /home/runner/work/ratis/ratis/ratis-common/src/test/java/org/apache/ratis/util/TestNetUtils.java:[52,22] [try] auto-closeable resource ignored is never referenced in body of corresponding try statement
[WARNING] /home/runner/work/ratis/ratis/ratis-common/src/test/java/org/apache/ratis/util/TestRefCountingMap.java:[1] [dangling-doc-comments] documentation comment is not attached to any declaration
[INFO] 
[INFO] --- surefire:3.5.6:test (default-test) @ ratis-common ---
[INFO] Using auto detected provider org.apache.maven.surefire.junitplatform.JUnitPlatformProvider
[INFO] Using auto detected provider org.apache.maven.surefire.junitplatform.JUnitPlatformProvider
[INFO] Using auto detected provider org.apache.maven.surefire.junitplatform.JUnitPlatformProvider
[INFO] 
[INFO] -------------------------------------------------------
[INFO]  T E S T S
[INFO] -------------------------------------------------------
[INFO] 
[INFO] Results:
[INFO] 
[INFO] Tests run: 0, Failures: 0, Errors: 0, Skipped: 0
[INFO] 
[INFO] 
[INFO] -------------------< org.apache.ratis:ratis-client >--------------------
[INFO] Building Apache Ratis Client 3.3.0-SNAPSHOT                       [5/20]
[INFO]   from ratis-client/pom.xml
[INFO] --------------------------------[ jar ]---------------------------------
[INFO] 
[INFO] --- enforcer:3.6.3:enforce (enforce-maven-version) @ ratis-client ---
[INFO] 
[INFO] --- enforcer:3.6.3:enforce (enforce-java-version) @ ratis-client ---
[INFO] 
[INFO] --- jacoco:0.8.15:prepare-agent (default-prepare-agent) @ ratis-client ---
[INFO] argLine set to -javaagent:/home/runner/.m2/repository/org/jacoco/org.jacoco.agent/0.8.15/org.jacoco.agent-0.8.15-runtime.jar=destfile=/home/runner/work/ratis/ratis/ratis-client/target/jacoco.exec,includes=org.apache.ratis.*
[INFO] 
[INFO] --- build-helper:3.6.1:add-source (add-source) @ ratis-client ---
[INFO] Source directory: /home/runner/work/ratis/ratis/ratis-client/target/generated-sources added.
[INFO] 
[INFO] --- enforcer:3.6.3:enforce (bannedImports-finalizers) @ ratis-client ---
[INFO] Rule 0: org.apache.maven.plugins.enforcer.RestrictImports passed
[INFO] 
[INFO] --- remote-resources:3.3.0:process (process-resource-bundles) @ ratis-client ---
[INFO] Preparing remote bundle org.apache.apache.resources:apache-jar-resource-bundle:1.8
[INFO] Copying 3 resources from 1 bundle.
[INFO] 
[INFO] --- hadoops:3.4.3:version-info (version-info) @ ratis-client ---
[INFO] SCM: GIT
[INFO] Computed MD5: d41d8cd98f0b24e980998ecf8427e
[INFO] 
[INFO] --- resources:3.5.0:resources (default-resources) @ ratis-client ---
[INFO] skip non existing resourceDirectory /home/runner/work/ratis/ratis/ratis-client/src/main/resources
[INFO] Copying 1 resource from ../src/main/resources to target/classes
[INFO] Copying 3 resources from target/maven-shared-archive-resources to target/classes
[INFO] 
[INFO] --- compiler:3.15.0:compile (default-compile) @ ratis-client ---
[INFO] Compiling 41 source files with javac [forked debug release 8] to target/classes
[WARNING] Cannot find annotation method 'replacement()' in type 'InlineMe': class file for com.google.errorprone.annotations.InlineMe not found
/home/runner/work/ratis/ratis/ratis-client/src/main/java/org/apache/ratis/client/ClientFactory.java:[1] [dangling-doc-comments] documentation comment is not attached to any declaration
[WARNING] /home/runner/work/ratis/ratis/ratis-client/src/main/java/org/apache/ratis/client/api/MessageOutputStream.java:[27,7] [try] auto-closeable resource MessageOutputStream has a member method close() that could throw InterruptedException
[WARNING] /home/runner/work/ratis/ratis/ratis-client/src/main/java/org/apache/ratis/client/api/DataStreamOutput.java:[33,7] [try] auto-closeable resource DataStreamOutput has a member method close() that could throw InterruptedException
[WARNING] /home/runner/work/ratis/ratis/ratis-client/src/main/java/org/apache/ratis/client/DataStreamOutputRpc.java:[26,7] [try] auto-closeable resource DataStreamOutputRpc has a member method close() that could throw InterruptedException
[WARNING] /home/runner/work/ratis/ratis/ratis-client/src/main/java/org/apache/ratis/client/impl/RaftClientImpl.java:[82,6] [deprecation] expireAfterAccess(long,TimeUnit) in CacheBuilder has been deprecated
  where K,V are type-variables:
    K extends Object declared in class CacheBuilder
    V extends Object declared in class CacheBuilder
[WARNING] /home/runner/work/ratis/ratis/ratis-client/src/main/java/org/apache/ratis/client/impl/MessageStreamImpl.java:[45,2] [try] auto-closeable resource MessageStreamImpl.MessageOutputStreamImpl has a member method close() that could throw InterruptedException
[WARNING] /home/runner/work/ratis/ratis/ratis-client/src/main/java/org/apache/ratis/client/impl/DataStreamClientImpl.java:[101,15] [try] auto-closeable resource DataStreamClientImpl.DataStreamOutputImpl has a member method close() that could throw InterruptedException
[WARNING] /home/runner/work/ratis/ratis/ratis-client/src/main/java/org/apache/ratis/client/impl/SnapshotManagementImpl.java:[1] [dangling-doc-comments] documentation comment is not attached to any declaration
[INFO] 
[INFO] --- resources:3.5.0:testResources (default-testResources) @ ratis-client ---
[INFO] skip non existing resourceDirectory /home/runner/work/ratis/ratis/ratis-client/src/test/resources
[INFO] Copying 3 resources from target/maven-shared-archive-resources to target/test-classes
[INFO] 
[INFO] --- compiler:3.15.0:testCompile (default-testCompile) @ ratis-client ---
[INFO] No sources to compile
[INFO] 
[INFO] --- surefire:3.5.6:test (default-test) @ ratis-client ---
[INFO] Skipped
[INFO] 
[INFO] -----------------< org.apache.ratis:ratis-server-api >------------------
[INFO] Building Apache Ratis Server API 3.3.0-SNAPSHOT                   [6/20]
[INFO]   from ratis-server-api/pom.xml
[INFO] --------------------------------[ jar ]---------------------------------
[INFO] 
[INFO] --- enforcer:3.6.3:enforce (enforce-maven-version) @ ratis-server-api ---
[INFO] 
[INFO] --- enforcer:3.6.3:enforce (enforce-java-version) @ ratis-server-api ---
[INFO] 
[INFO] --- jacoco:0.8.15:prepare-agent (default-prepare-agent) @ ratis-server-api ---
[INFO] argLine set to -javaagent:/home/runner/.m2/repository/org/jacoco/org.jacoco.agent/0.8.15/org.jacoco.agent-0.8.15-runtime.jar=destfile=/home/runner/work/ratis/ratis/ratis-server-api/target/jacoco.exec,includes=org.apache.ratis.*
[INFO] 
[INFO] --- build-helper:3.6.1:add-source (add-source) @ ratis-server-api ---
[INFO] Source directory: /home/runner/work/ratis/ratis/ratis-server-api/target/generated-sources added.
[INFO] 
[INFO] --- enforcer:3.6.3:enforce (bannedImports-finalizers) @ ratis-server-api ---
[INFO] Rule 0: org.apache.maven.plugins.enforcer.RestrictImports passed
[INFO] 
[INFO] --- remote-resources:3.3.0:process (process-resource-bundles) @ ratis-server-api ---
[INFO] Preparing remote bundle org.apache.apache.resources:apache-jar-resource-bundle:1.8
[INFO] Copying 3 resources from 1 bundle.
[INFO] 
[INFO] --- hadoops:3.4.3:version-info (version-info) @ ratis-server-api ---
[INFO] SCM: GIT
[INFO] Computed MD5: d41d8cd98f0b24e980998ecf8427e
[INFO] 
[INFO] --- resources:3.5.0:resources (default-resources) @ ratis-server-api ---
[INFO] skip non existing resourceDirectory /home/runner/work/ratis/ratis/ratis-server-api/src/main/resources
[INFO] Copying 1 resource from ../src/main/resources to target/classes
[INFO] Copying 3 resources from target/maven-shared-archive-resources to target/classes
[INFO] 
[INFO] --- compiler:3.15.0:compile (default-compile) @ ratis-server-api ---
[INFO] Compiling 39 source files with javac [forked debug release 8] to target/classes
[WARNING] Cannot find annotation method 'staticImports()' in type 'InlineMe'
/home/runner/work/ratis/ratis/ratis-server-api/src/main/java/org/apache/ratis/server/raftlog/RaftLogIOException.java:[25,7] [serial] serializable class RaftLogIOException has no definition of serialVersionUID
[WARNING] /home/runner/work/ratis/ratis/ratis-server-api/src/main/java/org/apache/ratis/server/RaftServerRpcWithProxy.java:[42,8] [this-escape] possible 'this' escape before subclass is fully initialized
[INFO] 
[INFO] --- resources:3.5.0:testResources (default-testResources) @ ratis-server-api ---
[INFO] skip non existing resourceDirectory /home/runner/work/ratis/ratis/ratis-server-api/src/test/resources
[INFO] Copying 3 resources from target/maven-shared-archive-resources to target/test-classes
[INFO] 
[INFO] --- compiler:3.15.0:testCompile (default-testCompile) @ ratis-server-api ---
[INFO] No sources to compile
[INFO] 
[INFO] --- surefire:3.5.6:test (default-test) @ ratis-server-api ---
[INFO] Skipped
[INFO] 
[INFO] -----------------< org.apache.ratis:ratis-metrics-api >-----------------
[INFO] Building Apache Ratis Metrics API 3.3.0-SNAPSHOT                  [7/20]
[INFO]   from ratis-metrics-api/pom.xml
[INFO] --------------------------------[ jar ]---------------------------------
[INFO] 
[INFO] --- enforcer:3.6.3:enforce (enforce-maven-version) @ ratis-metrics-api ---
[INFO] 
[INFO] --- enforcer:3.6.3:enforce (enforce-java-version) @ ratis-metrics-api ---
[INFO] 
[INFO] --- jacoco:0.8.15:prepare-agent (default-prepare-agent) @ ratis-metrics-api ---
[INFO] argLine set to -javaagent:/home/runner/.m2/repository/org/jacoco/org.jacoco.agent/0.8.15/org.jacoco.agent-0.8.15-runtime.jar=destfile=/home/runner/work/ratis/ratis/ratis-metrics-api/target/jacoco.exec,includes=org.apache.ratis.*
[INFO] 
[INFO] --- build-helper:3.6.1:add-source (add-source) @ ratis-metrics-api ---
[INFO] Source directory: /home/runner/work/ratis/ratis/ratis-metrics-api/target/generated-sources added.
[INFO] 
[INFO] --- enforcer:3.6.3:enforce (bannedImports-finalizers) @ ratis-metrics-api ---
[INFO] Rule 0: org.apache.maven.plugins.enforcer.RestrictImports passed
[INFO] 
[INFO] --- remote-resources:3.3.0:process (process-resource-bundles) @ ratis-metrics-api ---
[INFO] Preparing remote bundle org.apache.apache.resources:apache-jar-resource-bundle:1.8
[INFO] Copying 3 resources from 1 bundle.
[INFO] 
[INFO] --- hadoops:3.4.3:version-info (version-info) @ ratis-metrics-api ---
[INFO] SCM: GIT
[INFO] Computed MD5: d41d8cd98f0b24e980998ecf8427e
[INFO] 
[INFO] --- resources:3.5.0:resources (default-resources) @ ratis-metrics-api ---
[INFO] skip non existing resourceDirectory /home/runner/work/ratis/ratis/ratis-metrics-api/src/main/resources
[INFO] Copying 1 resource from ../src/main/resources to target/classes
[INFO] Copying 3 resources from target/maven-shared-archive-resources to target/classes
[INFO] 
[INFO] --- compiler:3.15.0:compile (default-compile) @ ratis-metrics-api ---
[INFO] Compiling 7 source files with javac [forked debug release 8] to target/classes
[WARNING] /home/runner/work/ratis/ratis/ratis-metrics-api/src/main/java/org/apache/ratis/metrics/MetricRegistries.java:[1] [dangling-doc-comments] documentation comment is not attached to any declaration
[WARNING] /home/runner/work/ratis/ratis/ratis-metrics-api/src/main/java/org/apache/ratis/metrics/RatisMetrics.java:[1] [dangling-doc-comments] documentation comment is not attached to any declaration
[INFO] 
[INFO] --- resources:3.5.0:testResources (default-testResources) @ ratis-metrics-api ---
[INFO] skip non existing resourceDirectory /home/runner/work/ratis/ratis/ratis-metrics-api/src/test/resources
[INFO] Copying 3 resources from target/maven-shared-archive-resources to target/test-classes
[INFO] 
[INFO] --- compiler:3.15.0:testCompile (default-testCompile) @ ratis-metrics-api ---
[INFO] No sources to compile
[INFO] 
[INFO] --- surefire:3.5.6:test (default-test) @ ratis-metrics-api ---
[INFO] Skipped
[INFO] 
[INFO] ---------------< org.apache.ratis:ratis-metrics-default >---------------
[INFO] Building Apache Ratis Metrics Default Implementation 3.3.0-SNAPSHOT [8/20]
[INFO]   from ratis-metrics-default/pom.xml
[INFO] --------------------------------[ jar ]---------------------------------
[INFO] 
[INFO] --- enforcer:3.6.3:enforce (enforce-maven-version) @ ratis-metrics-default ---
[INFO] 
[INFO] --- enforcer:3.6.3:enforce (enforce-java-version) @ ratis-metrics-default ---
[INFO] 
[INFO] --- jacoco:0.8.15:prepare-agent (default-prepare-agent) @ ratis-metrics-default ---
[INFO] argLine set to -javaagent:/home/runner/.m2/repository/org/jacoco/org.jacoco.agent/0.8.15/org.jacoco.agent-0.8.15-runtime.jar=destfile=/home/runner/work/ratis/ratis/ratis-metrics-default/target/jacoco.exec,includes=org.apache.ratis.*
[INFO] 
[INFO] --- build-helper:3.6.1:add-source (add-source) @ ratis-metrics-default ---
[INFO] Source directory: /home/runner/work/ratis/ratis/ratis-metrics-default/target/generated-sources added.
[INFO] 
[INFO] --- enforcer:3.6.3:enforce (bannedImports-finalizers) @ ratis-metrics-default ---
[INFO] Rule 0: org.apache.maven.plugins.enforcer.RestrictImports passed
[INFO] 
[INFO] --- remote-resources:3.3.0:process (process-resource-bundles) @ ratis-metrics-default ---
[INFO] Preparing remote bundle org.apache.apache.resources:apache-jar-resource-bundle:1.8
[INFO] Copying 3 resources from 1 bundle.
[INFO] 
[INFO] --- hadoops:3.4.3:version-info (version-info) @ ratis-metrics-default ---
[INFO] SCM: GIT
[INFO] Computed MD5: d41d8cd98f0b24e980998ecf8427e
[INFO] 
[INFO] --- resources:3.5.0:resources (default-resources) @ ratis-metrics-default ---
[INFO] Copying 1 resource from src/main/resources to target/classes
[INFO] Copying 1 resource from ../src/main/resources to target/classes
[INFO] Copying 3 resources from target/maven-shared-archive-resources to target/classes
[INFO] 
[INFO] --- compiler:3.15.0:compile (default-compile) @ ratis-metrics-default ---
[INFO] Compiling 7 source files with javac [forked debug release 8] to target/classes
[WARNING] /home/runner/work/ratis/ratis/ratis-metrics-default/src/main/java/org/apache/ratis/metrics/impl/MetricRegistriesImpl.java:[1] [dangling-doc-comments] documentation comment is not attached to any declaration
[WARNING] /home/runner/work/ratis/ratis/ratis-metrics-default/src/main/java/org/apache/ratis/metrics/impl/MetricRegistryFactoryImpl.java:[1] [dangling-doc-comments] documentation comment is not attached to any declaration
[WARNING] /home/runner/work/ratis/ratis/ratis-metrics-default/src/main/java/org/apache/ratis/metrics/impl/RatisMetricRegistryImpl.java:[108,27] [rawtypes] found raw type: Gauge
  missing type arguments for generic class Gauge<T>
  where T is a type-variable:
    T extends Object declared in interface Gauge
[WARNING] /home/runner/work/ratis/ratis/ratis-metrics-default/src/main/java/org/apache/ratis/metrics/impl/RatisObjectNameFactory.java:[1] [dangling-doc-comments] documentation comment is not attached to any declaration
[INFO] 
[INFO] --- resources:3.5.0:testResources (default-testResources) @ ratis-metrics-default ---
[INFO] skip non existing resourceDirectory /home/runner/work/ratis/ratis/ratis-metrics-default/src/test/resources
[INFO] Copying 3 resources from target/maven-shared-archive-resources to target/test-classes
[INFO] 
[INFO] --- compiler:3.15.0:testCompile (default-testCompile) @ ratis-metrics-default ---
[INFO] No sources to compile
[INFO] 
[INFO] --- surefire:3.5.6:test (default-test) @ ratis-metrics-default ---
[INFO] Using auto detected provider org.apache.maven.surefire.junitplatform.JUnitPlatformProvider
[INFO] 
[INFO] -------------------< org.apache.ratis:ratis-server >--------------------
[INFO] Building Apache Ratis Server 3.3.0-SNAPSHOT                       [9/20]
[INFO]   from ratis-server/pom.xml
[INFO] --------------------------------[ jar ]---------------------------------
[INFO] 
[INFO] --- enforcer:3.6.3:enforce (enforce-maven-version) @ ratis-server ---
[INFO] 
[INFO] --- enforcer:3.6.3:enforce (enforce-java-version) @ ratis-server ---
[INFO] 
[INFO] --- jacoco:0.8.15:prepare-agent (default-prepare-agent) @ ratis-server ---
[INFO] argLine set to -javaagent:/home/runner/.m2/repository/org/jacoco/org.jacoco.agent/0.8.15/org.jacoco.agent-0.8.15-runtime.jar=destfile=/home/runner/work/ratis/ratis/ratis-server/target/jacoco.exec,includes=org.apache.ratis.*
[INFO] 
[INFO] --- build-helper:3.6.1:add-source (add-source) @ ratis-server ---
[INFO] Source directory: /home/runner/work/ratis/ratis/ratis-server/target/generated-sources added.
[INFO] 
[INFO] --- enforcer:3.6.3:enforce (bannedImports-finalizers) @ ratis-server ---
[INFO] Rule 0: org.apache.maven.plugins.enforcer.RestrictImports passed
[INFO] 
[INFO] --- remote-resources:3.3.0:process (process-resource-bundles) @ ratis-server ---
[INFO] Preparing remote bundle org.apache.apache.resources:apache-jar-resource-bundle:1.8
[INFO] Copying 3 resources from 1 bundle.
[INFO] 
[INFO] --- hadoops:3.4.3:version-info (version-info) @ ratis-server ---
[INFO] SCM: GIT
[INFO] Computed MD5: d41d8cd98f0b24e980998ecf8427e
[INFO] 
[INFO] --- resources:3.5.0:resources (default-resources) @ ratis-server ---
[INFO] skip non existing resourceDirectory /home/runner/work/ratis/ratis/ratis-server/src/main/resources
[INFO] Copying 1 resource from ../src/main/resources to target/classes
[INFO] Copying 3 resources from target/maven-shared-archive-resources to target/classes
[INFO] 
[INFO] --- compiler:3.15.0:compile (default-compile) @ ratis-server ---
[INFO] Compiling 75 source files with javac [forked debug release 8] to target/classes
[WARNING] Cannot find annotation method 'replacement()' in type 'InlineMe': class file for com.google.errorprone.annotations.InlineMe not found
/home/runner/work/ratis/ratis/ratis-server/src/main/java/org/apache/ratis/server/impl/LeaderElection.java:[380,23] [try] auto-closeable resource ignored is never referenced in body of corresponding try statement
[WARNING] /home/runner/work/ratis/ratis/ratis-server/src/main/java/org/apache/ratis/server/impl/RetryCacheImpl.java:[184,8] [deprecation] expireAfterWrite(long,TimeUnit) in CacheBuilder has been deprecated
  where K,V are type-variables:
    K extends Object declared in class CacheBuilder
    V extends Object declared in class CacheBuilder
[WARNING] /home/runner/work/ratis/ratis/ratis-server/src/main/java/org/apache/ratis/server/impl/WriteIndexCache.java:[45,8] [deprecation] expireAfterAccess(long,TimeUnit) in CacheBuilder has been deprecated
  where K,V are type-variables:
    K extends Object declared in class CacheBuilder
    V extends Object declared in class CacheBuilder
[WARNING] /home/runner/work/ratis/ratis/ratis-server/src/main/java/org/apache/ratis/server/impl/LeaderStateImpl.java:[1365,44] [deprecation] notifyFollowerSlowness(RoleInfoProto) in LeaderEventApi has been deprecated
[WARNING] /home/runner/work/ratis/ratis/ratis-server/src/main/java/org/apache/ratis/server/impl/LeaderTracer.java:[44,29] [try] auto-closeable resource ignored is never referenced in body of corresponding try statement
[WARNING] /home/runner/work/ratis/ratis/ratis-server/src/main/java/org/apache/ratis/server/impl/LeaderTracer.java:[55,29] [try] auto-closeable resource ignored is never referenced in body of corresponding try statement
[WARNING] /home/runner/work/ratis/ratis/ratis-server/src/main/java/org/apache/ratis/server/impl/LeaderTracer.java:[61,29] [try] auto-closeable resource ignored is never referenced in body of corresponding try statement
[WARNING] /home/runner/work/ratis/ratis/ratis-server/src/main/java/org/apache/ratis/server/impl/LeaderTracer.java:[67,29] [try] auto-closeable resource ignored is never referenced in body of corresponding try statement
[WARNING] /home/runner/work/ratis/ratis/ratis-server/src/main/java/org/apache/ratis/server/impl/StateMachineUpdater.java:[290,33] [try] auto-closeable resource ignored is never referenced in body of corresponding try statement
[WARNING] /home/runner/work/ratis/ratis/ratis-server/src/main/java/org/apache/ratis/server/leader/LogAppenderBase.java:[76,34] [this-escape] possible 'this' escape before subclass is fully initialized
[WARNING] /home/runner/work/ratis/ratis/ratis-server/src/main/java/org/apache/ratis/server/metrics/RaftLogMetricsBase.java:[37,61] [this-escape] possible 'this' escape before subclass is fully initialized
[WARNING] /home/runner/work/ratis/ratis/ratis-server/src/main/java/org/apache/ratis/server/metrics/RaftLogMetricsBase.java:[38,63] [this-escape] possible 'this' escape before subclass is fully initialized
[WARNING] /home/runner/work/ratis/ratis/ratis-server/src/main/java/org/apache/ratis/server/metrics/RaftLogMetricsBase.java:[39,67] [this-escape] possible 'this' escape before subclass is fully initialized
[WARNING] /home/runner/work/ratis/ratis/ratis-server/src/main/java/org/apache/ratis/server/metrics/SegmentedRaftLogMetrics.java:[34,2] [dangling-doc-comments] documentation comment is not attached to any declaration
[WARNING] /home/runner/work/ratis/ratis/ratis-server/src/main/java/org/apache/ratis/server/metrics/SegmentedRaftLogMetrics.java:[32,2] [dangling-doc-comments] documentation comment is not attached to any declaration
[WARNING] /home/runner/work/ratis/ratis/ratis-server/src/main/java/org/apache/ratis/server/metrics/SegmentedRaftLogMetrics.java:[78,2] [dangling-doc-comments] documentation comment is not attached to any declaration
[WARNING] /home/runner/work/ratis/ratis/ratis-server/src/main/java/org/apache/ratis/server/metrics/SegmentedRaftLogMetrics.java:[76,2] [dangling-doc-comments] documentation comment is not attached to any declaration
[WARNING] /home/runner/work/ratis/ratis/ratis-server/src/main/java/org/apache/ratis/server/metrics/SegmentedRaftLogMetrics.java:[84,51] [this-escape] possible 'this' escape before subclass is fully initialized
[WARNING] /home/runner/work/ratis/ratis/ratis-server/src/main/java/org/apache/ratis/server/metrics/SegmentedRaftLogMetrics.java:[85,50] [this-escape] possible 'this' escape before subclass is fully initialized
[WARNING] /home/runner/work/ratis/ratis/ratis-server/src/main/java/org/apache/ratis/server/metrics/SegmentedRaftLogMetrics.java:[86,54] [this-escape] possible 'this' escape before subclass is fully initialized
[WARNING] /home/runner/work/ratis/ratis/ratis-server/src/main/java/org/apache/ratis/server/metrics/SegmentedRaftLogMetrics.java:[87,58] [this-escape] possible 'this' escape before subclass is fully initialized
[WARNING] /home/runner/work/ratis/ratis/ratis-server/src/main/java/org/apache/ratis/server/metrics/SegmentedRaftLogMetrics.java:[89,57] [this-escape] possible 'this' escape before subclass is fully initialized
[WARNING] /home/runner/work/ratis/ratis/ratis-server/src/main/java/org/apache/ratis/server/metrics/SegmentedRaftLogMetrics.java:[90,55] [this-escape] possible 'this' escape before subclass is fully initialized
[WARNING] /home/runner/work/ratis/ratis/ratis-server/src/main/java/org/apache/ratis/server/metrics/SegmentedRaftLogMetrics.java:[91,57] [this-escape] possible 'this' escape before subclass is fully initialized
[WARNING] /home/runner/work/ratis/ratis/ratis-server/src/main/java/org/apache/ratis/server/metrics/SegmentedRaftLogMetrics.java:[92,51] [this-escape] possible 'this' escape before subclass is fully initialized
[WARNING] /home/runner/work/ratis/ratis/ratis-server/src/main/java/org/apache/ratis/server/metrics/SegmentedRaftLogMetrics.java:[94,55] [this-escape] possible 'this' escape before subclass is fully initialized
[WARNING] /home/runner/work/ratis/ratis/ratis-server/src/main/java/org/apache/ratis/server/metrics/SegmentedRaftLogMetrics.java:[95,55] [this-escape] possible 'this' escape before subclass is fully initialized
[WARNING] /home/runner/work/ratis/ratis/ratis-server/src/main/java/org/apache/ratis/server/metrics/SegmentedRaftLogMetrics.java:[96,58] [this-escape] possible 'this' escape before subclass is fully initialized
[WARNING] /home/runner/work/ratis/ratis/ratis-server/src/main/java/org/apache/ratis/server/metrics/SegmentedRaftLogMetrics.java:[97,52] [this-escape] possible 'this' escape before subclass is fully initialized
[WARNING] /home/runner/work/ratis/ratis/ratis-server/src/main/java/org/apache/ratis/server/metrics/SegmentedRaftLogMetrics.java:[99,73] [this-escape] possible 'this' escape before subclass is fully initialized
[WARNING] /home/runner/work/ratis/ratis/ratis-server/src/main/java/org/apache/ratis/server/metrics/SegmentedRaftLogMetrics.java:[101,72] [this-escape] possible 'this' escape before subclass is fully initialized
[WARNING] /home/runner/work/ratis/ratis/ratis-server/src/main/java/org/apache/ratis/server/raftlog/RaftLogBase.java:[123,26] [try] auto-closeable resource writeLock is never referenced in body of corresponding try statement
[WARNING] /home/runner/work/ratis/ratis/ratis-server/src/main/java/org/apache/ratis/server/raftlog/RaftLogBase.java:[156,26] [try] auto-closeable resource writeLock is never referenced in body of corresponding try statement
[WARNING] /home/runner/work/ratis/ratis/ratis-server/src/main/java/org/apache/ratis/server/raftlog/RaftLogBase.java:[175,26] [try] auto-closeable resource writeLock is never referenced in body of corresponding try statement
[WARNING] /home/runner/work/ratis/ratis/ratis-server/src/main/java/org/apache/ratis/server/raftlog/RaftLogBase.java:[229,26] [try] auto-closeable resource writeLock is never referenced in body of corresponding try statement
[WARNING] /home/runner/work/ratis/ratis/ratis-server/src/main/java/org/apache/ratis/server/raftlog/RaftLogBase.java:[255,26] [try] auto-closeable resource writeLock is never referenced in body of corresponding try statement
[WARNING] /home/runner/work/ratis/ratis/ratis-server/src/main/java/org/apache/ratis/server/raftlog/RaftLogBase.java:[76,43] [this-escape] possible 'this' escape before subclass is fully initialized
[WARNING] /home/runner/work/ratis/ratis/ratis-server/src/main/java/org/apache/ratis/server/raftlog/RaftLogBase.java:[96,43] [this-escape] possible 'this' escape before subclass is fully initialized
[WARNING] /home/runner/work/ratis/ratis/ratis-server/src/main/java/org/apache/ratis/server/raftlog/memory/MemoryRaftLog.java:[105,26] [try] auto-closeable resource readLock is never referenced in body of corresponding try statement
[WARNING] /home/runner/work/ratis/ratis/ratis-server/src/main/java/org/apache/ratis/server/raftlog/memory/MemoryRaftLog.java:[118,26] [try] auto-closeable resource readLock is never referenced in body of corresponding try statement
[WARNING] /home/runner/work/ratis/ratis/ratis-server/src/main/java/org/apache/ratis/server/raftlog/memory/MemoryRaftLog.java:[126,26] [try] auto-closeable resource readLock is never referenced in body of corresponding try statement
[WARNING] /home/runner/work/ratis/ratis/ratis-server/src/main/java/org/apache/ratis/server/raftlog/memory/MemoryRaftLog.java:[143,26] [try] auto-closeable resource writeLock is never referenced in body of corresponding try statement
[WARNING] /home/runner/work/ratis/ratis/ratis-server/src/main/java/org/apache/ratis/server/raftlog/memory/MemoryRaftLog.java:[153,27] [try] auto-closeable resource writeLock is never referenced in body of corresponding try statement
[WARNING] /home/runner/work/ratis/ratis/ratis-server/src/main/java/org/apache/ratis/server/raftlog/memory/MemoryRaftLog.java:[163,26] [try] auto-closeable resource readLock is never referenced in body of corresponding try statement
[WARNING] /home/runner/work/ratis/ratis/ratis-server/src/main/java/org/apache/ratis/server/raftlog/memory/MemoryRaftLog.java:[171,26] [try] auto-closeable resource writeLock is never referenced in body of corresponding try statement
[WARNING] /home/runner/work/ratis/ratis/ratis-server/src/main/java/org/apache/ratis/server/raftlog/memory/MemoryRaftLog.java:[189,26] [try] auto-closeable resource writeLock is never referenced in body of corresponding try statement
[WARNING] Cannot find annotation method 'value()' in type 'DoNotMock'
/home/runner/work/ratis/ratis/ratis-server/src/main/java/org/apache/ratis/server/raftlog/segmented/SegmentedRaftLogCache.java:[590,27] [try] auto-closeable resource readLock is never referenced in body of corresponding try statement
[WARNING] /home/runner/work/ratis/ratis/ratis-server/src/main/java/org/apache/ratis/server/raftlog/segmented/SegmentedRaftLogCache.java:[600,27] [try] auto-closeable resource readLock is never referenced in body of corresponding try statement
[WARNING] /home/runner/work/ratis/ratis/ratis-server/src/main/java/org/apache/ratis/server/raftlog/segmented/SegmentedRaftLogCache.java:[609,27] [try] auto-closeable resource readLock is never referenced in body of corresponding try statement
[WARNING] /home/runner/work/ratis/ratis/ratis-server/src/main/java/org/apache/ratis/server/raftlog/segmented/SegmentedRaftLogCache.java:[616,27] [try] auto-closeable resource readLock is never referenced in body of corresponding try statement
[WARNING] /home/runner/work/ratis/ratis/ratis-server/src/main/java/org/apache/ratis/server/raftlog/segmented/SegmentedRaftLogCache.java:[675,26] [try] auto-closeable resource readLock is never referenced in body of corresponding try statement
[WARNING] /home/runner/work/ratis/ratis/ratis-server/src/main/java/org/apache/ratis/server/raftlog/segmented/SegmentedRaftLogCache.java:[249,28] [try] auto-closeable resource readLock is never referenced in body of corresponding try statement
[WARNING] /home/runner/work/ratis/ratis/ratis-server/src/main/java/org/apache/ratis/server/raftlog/segmented/SegmentedRaftLogCache.java:[259,28] [try] auto-closeable resource readLock is never referenced in body of corresponding try statement
[WARNING] /home/runner/work/ratis/ratis/ratis-server/src/main/java/org/apache/ratis/server/raftlog/segmented/SegmentedRaftLogCache.java:[265,28] [try] auto-closeable resource readLock is never referenced in body of corresponding try statement
[WARNING] /home/runner/work/ratis/ratis/ratis-server/src/main/java/org/apache/ratis/server/raftlog/segmented/SegmentedRaftLogCache.java:[276,28] [try] auto-closeable resource readLock is never referenced in body of corresponding try statement
[WARNING] /home/runner/work/ratis/ratis/ratis-server/src/main/java/org/apache/ratis/server/raftlog/segmented/SegmentedRaftLogCache.java:[299,28] [try] auto-closeable resource writeLock is never referenced in body of corresponding try statement
[WARNING] /home/runner/work/ratis/ratis/ratis-server/src/main/java/org/apache/ratis/server/raftlog/segmented/SegmentedRaftLogCache.java:[306,28] [try] auto-closeable resource writeLock is never referenced in body of corresponding try statement
[WARNING] /home/runner/work/ratis/ratis/ratis-server/src/main/java/org/apache/ratis/server/raftlog/segmented/SegmentedRaftLogCache.java:[315,28] [try] auto-closeable resource writeLock is never referenced in body of corresponding try statement
[WARNING] /home/runner/work/ratis/ratis/ratis-server/src/main/java/org/apache/ratis/server/raftlog/segmented/SegmentedRaftLogCache.java:[365,29] [try] auto-closeable resource writeLock is never referenced in body of corresponding try statement
[WARNING] /home/runner/work/ratis/ratis/ratis-server/src/main/java/org/apache/ratis/server/raftlog/segmented/CacheInvalidationPolicy.java:[52,28] [try] auto-closeable resource readLock is never referenced in body of corresponding try statement
[WARNING] /home/runner/work/ratis/ratis/ratis-server/src/main/java/org/apache/ratis/server/raftlog/segmented/SegmentedRaftLog.java:[262,35] [try] auto-closeable resource ignored is never referenced in body of corresponding try statement
[WARNING] /home/runner/work/ratis/ratis/ratis-server/src/main/java/org/apache/ratis/server/raftlog/segmented/SegmentedRaftLog.java:[250,26] [try] auto-closeable resource writeLock is never referenced in body of corresponding try statement
[WARNING] /home/runner/work/ratis/ratis/ratis-server/src/main/java/org/apache/ratis/server/raftlog/segmented/SegmentedRaftLog.java:[284,27] [try] auto-closeable resource readLock is never referenced in body of corresponding try statement
[WARNING] /home/runner/work/ratis/ratis/ratis-server/src/main/java/org/apache/ratis/server/raftlog/segmented/SegmentedRaftLog.java:[334,29] [try] auto-closeable resource ignored is never referenced in body of corresponding try statement
[WARNING] /home/runner/work/ratis/ratis/ratis-server/src/main/java/org/apache/ratis/server/raftlog/segmented/SegmentedRaftLog.java:[347,26] [try] auto-closeable resource readLock is never referenced in body of corresponding try statement
[WARNING] /home/runner/work/ratis/ratis/ratis-server/src/main/java/org/apache/ratis/server/raftlog/segmented/SegmentedRaftLog.java:[355,26] [try] auto-closeable resource readLock is never referenced in body of corresponding try statement
[WARNING] /home/runner/work/ratis/ratis/ratis-server/src/main/java/org/apache/ratis/server/raftlog/segmented/SegmentedRaftLog.java:[363,26] [try] auto-closeable resource readLock is never referenced in body of corresponding try statement
[WARNING] /home/runner/work/ratis/ratis/ratis-server/src/main/java/org/apache/ratis/server/raftlog/segmented/SegmentedRaftLog.java:[371,26] [try] auto-closeable resource writeLock is never referenced in body of corresponding try statement
[WARNING] /home/runner/work/ratis/ratis/ratis-server/src/main/java/org/apache/ratis/server/raftlog/segmented/SegmentedRaftLog.java:[384,27] [try] auto-closeable resource writeLock is never referenced in body of corresponding try statement
[WARNING] /home/runner/work/ratis/ratis/ratis-server/src/main/java/org/apache/ratis/server/raftlog/segmented/SegmentedRaftLog.java:[403,26] [try] auto-closeable resource writeLock is never referenced in body of corresponding try statement
[WARNING] /home/runner/work/ratis/ratis/ratis-server/src/main/java/org/apache/ratis/server/raftlog/segmented/SegmentedRaftLog.java:[469,26] [try] auto-closeable resource writeLock is never referenced in body of corresponding try statement
[WARNING] /home/runner/work/ratis/ratis/ratis-server/src/main/java/org/apache/ratis/server/raftlog/segmented/SegmentedRaftLog.java:[534,26] [try] auto-closeable resource writeLock is never referenced in body of corresponding try statement
[WARNING] /home/runner/work/ratis/ratis/ratis-server/src/main/java/org/apache/ratis/server/raftlog/segmented/SegmentedRaftLogWorker.java:[279,31] [try] auto-closeable resource ignored is never referenced in body of corresponding try statement
[WARNING] /home/runner/work/ratis/ratis/ratis-server/src/main/java/org/apache/ratis/server/raftlog/segmented/SegmentedRaftLogWorker.java:[316,42] [try] auto-closeable resource ignored is never referenced in body of corresponding try statement
[WARNING] /home/runner/work/ratis/ratis/ratis-server/src/main/java/org/apache/ratis/server/raftlog/segmented/SegmentedRaftLogWorker.java:[372,33] [try] auto-closeable resource ignored is never referenced in body of corresponding try statement
[WARNING] /home/runner/work/ratis/ratis/ratis-server/src/main/java/org/apache/ratis/server/raftlog/segmented/SegmentedRaftLogWorker.java:[413,31] [try] auto-closeable resource ignored is never referenced in body of corresponding try statement
[WARNING] /home/runner/work/ratis/ratis/ratis-server/src/main/java/org/apache/ratis/server/raftlog/segmented/SegmentedRaftLogWorker.java:[480,35] [try] auto-closeable resource ignored is never referenced in body of corresponding try statement
[WARNING] /home/runner/work/ratis/ratis/ratis-server/src/main/java/org/apache/ratis/server/raftlog/segmented/SegmentedRaftLogOutputStream.java:[68,28] [this-escape] possible 'this' escape before subclass is fully initialized
[WARNING] /home/runner/work/ratis/ratis/ratis-server/src/main/java/org/apache/ratis/server/raftlog/segmented/SegmentedRaftLogOutputStream.java:[165,37] [this-escape] previous possible 'this' escape happens here via invocation
[WARNING] /home/runner/work/ratis/ratis/ratis-server/src/main/java/org/apache/ratis/server/raftlog/segmented/SegmentedRaftLogReader.java:[219,22] [try] auto-closeable resource ignored is never referenced in body of corresponding try statement
[WARNING] /home/runner/work/ratis/ratis/ratis-server/src/main/java/org/apache/ratis/statemachine/impl/BaseStateMachine.java:[66,27] [this-escape] possible 'this' escape before subclass is fully initialized
[INFO] 
[INFO] --- resources:3.5.0:testResources (default-testResources) @ ratis-server ---
[INFO] skip non existing resourceDirectory /home/runner/work/ratis/ratis/ratis-server/src/test/resources
[INFO] Copying 3 resources from target/maven-shared-archive-resources to target/test-classes
[INFO] 
[INFO] --- compiler:3.15.0:testCompile (default-testCompile) @ ratis-server ---
[INFO] Compiling 53 source files with javac [forked debug release 8] to target/test-classes
[WARNING] /home/runner/work/ratis/ratis/ratis-server/src/test/java/org/apache/ratis/InstallSnapshotFromLeaderTests.java:[71,45] [this-escape] possible 'this' escape before subclass is fully initialized
[WARNING] /home/runner/work/ratis/ratis/ratis-server/src/test/java/org/apache/ratis/statemachine/impl/SimpleStateMachine4Testing.java:[173,89] [this-escape] possible 'this' escape before subclass is fully initialized
[WARNING] /home/runner/work/ratis/ratis/ratis-server/src/test/java/org/apache/ratis/RaftTestUtil.java:[574,26] [try] auto-closeable resource readLock is never referenced in body of corresponding try statement
[WARNING] /home/runner/work/ratis/ratis/ratis-server/src/test/java/org/apache/ratis/server/impl/DelayLocalExecutionInjection.java:[35,42] [this-escape] possible 'this' escape before subclass is fully initialized
[WARNING] /home/runner/work/ratis/ratis/ratis-server/src/test/java/org/apache/ratis/InstallSnapshotNotificationTests.java:[72,45] [this-escape] possible 'this' escape before subclass is fully initialized
[WARNING] /home/runner/work/ratis/ratis/ratis-server/src/test/java/org/apache/ratis/LogAppenderTests.java:[151,22] [rawtypes] found raw type: Gauge
  missing type arguments for generic class Gauge<T>
  where T is a type-variable:
    T extends Object declared in interface Gauge
[WARNING] /home/runner/work/ratis/ratis/ratis-server/src/test/java/org/apache/ratis/LogAppenderTests.java:[157,6] [rawtypes] found raw type: Gauge
  missing type arguments for generic class Gauge<T>
  where T is a type-variable:
    T extends Object declared in interface Gauge
[WARNING] /home/runner/work/ratis/ratis/ratis-server/src/test/java/org/apache/ratis/LogAppenderTests.java:[157,83] [rawtypes] found raw type: Gauge
  missing type arguments for generic class Gauge<T>
  where T is a type-variable:
    T extends Object declared in interface Gauge
[WARNING] /home/runner/work/ratis/ratis/ratis-server/src/test/java/org/apache/ratis/LogAppenderTests.java:[70,45] [this-escape] possible 'this' escape before subclass is fully initialized
[WARNING] /home/runner/work/ratis/ratis/ratis-server/src/test/java/org/apache/ratis/MessageStreamApiTests.java:[66,28] [try] auto-closeable resource MessageOutputStream has a member method close() that could throw InterruptedException
[WARNING] /home/runner/work/ratis/ratis/ratis-server/src/test/java/org/apache/ratis/RaftAsyncExceptionTests.java:[50,17] [this-escape] possible 'this' escape before subclass is fully initialized
[WARNING] /home/runner/work/ratis/ratis/ratis-server/src/test/java/org/apache/ratis/RaftAsyncTests.java:[220,4] [rawtypes] found raw type: CompletableFuture
  missing type arguments for generic class CompletableFuture<T>
  where T is a type-variable:
    T extends Object declared in class CompletableFuture
[WARNING] /home/runner/work/ratis/ratis/ratis-server/src/test/java/org/apache/ratis/RaftAsyncTests.java:[220,38] [rawtypes] found raw type: CompletableFuture
  missing type arguments for generic class CompletableFuture<T>
  where T is a type-variable:
    T extends Object declared in class CompletableFuture
[WARNING] /home/runner/work/ratis/ratis/ratis-server/src/test/java/org/apache/ratis/RaftAsyncTests.java:[87,17] [this-escape] possible 'this' escape before subclass is fully initialized
[WARNING] /home/runner/work/ratis/ratis/ratis-server/src/test/java/org/apache/ratis/RaftBasicTests.java:[502,6] [rawtypes] found raw type: Gauge
  missing type arguments for generic class Gauge<T>
  where T is a type-variable:
    T extends Object declared in interface Gauge
[WARNING] /home/runner/work/ratis/ratis/ratis-server/src/test/java/org/apache/ratis/RaftBasicTests.java:[504,6] [rawtypes] found raw type: Gauge
  missing type arguments for generic class Gauge<T>
  where T is a type-variable:
    T extends Object declared in interface Gauge
[WARNING] /home/runner/work/ratis/ratis/ratis-server/src/test/java/org/apache/ratis/RaftBasicTests.java:[533,4] [rawtypes] found raw type: Gauge
  missing type arguments for generic class Gauge<T>
  where T is a type-variable:
    T extends Object declared in interface Gauge
[WARNING] /home/runner/work/ratis/ratis/ratis-server/src/test/java/org/apache/ratis/RaftBasicTests.java:[537,6] [rawtypes] found raw type: Gauge
  missing type arguments for generic class Gauge<T>
  where T is a type-variable:
    T extends Object declared in interface Gauge
[WARNING] /home/runner/work/ratis/ratis/ratis-server/src/test/java/org/apache/ratis/RaftBasicTests.java:[540,6] [rawtypes] found raw type: Gauge
  missing type arguments for generic class Gauge<T>
  where T is a type-variable:
    T extends Object declared in interface Gauge
[WARNING] /home/runner/work/ratis/ratis/ratis-server/src/test/java/org/apache/ratis/RaftBasicTests.java:[547,17] [rawtypes] found raw type: Gauge
  missing type arguments for generic class Gauge<T>
  where T is a type-variable:
    T extends Object declared in interface Gauge
[WARNING] /home/runner/work/ratis/ratis/ratis-server/src/test/java/org/apache/ratis/RaftBasicTests.java:[83,63] [this-escape] possible 'this' escape before subclass is fully initialized
[WARNING] /home/runner/work/ratis/ratis/ratis-server/src/test/java/org/apache/ratis/RaftExceptionBaseTest.java:[59,70] [this-escape] possible 'this' escape before subclass is fully initialized
[WARNING] /home/runner/work/ratis/ratis/ratis-server/src/test/java/org/apache/ratis/RequestLimitAsyncBaseTest.java:[56,44] [this-escape] possible 'this' escape before subclass is fully initialized
[WARNING] /home/runner/work/ratis/ratis/ratis-server/src/test/java/org/apache/ratis/TestReConfigProperty.java:[46,17] [this-escape] possible 'this' escape before subclass is fully initialized
[WARNING] /home/runner/work/ratis/ratis/ratis-server/src/test/java/org/apache/ratis/server/impl/PreAppendLeaderStepDownTest.java:[69,45] [this-escape] possible 'this' escape before subclass is fully initialized
[WARNING] /home/runner/work/ratis/ratis/ratis-server/src/test/java/org/apache/ratis/server/impl/RaftReconfigurationBaseTest.java:[83,59] [this-escape] possible 'this' escape before subclass is fully initialized
[WARNING] /home/runner/work/ratis/ratis/ratis-server/src/test/java/org/apache/ratis/server/impl/RaftStateMachineExceptionTests.java:[86,45] [this-escape] possible 'this' escape before subclass is fully initialized
[WARNING] /home/runner/work/ratis/ratis/ratis-server/src/test/java/org/apache/ratis/server/impl/TestLogAppenderMetrics.java:[56,4] [rawtypes] found raw type: Gauge
  missing type arguments for generic class Gauge<T>
  where T is a type-variable:
    T extends Object declared in interface Gauge
[WARNING] /home/runner/work/ratis/ratis/ratis-server/src/test/java/org/apache/ratis/server/impl/TestLogAppenderMetrics.java:[59,4] [rawtypes] found raw type: Gauge
  missing type arguments for generic class Gauge<T>
  where T is a type-variable:
    T extends Object declared in interface Gauge
[WARNING] /home/runner/work/ratis/ratis/ratis-server/src/test/java/org/apache/ratis/server/impl/TestLogAppenderMetrics.java:[62,4] [rawtypes] found raw type: Gauge
  missing type arguments for generic class Gauge<T>
  where T is a type-variable:
    T extends Object declared in interface Gauge
[WARNING] /home/runner/work/ratis/ratis/ratis-server/src/test/java/org/apache/ratis/server/impl/TestRetryCacheMetrics.java:[115,24] [rawtypes] found raw type: Gauge
  missing type arguments for generic class Gauge<T>
  where T is a type-variable:
    T extends Object declared in interface Gauge
[WARNING] /home/runner/work/ratis/ratis/ratis-server/src/test/java/org/apache/ratis/server/impl/TestRetryCacheMetrics.java:[118,30] [rawtypes] found raw type: Gauge
  missing type arguments for generic class Gauge<T>
  where T is a type-variable:
    T extends Object declared in interface Gauge
[WARNING] /home/runner/work/ratis/ratis/ratis-server/src/test/java/org/apache/ratis/server/metrics/ServerMetricsTestUtils.java:[31,9] [rawtypes] found raw type: Gauge
  missing type arguments for generic class Gauge<T>
  where T is a type-variable:
    T extends Object declared in interface Gauge
[WARNING] /home/runner/work/ratis/ratis/ratis-server/src/test/java/org/apache/ratis/server/metrics/ServerMetricsTestUtils.java:[32,28] [rawtypes] found raw type: Gauge
  missing type arguments for generic class Gauge<T>
  where T is a type-variable:
    T extends Object declared in interface Gauge
[WARNING] /home/runner/work/ratis/ratis/ratis-server/src/test/java/org/apache/ratis/server/metrics/ServerMetricsTestUtils.java:[41,9] [rawtypes] found raw type: Gauge
  missing type arguments for generic class Gauge<T>
  where T is a type-variable:
    T extends Object declared in interface Gauge
[WARNING] /home/runner/work/ratis/ratis/ratis-server/src/test/java/org/apache/ratis/server/metrics/ServerMetricsTestUtils.java:[49,28] [rawtypes] found raw type: Gauge
  missing type arguments for generic class Gauge<T>
  where T is a type-variable:
    T extends Object declared in interface Gauge
[WARNING] /home/runner/work/ratis/ratis/ratis-server/src/test/java/org/apache/ratis/server/metrics/TestLeaderElectionMetrics.java:[57,28] [rawtypes] found raw type: Gauge
  missing type arguments for generic class Gauge<T>
  where T is a type-variable:
    T extends Object declared in interface Gauge
[WARNING] /home/runner/work/ratis/ratis/ratis-server/src/test/java/org/apache/ratis/server/simulation/RaftServerRequest.java:[1] [dangling-doc-comments] documentation comment is not attached to any declaration
[WARNING] /home/runner/work/ratis/ratis/ratis-server/src/test/java/org/apache/ratis/server/simulation/RaftServerReply.java:[1] [dangling-doc-comments] documentation comment is not attached to any declaration
[WARNING] /home/runner/work/ratis/ratis/ratis-server/src/test/java/org/apache/ratis/server/simulation/RequestHandler.java:[1] [dangling-doc-comments] documentation comment is not attached to any declaration
[WARNING] /home/runner/work/ratis/ratis/ratis-server/src/test/java/org/apache/ratis/server/storage/RaftStorageTestUtils.java:[63,26] [try] auto-closeable resource readlock is never referenced in body of corresponding try statement
[WARNING] /home/runner/work/ratis/ratis/ratis-server/src/test/java/org/apache/ratis/statemachine/RaftSnapshotBaseTest.java:[74,42] [this-escape] possible 'this' escape before subclass is fully initialized
[INFO] 
[INFO] --- surefire:3.5.6:test (default-test) @ ratis-server ---
[INFO] Using auto detected provider org.apache.maven.surefire.junitplatform.JUnitPlatformProvider
[INFO] Using auto detected provider org.apache.maven.surefire.junitplatform.JUnitPlatformProvider
[INFO] Using auto detected provider org.apache.maven.surefire.junitplatform.JUnitPlatformProvider
[INFO] 
[INFO] -------------------------------------------------------
[INFO]  T E S T S
[INFO] -------------------------------------------------------
[INFO] 
[INFO] Results:
[INFO] 
[INFO] Tests run: 0, Failures: 0, Errors: 0, Skipped: 0
[INFO] 
[INFO] 
[INFO] ---------------< org.apache.ratis:ratis-resource-bundle >---------------
[INFO] Building Apache Ratis - Resource Bundle 3.3.0-SNAPSHOT           [10/20]
[INFO]   from ratis-resource-bundle/pom.xml
[INFO] --------------------------------[ jar ]---------------------------------
[INFO] 
[INFO] --- enforcer:3.6.3:enforce (enforce-maven-version) @ ratis-resource-bundle ---
[INFO] 
[INFO] --- enforcer:3.6.3:enforce (enforce-java-version) @ ratis-resource-bundle ---
[INFO] 
[INFO] --- jacoco:0.8.15:prepare-agent (default-prepare-agent) @ ratis-resource-bundle ---
[INFO] argLine set to -javaagent:/home/runner/.m2/repository/org/jacoco/org.jacoco.agent/0.8.15/org.jacoco.agent-0.8.15-runtime.jar=destfile=/home/runner/work/ratis/ratis/ratis-resource-bundle/target/jacoco.exec,includes=org.apache.ratis.*
[INFO] 
[INFO] --- build-helper:3.6.1:add-source (add-source) @ ratis-resource-bundle ---
[INFO] Source directory: /home/runner/work/ratis/ratis/ratis-resource-bundle/target/generated-sources added.
[INFO] 
[INFO] --- enforcer:3.6.3:enforce (bannedImports-finalizers) @ ratis-resource-bundle ---
[INFO] Rule 0: org.apache.maven.plugins.enforcer.RestrictImports passed
[INFO] 
[INFO] --- remote-resources:3.3.0:process (process-resource-bundles) @ ratis-resource-bundle ---
[INFO] Preparing remote bundle org.apache.apache.resources:apache-jar-resource-bundle:1.8
[INFO] Copying 3 resources from 1 bundle.
[INFO] 
[INFO] --- remote-resources:3.3.0:bundle (build-ratis-resource-bundle) @ ratis-resource-bundle ---
[INFO] Writing META-INF/maven/remote-resources.xml descriptor with 2 entries
[INFO] 
[INFO] --- hadoops:3.4.3:version-info (version-info) @ ratis-resource-bundle ---
[INFO] SCM: GIT
[INFO] Computed MD5: d41d8cd98f0b24e980998ecf8427e
[INFO] 
[INFO] --- resources:3.5.0:resources (default-resources) @ ratis-resource-bundle ---
[INFO] Copying 3 resources from src/main/resources to target/classes
[INFO] Copying 1 resource from ../src/main/resources to target/classes
[INFO] Copying 3 resources from target/maven-shared-archive-resources to target/classes
[INFO] 
[INFO] --- compiler:3.15.0:compile (default-compile) @ ratis-resource-bundle ---
[INFO] No sources to compile
[INFO] 
[INFO] --- resources:3.5.0:testResources (default-testResources) @ ratis-resource-bundle ---
[INFO] Not copying test resources
[INFO] 
[INFO] --- compiler:3.15.0:testCompile (default-testCompile) @ ratis-resource-bundle ---
[INFO] Skipped
[INFO] 
[INFO] --- surefire:3.5.6:test (default-test) @ ratis-resource-bundle ---
[INFO] Skipped
[INFO] 
[INFO] --------------------< org.apache.ratis:ratis-grpc >---------------------
[INFO] Building Apache Ratis gRPC Support 3.3.0-SNAPSHOT                [11/20]
[INFO]   from ratis-grpc/pom.xml
[INFO] --------------------------------[ jar ]---------------------------------
[INFO] 
[INFO] --- enforcer:3.6.3:enforce (enforce-maven-version) @ ratis-grpc ---
[INFO] 
[INFO] --- enforcer:3.6.3:enforce (enforce-java-version) @ ratis-grpc ---
[INFO] 
[INFO] --- jacoco:0.8.15:prepare-agent (default-prepare-agent) @ ratis-grpc ---
[INFO] argLine set to -javaagent:/home/runner/.m2/repository/org/jacoco/org.jacoco.agent/0.8.15/org.jacoco.agent-0.8.15-runtime.jar=destfile=/home/runner/work/ratis/ratis/ratis-grpc/target/jacoco.exec,includes=org.apache.ratis.*
[INFO] 
[INFO] --- build-helper:3.6.1:add-source (add-source) @ ratis-grpc ---
[INFO] Source directory: /home/runner/work/ratis/ratis/ratis-grpc/target/generated-sources added.
[INFO] 
[INFO] --- enforcer:3.6.3:enforce (bannedImports-finalizers) @ ratis-grpc ---
[INFO] Rule 0: org.apache.maven.plugins.enforcer.RestrictImports passed
[INFO] 
[INFO] --- remote-resources:3.3.0:process (process-resource-bundles) @ ratis-grpc ---
[INFO] Preparing remote bundle org.apache.apache.resources:apache-jar-resource-bundle:1.8
[INFO] Copying 3 resources from 1 bundle.
[INFO] 
[INFO] --- hadoops:3.4.3:version-info (version-info) @ ratis-grpc ---
[INFO] SCM: GIT
[INFO] Computed MD5: d41d8cd98f0b24e980998ecf8427e
[INFO] 
[INFO] --- resources:3.5.0:resources (default-resources) @ ratis-grpc ---
[INFO] skip non existing resourceDirectory /home/runner/work/ratis/ratis/ratis-grpc/src/main/resources
[INFO] Copying 1 resource from ../src/main/resources to target/classes
[INFO] Copying 3 resources from target/maven-shared-archive-resources to target/classes
[INFO] 
[INFO] --- compiler:3.15.0:compile (default-compile) @ ratis-grpc ---
[INFO] Compiling 24 source files with javac [forked debug release 8] to target/classes
[WARNING] Cannot find annotation method 'replacement()' in type 'InlineMe'
/home/runner/work/ratis/ratis/ratis-grpc/src/main/java/org/apache/ratis/grpc/GrpcTlsConfig.java:[1] [dangling-doc-comments] documentation comment is not attached to any declaration
[WARNING] Cannot find annotation method 'value()' in type 'DoNotCall'
/home/runner/work/ratis/ratis/ratis-grpc/src/main/java/org/apache/ratis/grpc/metrics/intercept/client/MetricClientInterceptor.java:[1] [dangling-doc-comments] documentation comment is not attached to any declaration
[WARNING] /home/runner/work/ratis/ratis/ratis-grpc/src/main/java/org/apache/ratis/grpc/metrics/GrpcServerMetrics.java:[1] [dangling-doc-comments] documentation comment is not attached to any declaration
[WARNING] /home/runner/work/ratis/ratis/ratis-grpc/src/main/java/org/apache/ratis/grpc/metrics/GrpcServerMetrics.java:[54,54] [this-escape] possible 'this' escape before subclass is fully initialized
[WARNING] /home/runner/work/ratis/ratis/ratis-grpc/src/main/java/org/apache/ratis/grpc/metrics/GrpcServerMetrics.java:[55,64] [this-escape] possible 'this' escape before subclass is fully initialized
[WARNING] /home/runner/work/ratis/ratis/ratis-grpc/src/main/java/org/apache/ratis/grpc/metrics/GrpcServerMetrics.java:[57,82] [this-escape] possible 'this' escape before subclass is fully initialized
[WARNING] /home/runner/work/ratis/ratis/ratis-grpc/src/main/java/org/apache/ratis/grpc/metrics/intercept/client/MetricClientCall.java:[1] [dangling-doc-comments] documentation comment is not attached to any declaration
[WARNING] /home/runner/work/ratis/ratis/ratis-grpc/src/main/java/org/apache/ratis/grpc/metrics/intercept/client/MetricClientCallListener.java:[1] [dangling-doc-comments] documentation comment is not attached to any declaration
[WARNING] /home/runner/work/ratis/ratis/ratis-grpc/src/main/java/org/apache/ratis/grpc/metrics/intercept/server/MetricServerCall.java:[1] [dangling-doc-comments] documentation comment is not attached to any declaration
[WARNING] /home/runner/work/ratis/ratis/ratis-grpc/src/main/java/org/apache/ratis/grpc/metrics/intercept/server/MetricServerInterceptor.java:[1] [dangling-doc-comments] documentation comment is not attached to any declaration
[WARNING] /home/runner/work/ratis/ratis/ratis-grpc/src/main/java/org/apache/ratis/grpc/server/GrpcLogAppender.java:[728,8] [fallthrough] possible fall-through into case
[WARNING] /home/runner/work/ratis/ratis/ratis-grpc/src/main/java/org/apache/ratis/grpc/server/GrpcLogAppender.java:[207,27] [try] auto-closeable resource writeLock is never referenced in body of corresponding try statement
[WARNING] /home/runner/work/ratis/ratis/ratis-grpc/src/main/java/org/apache/ratis/grpc/server/GrpcLogAppender.java:[395,27] [try] auto-closeable resource writeLock is never referenced in body of corresponding try statement
[WARNING] /home/runner/work/ratis/ratis/ratis-grpc/src/main/java/org/apache/ratis/grpc/server/GrpcLogAppender.java:[573,27] [try] auto-closeable resource writeLock is never referenced in body of corresponding try statement
[WARNING] /home/runner/work/ratis/ratis/ratis-grpc/src/main/java/org/apache/ratis/grpc/server/GrpcLogAppender.java:[595,29] [try] auto-closeable resource writeLock is never referenced in body of corresponding try statement
[WARNING] /home/runner/work/ratis/ratis/ratis-grpc/src/main/java/org/apache/ratis/grpc/server/GrpcLogAppender.java:[614,29] [try] auto-closeable resource writeLock is never referenced in body of corresponding try statement
[WARNING] /home/runner/work/ratis/ratis/ratis-grpc/src/main/java/org/apache/ratis/grpc/server/GrpcLogAppender.java:[659,29] [try] auto-closeable resource readLock is never referenced in body of corresponding try statement
[WARNING] /home/runner/work/ratis/ratis/ratis-grpc/src/main/java/org/apache/ratis/grpc/server/GrpcLogAppender.java:[175,39] [this-escape] possible 'this' escape before subclass is fully initialized
[INFO] 
[INFO] --- resources:3.5.0:testResources (default-testResources) @ ratis-grpc ---
[INFO] skip non existing resourceDirectory /home/runner/work/ratis/ratis/ratis-grpc/src/test/resources
[INFO] Copying 3 resources from target/maven-shared-archive-resources to target/test-classes
[INFO] 
[INFO] --- compiler:3.15.0:testCompile (default-testCompile) @ ratis-grpc ---
[INFO] Compiling 2 source files with javac [forked debug release 8] to target/test-classes
[INFO] 
[INFO] --- surefire:3.5.6:test (default-test) @ ratis-grpc ---
[INFO] Using auto detected provider org.apache.maven.surefire.junitplatform.JUnitPlatformProvider
[INFO] Using auto detected provider org.apache.maven.surefire.junitplatform.JUnitPlatformProvider
[INFO] Using auto detected provider org.apache.maven.surefire.junitplatform.JUnitPlatformProvider
[INFO] 
[INFO] -------------------------------------------------------
[INFO]  T E S T S
[INFO] -------------------------------------------------------
[INFO] 
[INFO] Results:
[INFO] 
[INFO] Tests run: 0, Failures: 0, Errors: 0, Skipped: 0
[INFO] 
[INFO] 
[INFO] --------------------< org.apache.ratis:ratis-netty >--------------------
[INFO] Building Apache Ratis Netty Support 3.3.0-SNAPSHOT               [12/20]
[INFO]   from ratis-netty/pom.xml
[INFO] --------------------------------[ jar ]---------------------------------
[INFO] 
[INFO] --- enforcer:3.6.3:enforce (enforce-maven-version) @ ratis-netty ---
[INFO] 
[INFO] --- enforcer:3.6.3:enforce (enforce-java-version) @ ratis-netty ---
[INFO] 
[INFO] --- jacoco:0.8.15:prepare-agent (default-prepare-agent) @ ratis-netty ---
[INFO] argLine set to -javaagent:/home/runner/.m2/repository/org/jacoco/org.jacoco.agent/0.8.15/org.jacoco.agent-0.8.15-runtime.jar=destfile=/home/runner/work/ratis/ratis/ratis-netty/target/jacoco.exec,includes=org.apache.ratis.*
[INFO] 
[INFO] --- build-helper:3.6.1:add-source (add-source) @ ratis-netty ---
[INFO] Source directory: /home/runner/work/ratis/ratis/ratis-netty/target/generated-sources added.
[INFO] 
[INFO] --- enforcer:3.6.3:enforce (bannedImports-finalizers) @ ratis-netty ---
[INFO] Rule 0: org.apache.maven.plugins.enforcer.RestrictImports passed
[INFO] 
[INFO] --- remote-resources:3.3.0:process (process-resource-bundles) @ ratis-netty ---
[INFO] Preparing remote bundle org.apache.apache.resources:apache-jar-resource-bundle:1.8
[INFO] Copying 3 resources from 1 bundle.
[INFO] 
[INFO] --- hadoops:3.4.3:version-info (version-info) @ ratis-netty ---
[INFO] SCM: GIT
[INFO] Computed MD5: d41d8cd98f0b24e980998ecf8427e
[INFO] 
[INFO] --- resources:3.5.0:resources (default-resources) @ ratis-netty ---
[INFO] skip non existing resourceDirectory /home/runner/work/ratis/ratis/ratis-netty/src/main/resources
[INFO] Copying 1 resource from ../src/main/resources to target/classes
[INFO] Copying 3 resources from target/maven-shared-archive-resources to target/classes
[INFO] 
[INFO] --- compiler:3.15.0:compile (default-compile) @ ratis-netty ---
[INFO] Compiling 17 source files with javac [forked debug release 8] to target/classes
[WARNING] /home/runner/work/ratis/ratis/ratis-netty/src/main/java/org/apache/ratis/netty/client/NettyClientStreamRpc.java:[369,61] [try] auto-closeable resource ignored is never referenced in body of corresponding try statement
[WARNING] /home/runner/work/ratis/ratis/ratis-netty/src/main/java/org/apache/ratis/netty/metrics/NettyServerStreamRpcMetrics.java:[1] [dangling-doc-comments] documentation comment is not attached to any declaration
[WARNING] /home/runner/work/ratis/ratis/ratis-netty/src/main/java/org/apache/ratis/netty/server/DataStreamManagement.java:[319,33] [try] auto-closeable resource ignore is never referenced in body of corresponding try statement
[WARNING] /home/runner/work/ratis/ratis/ratis-netty/src/main/java/org/apache/ratis/netty/server/NettyServerStreamRpc.java:[241,35] [try] auto-closeable resource autoReset is never referenced in body of corresponding try statement
[INFO] 
[INFO] --- resources:3.5.0:testResources (default-testResources) @ ratis-netty ---
[INFO] skip non existing resourceDirectory /home/runner/work/ratis/ratis/ratis-netty/src/test/resources
[INFO] Copying 3 resources from target/maven-shared-archive-resources to target/test-classes
[INFO] 
[INFO] --- compiler:3.15.0:testCompile (default-testCompile) @ ratis-netty ---
[INFO] Compiling 1 source file with javac [forked debug release 8] to target/test-classes
[INFO] 
[INFO] --- surefire:3.5.6:test (default-test) @ ratis-netty ---
[INFO] Skipped
[INFO] 
[INFO] -------------< org.apache.ratis:ratis-metrics-dropwizard3 >-------------
[INFO] Building Apache Ratis Metrics Dropwizard 3 Implementation 3.3.0-SNAPSHOT [13/20]
[INFO]   from ratis-metrics-dropwizard3/pom.xml
[INFO] --------------------------------[ jar ]---------------------------------
[INFO] 
[INFO] --- enforcer:3.6.3:enforce (enforce-maven-version) @ ratis-metrics-dropwizard3 ---
[INFO] 
[INFO] --- enforcer:3.6.3:enforce (enforce-java-version) @ ratis-metrics-dropwizard3 ---
[INFO] 
[INFO] --- jacoco:0.8.15:prepare-agent (default-prepare-agent) @ ratis-metrics-dropwizard3 ---
[INFO] argLine set to -javaagent:/home/runner/.m2/repository/org/jacoco/org.jacoco.agent/0.8.15/org.jacoco.agent-0.8.15-runtime.jar=destfile=/home/runner/work/ratis/ratis/ratis-metrics-dropwizard3/target/jacoco.exec,includes=org.apache.ratis.*
[INFO] 
[INFO] --- build-helper:3.6.1:add-source (add-source) @ ratis-metrics-dropwizard3 ---
[INFO] Source directory: /home/runner/work/ratis/ratis/ratis-metrics-dropwizard3/target/generated-sources added.
[INFO] 
[INFO] --- enforcer:3.6.3:enforce (bannedImports-finalizers) @ ratis-metrics-dropwizard3 ---
[INFO] Rule 0: org.apache.maven.plugins.enforcer.RestrictImports passed
[INFO] 
[INFO] --- remote-resources:3.3.0:process (process-resource-bundles) @ ratis-metrics-dropwizard3 ---
[INFO] Preparing remote bundle org.apache.apache.resources:apache-jar-resource-bundle:1.8
[INFO] Copying 3 resources from 1 bundle.
[INFO] 
[INFO] --- hadoops:3.4.3:version-info (version-info) @ ratis-metrics-dropwizard3 ---
[INFO] SCM: GIT
[INFO] Computed MD5: d41d8cd98f0b24e980998ecf8427e
[INFO] 
[INFO] --- resources:3.5.0:resources (default-resources) @ ratis-metrics-dropwizard3 ---
[INFO] Copying 1 resource from src/main/resources to target/classes
[INFO] Copying 1 resource from ../src/main/resources to target/classes
[INFO] Copying 3 resources from target/maven-shared-archive-resources to target/classes
[INFO] 
[INFO] --- compiler:3.15.0:compile (default-compile) @ ratis-metrics-dropwizard3 ---
[INFO] Compiling 7 source files with javac [forked debug release 8] to target/classes
[WARNING] /home/runner/work/ratis/ratis/ratis-metrics-dropwizard3/src/main/java/org/apache/ratis/metrics/dropwizard3/Dm3MetricRegistriesImpl.java:[1] [dangling-doc-comments] documentation comment is not attached to any declaration
[WARNING] /home/runner/work/ratis/ratis/ratis-metrics-dropwizard3/src/main/java/org/apache/ratis/metrics/dropwizard3/Dm3MetricRegistryFactoryImpl.java:[1] [dangling-doc-comments] documentation comment is not attached to any declaration
[WARNING] /home/runner/work/ratis/ratis/ratis-metrics-dropwizard3/src/main/java/org/apache/ratis/metrics/dropwizard3/Dm3RatisMetricRegistryImpl.java:[109,27] [rawtypes] found raw type: Gauge
  missing type arguments for generic class Gauge<T>
  where T is a type-variable:
    T extends Object declared in interface Gauge
[WARNING] /home/runner/work/ratis/ratis/ratis-metrics-dropwizard3/src/main/java/org/apache/ratis/metrics/dropwizard3/Dm3RatisObjectNameFactory.java:[1] [dangling-doc-comments] documentation comment is not attached to any declaration
[INFO] 
[INFO] --- resources:3.5.0:testResources (default-testResources) @ ratis-metrics-dropwizard3 ---
[INFO] skip non existing resourceDirectory /home/runner/work/ratis/ratis/ratis-metrics-dropwizard3/src/test/resources
[INFO] Copying 3 resources from target/maven-shared-archive-resources to target/test-classes
[INFO] 
[INFO] --- compiler:3.15.0:testCompile (default-testCompile) @ ratis-metrics-dropwizard3 ---
[INFO] Compiling 1 source file with javac [forked debug release 8] to target/test-classes
[INFO] 
[INFO] --- surefire:3.5.6:test (default-test) @ ratis-metrics-dropwizard3 ---
[INFO] Using auto detected provider org.apache.maven.surefire.junitplatform.JUnitPlatformProvider
[INFO] Using auto detected provider org.apache.maven.surefire.junitplatform.JUnitPlatformProvider
[INFO] Using auto detected provider org.apache.maven.surefire.junitplatform.JUnitPlatformProvider
[INFO] 
[INFO] -------------------------------------------------------
[INFO]  T E S T S
[INFO] -------------------------------------------------------
[INFO] 
[INFO] Results:
[INFO] 
[INFO] Tests run: 0, Failures: 0, Errors: 0, Skipped: 0
[INFO] 
[INFO] 
[INFO] -----------------< org.apache.ratis:ratis-trace-otel >------------------
[INFO] Building Apache Ratis Tracing - OpenTelemetry 3.3.0-SNAPSHOT     [14/20]
[INFO]   from ratis-trace-otel/pom.xml
[INFO] --------------------------------[ jar ]---------------------------------
[INFO] 
[INFO] --- enforcer:3.6.3:enforce (enforce-maven-version) @ ratis-trace-otel ---
[INFO] 
[INFO] --- enforcer:3.6.3:enforce (enforce-java-version) @ ratis-trace-otel ---
[INFO] 
[INFO] --- jacoco:0.8.15:prepare-agent (default-prepare-agent) @ ratis-trace-otel ---
[INFO] argLine set to -javaagent:/home/runner/.m2/repository/org/jacoco/org.jacoco.agent/0.8.15/org.jacoco.agent-0.8.15-runtime.jar=destfile=/home/runner/work/ratis/ratis/ratis-trace-otel/target/jacoco.exec,includes=org.apache.ratis.*
[INFO] 
[INFO] --- build-helper:3.6.1:add-source (add-source) @ ratis-trace-otel ---
[INFO] Source directory: /home/runner/work/ratis/ratis/ratis-trace-otel/target/generated-sources added.
[INFO] 
[INFO] --- enforcer:3.6.3:enforce (bannedImports-finalizers) @ ratis-trace-otel ---
[INFO] Rule 0: org.apache.maven.plugins.enforcer.RestrictImports passed
[INFO] 
[INFO] --- remote-resources:3.3.0:process (process-resource-bundles) @ ratis-trace-otel ---
[INFO] Preparing remote bundle org.apache.apache.resources:apache-jar-resource-bundle:1.8
[INFO] Copying 3 resources from 1 bundle.
[INFO] 
[INFO] --- hadoops:3.4.3:version-info (version-info) @ ratis-trace-otel ---
[INFO] SCM: GIT
[INFO] Computed MD5: d41d8cd98f0b24e980998ecf8427e
[INFO] 
[INFO] --- resources:3.5.0:resources (default-resources) @ ratis-trace-otel ---
[INFO] Copying 1 resource from src/main/resources to target/classes
[INFO] Copying 1 resource from ../src/main/resources to target/classes
[INFO] Copying 3 resources from target/maven-shared-archive-resources to target/classes
[INFO] 
[INFO] --- compiler:3.15.0:compile (default-compile) @ ratis-trace-otel ---
[INFO] Compiling 3 source files with javac [forked debug release 8] to target/classes
[INFO] 
[INFO] --- resources:3.5.0:testResources (default-testResources) @ ratis-trace-otel ---
[INFO] skip non existing resourceDirectory /home/runner/work/ratis/ratis/ratis-trace-otel/src/test/resources
[INFO] Copying 3 resources from target/maven-shared-archive-resources to target/test-classes
[INFO] 
[INFO] --- compiler:3.15.0:testCompile (default-testCompile) @ ratis-trace-otel ---
[INFO] No sources to compile
[INFO] 
[INFO] --- surefire:3.5.6:test (default-test) @ ratis-trace-otel ---
[INFO] Using auto detected provider org.apache.maven.surefire.junitplatform.JUnitPlatformProvider
[INFO] 
[INFO] --------------------< org.apache.ratis:ratis-tools >--------------------
[INFO] Building Apache Ratis Tools 3.3.0-SNAPSHOT                       [15/20]
[INFO]   from ratis-tools/pom.xml
[INFO] --------------------------------[ jar ]---------------------------------
[INFO] 
[INFO] --- enforcer:3.6.3:enforce (enforce-maven-version) @ ratis-tools ---
[INFO] 
[INFO] --- enforcer:3.6.3:enforce (enforce-java-version) @ ratis-tools ---
[INFO] 
[INFO] --- jacoco:0.8.15:prepare-agent (default-prepare-agent) @ ratis-tools ---
[INFO] argLine set to -javaagent:/home/runner/.m2/repository/org/jacoco/org.jacoco.agent/0.8.15/org.jacoco.agent-0.8.15-runtime.jar=destfile=/home/runner/work/ratis/ratis/ratis-tools/target/jacoco.exec,includes=org.apache.ratis.*
[INFO] 
[INFO] --- build-helper:3.6.1:add-source (add-source) @ ratis-tools ---
[INFO] Source directory: /home/runner/work/ratis/ratis/ratis-tools/target/generated-sources added.
[INFO] 
[INFO] --- enforcer:3.6.3:enforce (bannedImports-finalizers) @ ratis-tools ---
[INFO] Rule 0: org.apache.maven.plugins.enforcer.RestrictImports passed
[INFO] 
[INFO] --- remote-resources:3.3.0:process (process-resource-bundles) @ ratis-tools ---
[INFO] Preparing remote bundle org.apache.apache.resources:apache-jar-resource-bundle:1.8
[INFO] Copying 3 resources from 1 bundle.
[INFO] 
[INFO] --- hadoops:3.4.3:version-info (version-info) @ ratis-tools ---
[INFO] SCM: GIT
[INFO] Computed MD5: d41d8cd98f0b24e980998ecf8427e
[INFO] 
[INFO] --- resources:3.5.0:resources (default-resources) @ ratis-tools ---
[INFO] skip non existing resourceDirectory /home/runner/work/ratis/ratis/ratis-tools/src/main/resources
[INFO] Copying 1 resource from ../src/main/resources to target/classes
[INFO] Copying 3 resources from target/maven-shared-archive-resources to target/classes
[INFO] 
[INFO] --- compiler:3.15.0:compile (default-compile) @ ratis-tools ---
[INFO] Compiling 2 source files with javac [forked debug release 8] to target/classes
[INFO] 
[INFO] --- resources:3.5.0:testResources (default-testResources) @ ratis-tools ---
[INFO] skip non existing resourceDirectory /home/runner/work/ratis/ratis/ratis-tools/src/test/resources
[INFO] Copying 3 resources from target/maven-shared-archive-resources to target/test-classes
[INFO] 
[INFO] --- compiler:3.15.0:testCompile (default-testCompile) @ ratis-tools ---
[INFO] No sources to compile
[INFO] 
[INFO] --- surefire:3.5.6:test (default-test) @ ratis-tools ---
[INFO] Skipped
[INFO] 
[INFO] --------------------< org.apache.ratis:ratis-shell >--------------------
[INFO] Building Apache Ratis Shell 3.3.0-SNAPSHOT                       [16/20]
[INFO]   from ratis-shell/pom.xml
[INFO] --------------------------------[ jar ]---------------------------------
[INFO] 
[INFO] --- enforcer:3.6.3:enforce (enforce-maven-version) @ ratis-shell ---
[INFO] 
[INFO] --- enforcer:3.6.3:enforce (enforce-java-version) @ ratis-shell ---
[INFO] 
[INFO] --- jacoco:0.8.15:prepare-agent (default-prepare-agent) @ ratis-shell ---
[INFO] argLine set to -javaagent:/home/runner/.m2/repository/org/jacoco/org.jacoco.agent/0.8.15/org.jacoco.agent-0.8.15-runtime.jar=destfile=/home/runner/work/ratis/ratis/ratis-shell/target/jacoco.exec,includes=org.apache.ratis.*
[INFO] 
[INFO] --- build-helper:3.6.1:add-source (add-source) @ ratis-shell ---
[INFO] Source directory: /home/runner/work/ratis/ratis/ratis-shell/target/generated-sources added.
[INFO] 
[INFO] --- enforcer:3.6.3:enforce (bannedImports-finalizers) @ ratis-shell ---
[INFO] Rule 0: org.apache.maven.plugins.enforcer.RestrictImports passed
[INFO] 
[INFO] --- remote-resources:3.3.0:process (process-resource-bundles) @ ratis-shell ---
[INFO] Preparing remote bundle org.apache.apache.resources:apache-jar-resource-bundle:1.8
[INFO] Copying 3 resources from 1 bundle.
[INFO] 
[INFO] --- hadoops:3.4.3:version-info (version-info) @ ratis-shell ---
[INFO] SCM: GIT
[INFO] Computed MD5: d41d8cd98f0b24e980998ecf8427e
[INFO] 
[INFO] --- resources:3.5.0:resources (default-resources) @ ratis-shell ---
[INFO] skip non existing resourceDirectory /home/runner/work/ratis/ratis/ratis-shell/src/main/resources
[INFO] Copying 1 resource from ../src/main/resources to target/classes
[INFO] Copying 3 resources from target/maven-shared-archive-resources to target/classes
[INFO] 
[INFO] --- compiler:3.15.0:compile (default-compile) @ ratis-shell ---
[INFO] Compiling 24 source files with javac [forked debug release 8] to target/classes
[WARNING] /home/runner/work/ratis/ratis/ratis-shell/src/main/java/org/apache/ratis/shell/cli/AbstractShell.java:[43,28] [this-escape] possible 'this' escape before subclass is fully initialized
[WARNING] /home/runner/work/ratis/ratis/ratis-shell/src/main/java/org/apache/ratis/shell/cli/sh/command/AbstractRatisCommand.java:[90,20] [deprecation] build() in Builder has been deprecated
[WARNING] /home/runner/work/ratis/ratis/ratis-shell/src/main/java/org/apache/ratis/shell/cli/sh/election/PauseCommand.java:[93,12] [deprecation] build() in Builder has been deprecated
[WARNING] /home/runner/work/ratis/ratis/ratis-shell/src/main/java/org/apache/ratis/shell/cli/sh/election/ResumeCommand.java:[93,12] [deprecation] build() in Builder has been deprecated
[WARNING] /home/runner/work/ratis/ratis/ratis-shell/src/main/java/org/apache/ratis/shell/cli/sh/election/TransferCommand.java:[143,12] [deprecation] build() in Builder has been deprecated
[WARNING] /home/runner/work/ratis/ratis/ratis-shell/src/main/java/org/apache/ratis/shell/cli/sh/election/TransferCommand.java:[149,12] [deprecation] build() in Builder has been deprecated
[WARNING] /home/runner/work/ratis/ratis/ratis-shell/src/main/java/org/apache/ratis/shell/cli/sh/local/RaftMetaConfCommand.java:[160,12] [deprecation] build() in Builder has been deprecated
[WARNING] /home/runner/work/ratis/ratis/ratis-shell/src/main/java/org/apache/ratis/shell/cli/sh/local/RaftMetaConfCommand.java:[167,12] [deprecation] build() in Builder has been deprecated
[WARNING] /home/runner/work/ratis/ratis/ratis-shell/src/main/java/org/apache/ratis/shell/cli/sh/peer/AddCommand.java:[169,12] [deprecation] build() in Builder has been deprecated
[WARNING] /home/runner/work/ratis/ratis/ratis-shell/src/main/java/org/apache/ratis/shell/cli/sh/peer/AddCommand.java:[174,12] [deprecation] build() in Builder has been deprecated
[WARNING] /home/runner/work/ratis/ratis/ratis-shell/src/main/java/org/apache/ratis/shell/cli/sh/peer/AddCommand.java:[179,12] [deprecation] build() in Builder has been deprecated
[WARNING] /home/runner/work/ratis/ratis/ratis-shell/src/main/java/org/apache/ratis/shell/cli/sh/peer/AddCommand.java:[184,12] [deprecation] build() in Builder has been deprecated
[WARNING] /home/runner/work/ratis/ratis/ratis-shell/src/main/java/org/apache/ratis/shell/cli/sh/peer/RemoveCommand.java:[103,12] [deprecation] build() in Builder has been deprecated
[WARNING] /home/runner/work/ratis/ratis/ratis-shell/src/main/java/org/apache/ratis/shell/cli/sh/peer/RemoveCommand.java:[107,12] [deprecation] build() in Builder has been deprecated
[WARNING] /home/runner/work/ratis/ratis/ratis-shell/src/main/java/org/apache/ratis/shell/cli/sh/peer/SetPriorityCommand.java:[101,12] [deprecation] build() in Builder has been deprecated
[WARNING] /home/runner/work/ratis/ratis/ratis-shell/src/main/java/org/apache/ratis/shell/cli/sh/snapshot/TakeSnapshotCommand.java:[100,12] [deprecation] build() in Builder has been deprecated
[WARNING] /home/runner/work/ratis/ratis/ratis-shell/src/main/java/org/apache/ratis/shell/cli/sh/snapshot/TakeSnapshotCommand.java:[105,12] [deprecation] build() in Builder has been deprecated
[INFO] 
[INFO] --- resources:3.5.0:testResources (default-testResources) @ ratis-shell ---
[INFO] skip non existing resourceDirectory /home/runner/work/ratis/ratis/ratis-shell/src/test/resources
[INFO] Copying 3 resources from target/maven-shared-archive-resources to target/test-classes
[INFO] 
[INFO] --- compiler:3.15.0:testCompile (default-testCompile) @ ratis-shell ---
[INFO] No sources to compile
[INFO] 
[INFO] --- surefire:3.5.6:test (default-test) @ ratis-shell ---
[INFO] Skipped
[INFO] 
[INFO] --------------------< org.apache.ratis:ratis-test >---------------------
[INFO] Building Apache Ratis Test 3.3.0-SNAPSHOT                        [17/20]
[INFO]   from ratis-test/pom.xml
[INFO] --------------------------------[ jar ]---------------------------------
[INFO] 
[INFO] --- enforcer:3.6.3:enforce (enforce-maven-version) @ ratis-test ---
[INFO] 
[INFO] --- enforcer:3.6.3:enforce (enforce-java-version) @ ratis-test ---
[INFO] 
[INFO] --- jacoco:0.8.15:prepare-agent (default-prepare-agent) @ ratis-test ---
[INFO] argLine set to -javaagent:/home/runner/.m2/repository/org/jacoco/org.jacoco.agent/0.8.15/org.jacoco.agent-0.8.15-runtime.jar=destfile=/home/runner/work/ratis/ratis/ratis-test/target/jacoco.exec,includes=org.apache.ratis.*
[INFO] 
[INFO] --- build-helper:3.6.1:add-source (add-source) @ ratis-test ---
[INFO] Source directory: /home/runner/work/ratis/ratis/ratis-test/target/generated-sources added.
[INFO] 
[INFO] --- enforcer:3.6.3:enforce (bannedImports-finalizers) @ ratis-test ---
[INFO] Rule 0: org.apache.maven.plugins.enforcer.RestrictImports passed
[INFO] 
[INFO] --- remote-resources:3.3.0:process (process-resource-bundles) @ ratis-test ---
[INFO] Preparing remote bundle org.apache.apache.resources:apache-jar-resource-bundle:1.8
[INFO] Copying 3 resources from 1 bundle.
[INFO] 
[INFO] --- hadoops:3.4.3:version-info (version-info) @ ratis-test ---
[INFO] SCM: GIT
[INFO] Computed MD5: d41d8cd98f0b24e980998ecf8427e
[INFO] 
[INFO] --- resources:3.5.0:resources (default-resources) @ ratis-test ---
[INFO] skip non existing resourceDirectory /home/runner/work/ratis/ratis/ratis-test/src/main/resources
[INFO] Copying 1 resource from ../src/main/resources to target/classes
[INFO] Copying 3 resources from target/maven-shared-archive-resources to target/classes
[INFO] 
[INFO] --- compiler:3.15.0:compile (default-compile) @ ratis-test ---
[INFO] No sources to compile
[INFO] 
[INFO] --- resources:3.5.0:testResources (default-testResources) @ ratis-test ---
[INFO] Copying 15 resources from src/test/resources to target/test-classes
[INFO] Copying 3 resources from target/maven-shared-archive-resources to target/test-classes
[INFO] 
[INFO] --- compiler:3.15.0:testCompile (default-testCompile) @ ratis-test ---
[INFO] Compiling 165 source files with javac [forked debug release 8] to target/test-classes
[WARNING] Cannot find annotation method 'replacement()' in type 'InlineMe'
/home/runner/work/ratis/ratis/ratis-test/src/test/java/org/apache/ratis/RaftLogTruncateTests.java:[79,42] [this-escape] possible 'this' escape before subclass is fully initialized
[WARNING] /home/runner/work/ratis/ratis/ratis-test/src/test/java/org/apache/ratis/TestRaftServerSlownessDetection.java:[94,22] [rawtypes] found raw type: Gauge
  missing type arguments for generic class Gauge<T>
  where T is a type-variable:
    T extends Object declared in interface Gauge
[WARNING] /home/runner/work/ratis/ratis/ratis-test/src/test/java/org/apache/ratis/TestRaftServerSlownessDetection.java:[99,4] [rawtypes] found raw type: Gauge
  missing type arguments for generic class Gauge<T>
  where T is a type-variable:
    T extends Object declared in interface Gauge
[WARNING] /home/runner/work/ratis/ratis/ratis-test/src/test/java/org/apache/ratis/TestRaftServerSlownessDetection.java:[99,81] [rawtypes] found raw type: Gauge
  missing type arguments for generic class Gauge<T>
  where T is a type-variable:
    T extends Object declared in interface Gauge
[WARNING] /home/runner/work/ratis/ratis/ratis-test/src/test/java/org/apache/ratis/TestRaftServerSlownessDetection.java:[62,52] [this-escape] possible 'this' escape before subclass is fully initialized
[WARNING] /home/runner/work/ratis/ratis/ratis-test/src/test/java/org/apache/ratis/datastream/DataStreamClusterTests.java:[115,37] [try] auto-closeable resource DataStreamClientImpl.DataStreamOutputImpl has a member method close() that could throw InterruptedException
[WARNING] /home/runner/work/ratis/ratis/ratis-test/src/test/java/org/apache/ratis/datastream/DataStreamClusterTests.java:[209,37] [try] auto-closeable resource DataStreamClientImpl.DataStreamOutputImpl has a member method close() that could throw InterruptedException
[WARNING] /home/runner/work/ratis/ratis/ratis-test/src/test/java/org/apache/ratis/datastream/DataStreamClusterTests.java:[64,19] [this-escape] possible 'this' escape before subclass is fully initialized
[WARNING] /home/runner/work/ratis/ratis/ratis-test/src/test/java/org/apache/ratis/datastream/TestDataStreamDisabled.java:[46,25] [try] auto-closeable resource DataStreamOutput has a member method close() that could throw InterruptedException
[WARNING] /home/runner/work/ratis/ratis/ratis-test/src/test/java/org/apache/ratis/datastream/TestDataStreamSslWithRpcTypeGrpcAndDataStreamTypeNetty.java:[47,68] [this-escape] possible 'this' escape before subclass is fully initialized
[WARNING] Cannot find annotation method 'value()' in type 'DoNotCall': class file for com.google.errorprone.annotations.DoNotCall not found
/home/runner/work/ratis/ratis/ratis-test/src/test/java/org/apache/ratis/grpc/TestGroupInfoWithGrpc.java:[1] [dangling-doc-comments] documentation comment is not attached to any declaration
[WARNING] /home/runner/work/ratis/ratis/ratis-test/src/test/java/org/apache/ratis/grpc/TestGroupManagementWithGrpc.java:[1] [dangling-doc-comments] documentation comment is not attached to any declaration
[WARNING] /home/runner/work/ratis/ratis/ratis-test/src/test/java/org/apache/ratis/grpc/TestLeaderElectionWithGrpc.java:[1] [dangling-doc-comments] documentation comment is not attached to any declaration
[WARNING] /home/runner/work/ratis/ratis/ratis-test/src/test/java/org/apache/ratis/grpc/TestRaftAsyncWithGrpcTracing.java:[37,44] [this-escape] possible 'this' escape before subclass is fully initialized
[WARNING] /home/runner/work/ratis/ratis/ratis-test/src/test/java/org/apache/ratis/grpc/TestRaftExceptionWithGrpc.java:[1] [dangling-doc-comments] documentation comment is not attached to any declaration
[WARNING] /home/runner/work/ratis/ratis/ratis-test/src/test/java/org/apache/ratis/grpc/TestRaftStateMachineExceptionWithGrpc.java:[1] [dangling-doc-comments] documentation comment is not attached to any declaration
[WARNING] /home/runner/work/ratis/ratis/ratis-test/src/test/java/org/apache/ratis/grpc/TestRaftWithGrpc.java:[50,17] [this-escape] possible 'this' escape before subclass is fully initialized
[WARNING] /home/runner/work/ratis/ratis/ratis-test/src/test/java/org/apache/ratis/grpc/TestRetryCacheWithGrpc.java:[60,17] [this-escape] possible 'this' escape before subclass is fully initialized
[WARNING] /home/runner/work/ratis/ratis/ratis-test/src/test/java/org/apache/ratis/grpc/TestRetryCacheWithGrpcTracing.java:[40,44] [this-escape] possible 'this' escape before subclass is fully initialized
[WARNING] /home/runner/work/ratis/ratis/ratis-test/src/test/java/org/apache/ratis/grpc/TestServerRestartWithGrpc.java:[1] [dangling-doc-comments] documentation comment is not attached to any declaration
[WARNING] /home/runner/work/ratis/ratis/ratis-test/src/test/java/org/apache/ratis/server/ServerRestartTests.java:[80,45] [this-escape] possible 'this' escape before subclass is fully initialized
[WARNING] /home/runner/work/ratis/ratis/ratis-test/src/test/java/org/apache/ratis/grpc/TestSnapshotManagementWithGrpc.java:[1] [dangling-doc-comments] documentation comment is not attached to any declaration
[WARNING] /home/runner/work/ratis/ratis/ratis-test/src/test/java/org/apache/ratis/grpc/TestStateMachineShutdownWithGrpc.java:[1] [dangling-doc-comments] documentation comment is not attached to any declaration
[WARNING] /home/runner/work/ratis/ratis/ratis-test/src/test/java/org/apache/ratis/shell/cli/sh/AbstractCommandIntegrationTestWithGrpc.java:[1] [dangling-doc-comments] documentation comment is not attached to any declaration
[WARNING] /home/runner/work/ratis/ratis/ratis-test/src/test/java/org/apache/ratis/grpc/cli/TestElectionCommandIntegrationWithGrpc.java:[1] [dangling-doc-comments] documentation comment is not attached to any declaration
[WARNING] /home/runner/work/ratis/ratis/ratis-test/src/test/java/org/apache/ratis/shell/cli/sh/ElectionCommandIntegrationTest.java:[49,45] [this-escape] possible 'this' escape before subclass is fully initialized
[WARNING] /home/runner/work/ratis/ratis/ratis-test/src/test/java/org/apache/ratis/grpc/cli/TestGroupCommandIntegrationWithGrpc.java:[1] [dangling-doc-comments] documentation comment is not attached to any declaration
[WARNING] /home/runner/work/ratis/ratis/ratis-test/src/test/java/org/apache/ratis/shell/cli/sh/GroupCommandIntegrationTest.java:[50,45] [this-escape] possible 'this' escape before subclass is fully initialized
[WARNING] /home/runner/work/ratis/ratis/ratis-test/src/test/java/org/apache/ratis/grpc/cli/TestPeerCommandIntegrationWithGrpc.java:[1] [dangling-doc-comments] documentation comment is not attached to any declaration
[WARNING] /home/runner/work/ratis/ratis/ratis-test/src/test/java/org/apache/ratis/shell/cli/sh/PeerCommandIntegrationTest.java:[53,45] [this-escape] possible 'this' escape before subclass is fully initialized
[WARNING] /home/runner/work/ratis/ratis/ratis-test/src/test/java/org/apache/ratis/grpc/cli/TestSnapshotCommandIntegrationWithGrpc.java:[1] [dangling-doc-comments] documentation comment is not attached to any declaration
[WARNING] /home/runner/work/ratis/ratis/ratis-test/src/test/java/org/apache/ratis/shell/cli/sh/SnapshotCommandIntegrationTest.java:[50,45] [this-escape] possible 'this' escape before subclass is fully initialized
[WARNING] /home/runner/work/ratis/ratis/ratis-test/src/test/java/org/apache/ratis/grpc/server/TestGrpcServerMetrics.java:[1] [dangling-doc-comments] documentation comment is not attached to any declaration
[WARNING] /home/runner/work/ratis/ratis/ratis-test/src/test/java/org/apache/ratis/grpc/server/TestGrpcServerMetrics.java:[112,10] [rawtypes] found raw type: Gauge
  missing type arguments for generic class Gauge<T>
  where T is a type-variable:
    T extends Object declared in interface Gauge
[WARNING] /home/runner/work/ratis/ratis/ratis-test/src/test/java/org/apache/ratis/grpc/util/TestStreamObserverWithTimeout.java:[1] [dangling-doc-comments] documentation comment is not attached to any declaration
[WARNING] /home/runner/work/ratis/ratis/ratis-test/src/test/java/org/apache/ratis/netty/TestGroupInfoWithNetty.java:[1] [dangling-doc-comments] documentation comment is not attached to any declaration
[WARNING] /home/runner/work/ratis/ratis/ratis-test/src/test/java/org/apache/ratis/netty/TestGroupManagementWithNetty.java:[1] [dangling-doc-comments] documentation comment is not attached to any declaration
[WARNING] /home/runner/work/ratis/ratis/ratis-test/src/test/java/org/apache/ratis/netty/TestLeaderElectionWithNetty.java:[1] [dangling-doc-comments] documentation comment is not attached to any declaration
[WARNING] /home/runner/work/ratis/ratis/ratis-test/src/test/java/org/apache/ratis/netty/TestRaftExceptionWithNetty.java:[1] [dangling-doc-comments] documentation comment is not attached to any declaration
[WARNING] /home/runner/work/ratis/ratis/ratis-test/src/test/java/org/apache/ratis/netty/TestRaftReconfigurationWithNetty.java:[1] [dangling-doc-comments] documentation comment is not attached to any declaration
[WARNING] /home/runner/work/ratis/ratis/ratis-test/src/test/java/org/apache/ratis/netty/TestRaftStateMachineExceptionWithNetty.java:[1] [dangling-doc-comments] documentation comment is not attached to any declaration
[WARNING] /home/runner/work/ratis/ratis/ratis-test/src/test/java/org/apache/ratis/netty/TestRaftWithNetty.java:[1] [dangling-doc-comments] documentation comment is not attached to any declaration
[WARNING] /home/runner/work/ratis/ratis/ratis-test/src/test/java/org/apache/ratis/netty/TestServerRestartWithNetty.java:[1] [dangling-doc-comments] documentation comment is not attached to any declaration
[WARNING] /home/runner/work/ratis/ratis/ratis-test/src/test/java/org/apache/ratis/netty/TestSnapshotManagementWithNetty.java:[1] [dangling-doc-comments] documentation comment is not attached to any declaration
[WARNING] /home/runner/work/ratis/ratis/ratis-test/src/test/java/org/apache/ratis/netty/TestTlsConfWithNetty.java:[199,25] [try] auto-closeable resource server is never referenced in body of corresponding try statement
[WARNING] /home/runner/work/ratis/ratis/ratis-test/src/test/java/org/apache/ratis/netty/client/TestNettyClientStreamRpcReconnectBackoff.java:[1] [dangling-doc-comments] documentation comment is not attached to any declaration
[WARNING] /home/runner/work/ratis/ratis/ratis-test/src/test/java/org/apache/ratis/netty/client/TestNettyDataStreamReconnectWithGrpcCluster.java:[45,19] [this-escape] possible 'this' escape before subclass is fully initialized
[WARNING] /home/runner/work/ratis/ratis/ratis-test/src/test/java/org/apache/ratis/protocol/TestRaftGroup.java:[1] [dangling-doc-comments] documentation comment is not attached to any declaration
[WARNING] /home/runner/work/ratis/ratis/ratis-test/src/test/java/org/apache/ratis/server/impl/TestRaftServerJmx.java:[1] [dangling-doc-comments] documentation comment is not attached to any declaration
[WARNING] /home/runner/work/ratis/ratis/ratis-test/src/test/java/org/apache/ratis/server/raftlog/TestRaftLogMetrics.java:[61,17] [this-escape] possible 'this' escape before subclass is fully initialized
[WARNING] /home/runner/work/ratis/ratis/ratis-test/src/test/java/org/apache/ratis/server/raftlog/segmented/TestLogSegment.java:[302,41] [try] auto-closeable resource ignored is never referenced in body of corresponding try statement
[WARNING] /home/runner/work/ratis/ratis/ratis-test/src/test/java/org/apache/ratis/server/simulation/TestGroupInfoWithSimulatedRpc.java:[1] [dangling-doc-comments] documentation comment is not attached to any declaration
[WARNING] /home/runner/work/ratis/ratis/ratis-test/src/test/java/org/apache/ratis/server/simulation/TestGroupManagementWithSimulatedRpc.java:[1] [dangling-doc-comments] documentation comment is not attached to any declaration
[WARNING] /home/runner/work/ratis/ratis/ratis-test/src/test/java/org/apache/ratis/server/simulation/TestLeaderElectionWithSimulatedRpc.java:[1] [dangling-doc-comments] documentation comment is not attached to any declaration
[WARNING] /home/runner/work/ratis/ratis/ratis-test/src/test/java/org/apache/ratis/server/simulation/TestRaftReconfigurationWithSimulatedRpc.java:[1] [dangling-doc-comments] documentation comment is not attached to any declaration
[WARNING] /home/runner/work/ratis/ratis/ratis-test/src/test/java/org/apache/ratis/server/simulation/TestRaftStateMachineExceptionWithSimulatedRpc.java:[1] [dangling-doc-comments] documentation comment is not attached to any declaration
[WARNING] /home/runner/work/ratis/ratis/ratis-test/src/test/java/org/apache/ratis/server/simulation/TestRaftWithSimulatedRpc.java:[1] [dangling-doc-comments] documentation comment is not attached to any declaration
[WARNING] /home/runner/work/ratis/ratis/ratis-test/src/test/java/org/apache/ratis/server/simulation/TestServerRestartWithSimulatedRpc.java:[1] [dangling-doc-comments] documentation comment is not attached to any declaration
[WARNING] /home/runner/work/ratis/ratis/ratis-test/src/test/java/org/apache/ratis/server/storage/TestRaftStorage.java:[115,21] [try] auto-closeable resource ignored is never referenced in body of corresponding try statement
[WARNING] /home/runner/work/ratis/ratis/ratis-test/src/test/java/org/apache/ratis/shell/cli/sh/TestRatisShell.java:[49,44] [rawtypes] found raw type: Class
  missing type arguments for generic class Class<T>
  where T is a type-variable:
    T extends Object declared in class Class
[WARNING] /home/runner/work/ratis/ratis/ratis-test/src/test/java/org/apache/ratis/util/TestMinMax.java:[1] [dangling-doc-comments] documentation comment is not attached to any declaration
[WARNING] /home/runner/work/ratis/ratis/ratis-test/src/test/java/org/apache/ratis/util/TestPeerProxyMap.java:[126,29] [try] auto-closeable resource ignored is never referenced in body of corresponding try statement
[WARNING] /home/runner/work/ratis/ratis/ratis-test/src/test/java/org/apache/ratis/util/TestReferenceCountedObject.java:[117,31] [try] auto-closeable resource ignore is never referenced in body of corresponding try statement
[WARNING] /home/runner/work/ratis/ratis/ratis-test/src/test/java/org/apache/ratis/util/TestReferenceCountedObject.java:[193,31] [try] auto-closeable resource ignore is never referenced in body of corresponding try statement
[INFO] 
[INFO] --- surefire:3.5.6:test (default-test) @ ratis-test ---
[INFO] Using auto detected provider org.apache.maven.surefire.junitplatform.JUnitPlatformProvider
[INFO] Using auto detected provider org.apache.maven.surefire.junitplatform.JUnitPlatformProvider
[INFO] Using auto detected provider org.apache.maven.surefire.junitplatform.JUnitPlatformProvider
[INFO] 
[INFO] -------------------------------------------------------
[INFO]  T E S T S
[INFO] -------------------------------------------------------
[INFO] Running org.apache.ratis.grpc.TestRaftWithGrpc
[INFO] Tests run: 3, Failures: 0, Errors: 0, Skipped: 0, Time elapsed: 70.42 s -- in org.apache.ratis.grpc.TestRaftWithGrpc
[INFO] Running org.apache.ratis.grpc.TestRaftReconfigurationWithGrpc
[ERROR] Tests run: 1, Failures: 1, Errors: 0, Skipped: 0, Time elapsed: 24.23 s <<< FAILURE! -- in org.apache.ratis.grpc.TestRaftReconfigurationWithGrpc
[ERROR] org.apache.ratis.grpc.TestRaftReconfigurationWithGrpc.testKillLeaderDuringReconf -- Time elapsed: 23.94 s <<< FAILURE!
org.opentest4j.AssertionFailedError: expected: <false> but was: <true>
	at org.apache.ratis.server.impl.RaftServerTestUtil.waitAndCheckNewConf(RaftServerTestUtil.java:126)
	at org.apache.ratis.server.impl.RaftServerTestUtil.lambda$waitAndCheckNewConf$3(RaftServerTestUtil.java:96)
	at org.apache.ratis.util.function.CheckedRunnable.lambda$asCheckedSupplier$0(CheckedRunnable.java:32)
	at org.apache.ratis.util.JavaUtils.lambda$attempt$0(JavaUtils.java:212)
	at org.apache.ratis.util.JavaUtils.attempt(JavaUtils.java:225)
	at org.apache.ratis.util.JavaUtils.attempt(JavaUtils.java:212)
	at org.apache.ratis.util.JavaUtils.attemptRepeatedly(JavaUtils.java:204)
	at org.apache.ratis.util.JavaUtils.attempt(JavaUtils.java:245)
	at org.apache.ratis.server.impl.RaftServerTestUtil.waitAndCheckNewConf(RaftServerTestUtil.java:96)
	at org.apache.ratis.server.impl.RaftReconfigurationBaseTest.runTestKillLeaderDuringReconf(RaftReconfigurationBaseTest.java:582)
	at org.apache.ratis.server.impl.MiniRaftCluster$Factory$Get.runWithNewCluster(MiniRaftCluster.java:146)
	at org.apache.ratis.server.impl.MiniRaftCluster$Factory$Get.runWithNewCluster(MiniRaftCluster.java:124)
	at org.apache.ratis.server.impl.RaftReconfigurationBaseTest.testKillLeaderDuringReconf(RaftReconfigurationBaseTest.java:513)
	at java.base/java.lang.reflect.Method.invoke(Method.java:565)
	at java.base/java.util.ArrayList.forEach(ArrayList.java:1604)
	at java.base/java.util.ArrayList.forEach(ArrayList.java:1604)

[INFO] Running org.apache.ratis.grpc.TestRaftReconfigurationWithGrpc
[INFO] Tests run: 1, Failures: 0, Errors: 0, Skipped: 0, Time elapsed: 4.121 s -- in org.apache.ratis.grpc.TestRaftReconfigurationWithGrpc
[INFO] Running org.apache.ratis.grpc.TestLeaderElectionWithGrpc
[INFO] Tests run: 1, Failures: 0, Errors: 0, Skipped: 0, Time elapsed: 4.079 s -- in org.apache.ratis.grpc.TestLeaderElectionWithGrpc
[INFO] Running org.apache.ratis.netty.TestRaftWithNetty
[INFO] Tests run: 1, Failures: 0, Errors: 0, Skipped: 0, Time elapsed: 3.386 s -- in org.apache.ratis.netty.TestRaftWithNetty
[INFO] Running org.apache.ratis.netty.TestLeaderElectionWithNetty
[INFO] Tests run: 1, Failures: 0, Errors: 0, Skipped: 0, Time elapsed: 3.457 s -- in org.apache.ratis.netty.TestLeaderElectionWithNetty
[INFO] Running org.apache.ratis.netty.TestRaftAsyncWithNetty
[ERROR] Tests run: 14, Failures: 1, Errors: 0, Skipped: 0, Time elapsed: 127.2 s <<< FAILURE! -- in org.apache.ratis.netty.TestRaftAsyncWithNetty
[ERROR] org.apache.ratis.netty.TestRaftAsyncWithNetty.testBasicAppendEntriesAsyncKillLeader -- Time elapsed: 60.61 s <<< FAILURE!
org.opentest4j.AssertionFailedError: 
Failed to find m4 in entries [term: 2
index: 3
stateMachineLogEntry {
  logData: "m0"
  stateMachineEntry {
    stateMachineData: "StateMachine Data"
  }
  clientId: "\000\000\000\000\000\000\000\000\000\000\000\000\000\000\000\004"
  callId: 544
}
, term: 2
index: 5
stateMachineLogEntry {
  logData: "m1"
  stateMachineEntry {
    stateMachineData: "StateMachine Data"
  }
  clientId: "\000\000\000\000\000\000\000\000\000\000\000\000\000\000\000\004"
  callId: 545
}
, term: 2
index: 7
stateMachineLogEntry {
  logData: "m2"
  stateMachineEntry {
    stateMachineData: "StateMachine Data"
  }
  clientId: "\000\000\000\000\000\000\000\000\000\000\000\000\000\000\000\004"
  callId: 546
}
, term: 2
index: 9
stateMachineLogEntry {
  logData: "m6"
  stateMachineEntry {
    stateMachineData: "StateMachine Data"
  }
  clientId: "\000\000\000\000\000\000\000\000\000\000\000\000\000\000\000\004"
  callId: 550
}
, term: 2
index: 11
stateMachineLogEntry {
  logData: "m4"
  stateMachineEntry {
    stateMachineData: "StateMachine Data"
  }
  clientId: "\000\000\000\000\000\000\000\000\000\000\000\000\000\000\000\004"
  callId: 548
}
, term: 2
index: 13
stateMachineLogEntry {
  logData: "m8"
  stateMachineEntry {
    stateMachineData: "StateMachine Data"
  }
  clientId: "\000\000\000\000\000\000\000\000\000\000\000\000\000\000\000\004"
  callId: 552
}
, term: 2
index: 15
stateMachineLogEntry {
  logData: "m3"
  stateMachineEntry {
    stateMachineData: "StateMachine Data"
  }
  clientId: "\000\000\000\000\000\000\000\000\000\000\000\000\000\000\000\004"
  callId: 547
}
, term: 2
index: 17
stateMachineLogEntry {
  logData: "m7"
  stateMachineEntry {
    stateMachineData: "StateMachine Data"
  }
  clientId: "\000\000\000\000\000\000\000\000\000\000\000\000\000\000\000\004"
  callId: 551
}
, term: 2
index: 19
stateMachineLogEntry {
  logData: "m5"
  stateMachineEntry {
    stateMachineData: "StateMachine Data"
  }
  clientId: "\000\000\000\000\000\000\000\000\000\000\000\000\000\000\000\004"
  callId: 549
}
, term: 2
index: 21
stateMachineLogEntry {
  logData: "m9"
  stateMachineEntry {
    stateMachineData: "StateMachine Data"
  }
  clientId: "\000\000\000\000\000\000\000\000\000\000\000\000\000\000\000\004"
  callId: 553
}
, term: 2
index: 23
stateMachineLogEntry {
  logData: "m10"
  stateMachineEntry {
    stateMachineData: "StateMachine Data"
  }
  clientId: "\000\000\000\000\000\000\000\000\000\000\000\000\000\000\000\004"
  callId: 554
}
, term: 2
index: 25
stateMachineLogEntry {
  logData: "m14"
  stateMachineEntry {
    stateMachineData: "StateMachine Data"
  }
  clientId: "\000\000\000\000\000\000\000\000\000\000\000\000\000\000\000\004"
  callId: 558
}
, term: 2
index: 27
stateMachineLogEntry {
  logData: "m11"
  stateMachineEntry {
    stateMachineData: "StateMachine Data"
  }
  clientId: "\000\000\000\000\000\000\000\000\000\000\000\000\000\000\000\004"
  callId: 555
}
, term: 2
index: 29
stateMachineLogEntry {
  logData: "m12"
  stateMachineEntry {
    stateMachineData: "StateMachine Data"
  }
  clientId: "\000\000\000\000\000\000\000\000\000\000\000\000\000\000\000\004"
  callId: 556
}
, term: 2
index: 31
stateMachineLogEntry {
  logData: "m16"
  stateMachineEntry {
    stateMachineData: "StateMachine Data"
  }
  clientId: "\000\000\000\000\000\000\000\000\000\000\000\000\000\000\000\004"
  callId: 560
}
, term: 2
index: 33
stateMachineLogEntry {
  logData: "m15"
  stateMachineEntry {
    stateMachineData: "StateMachine Data"
  }
  clientId: "\000\000\000\000\000\000\000\000\000\000\000\000\000\000\000\004"
  callId: 559
}
, term: 2
index: 35
stateMachineLogEntry {
  logData: "m19"
  stateMachineEntry {
    stateMachineData: "StateMachine Data"
  }
  clientId: "\000\000\000\000\000\000\000\000\000\000\000\000\000\000\000\004"
  callId: 563
}
, term: 2
index: 37
stateMachineLogEntry {
  logData: "m18"
  stateMachineEntry {
    stateMachineData: "StateMachine Data"
  }
  clientId: "\000\000\000\000\000\000\000\000\000\000\000\000\000\000\000\004"
  callId: 562
}
, term: 2
index: 39
stateMachineLogEntry {
  logData: "m22"
  stateMachineEntry {
    stateMachineData: "StateMachine Data"
  }
  clientId: "\000\000\000\000\000\000\000\000\000\000\000\000\000\000\000\004"
  callId: 566
}
, term: 2
index: 41
stateMachineLogEntry {
  logData: "m13"
  stateMachineEntry {
    stateMachineData: "StateMachine Data"
  }
  clientId: "\000\000\000\000\000\000\000\000\000\000\000\000\000\000\000\004"
  callId: 557
}
, term: 2
index: 43
stateMachineLogEntry {
  logData: "m26"
  stateMachineEntry {
    stateMachineData: "StateMachine Data"
  }
  clientId: "\000\000\000\000\000\000\000\000\000\000\000\000\000\000\000\004"
  callId: 570
}
, term: 2
index: 45
stateMachineLogEntry {
  logData: "m20"
  stateMachineEntry {
    stateMachineData: "StateMachine Data"
  }
  clientId: "\000\000\000\000\000\000\000\000\000\000\000\000\000\000\000\004"
  callId: 564
}
, term: 2
index: 47
stateMachineLogEntry {
  logData: "m17"
  stateMachineEntry {
    stateMachineData: "StateMachine Data"
  }
  clientId: "\000\000\000\000\000\000\000\000\000\000\000\000\000\000\000\004"
  callId: 561
}
, term: 2
index: 49
stateMachineLogEntry {
  logData: "m21"
  stateMachineEntry {
    stateMachineData: "StateMachine Data"
  }
  clientId: "\000\000\000\000\000\000\000\000\000\000\000\000\000\000\000\004"
  callId: 565
}
, term: 2
index: 51
stateMachineLogEntry {
  logData: "m25"
  stateMachineEntry {
    stateMachineData: "StateMachine Data"
  }
  clientId: "\000\000\000\000\000\000\000\000\000\000\000\000\000\000\000\004"
  callId: 569
}
, term: 2
index: 53
stateMachineLogEntry {
  logData: "m24"
  stateMachineEntry {
    stateMachineData: "StateMachine Data"
  }
  clientId: "\000\000\000\000\000\000\000\000\000\000\000\000\000\000\000\004"
  callId: 568
}
, term: 2
index: 55
stateMachineLogEntry {
  logData: "m28"
  stateMachineEntry {
    stateMachineData: "StateMachine Data"
  }
  clientId: "\000\000\000\000\000\000\000\000\000\000\000\000\000\000\000\004"
  callId: 572
}
, term: 2
index: 57
stateMachineLogEntry {
  logData: "m32"
  stateMachineEntry {
    stateMachineData: "StateMachine Data"
  }
  clientId: "\000\000\000\000\000\000\000\000\000\000\000\000\000\000\000\004"
  callId: 576
}
, term: 2
index: 59
stateMachineLogEntry {
  logData: "m30"
  stateMachineEntry {
    stateMachineData: "StateMachine Data"
  }
  clientId: "\000\000\000\000\000\000\000\000\000\000\000\000\000\000\000\004"
  callId: 574
}
, term: 2
index: 61
stateMachineLogEntry {
  logData: "m29"
  stateMachineEntry {
    stateMachineData: "StateMachine Data"
  }
  clientId: "\000\000\000\000\000\000\000\000\000\000\000\000\000\000\000\004"
  callId: 573
}
, term: 2
index: 63
stateMachineLogEntry {
  logData: "m33"
  stateMachineEntry {
    stateMachineData: "StateMachine Data"
  }
  clientId: "\000\000\000\000\000\000\000\000\000\000\000\000\000\000\000\004"
  callId: 577
}
, term: 2
index: 65
stateMachineLogEntry {
  logData: "m37"
  stateMachineEntry {
    stateMachineData: "StateMachine Data"
  }
  clientId: "\000\000\000\000\000\000\000\000\000\000\000\000\000\000\000\004"
  callId: 581
}
, term: 2
index: 67
stateMachineLogEntry {
  logData: "m36"
  stateMachineEntry {
    stateMachineData: "StateMachine Data"
  }
  clientId: "\000\000\000\000\000\000\000\000\000\000\000\000\000\000\000\004"
  callId: 580
}
, term: 2
index: 69
stateMachineLogEntry {
  logData: "m34"
  stateMachineEntry {
    stateMachineData: "StateMachine Data"
  }
  clientId: "\000\000\000\000\000\000\000\000\000\000\000\000\000\000\000\004"
  callId: 578
}
, term: 2
index: 71
stateMachineLogEntry {
  logData: "m38"
  stateMachineEntry {
    stateMachineData: "StateMachine Data"
  }
  clientId: "\000\000\000\000\000\000\000\000\000\000\000\000\000\000\000\004"
  callId: 582
}
, term: 2
index: 73
stateMachineLogEntry {
  logData: "m42"
  stateMachineEntry {
    stateMachineData: "StateMachine Data"
  }
  clientId: "\000\000\000\000\000\000\000\000\000\000\000\000\000\000\000\004"
  callId: 586
}
, term: 2
index: 75
stateMachineLogEntry {
  logData: "m23"
  stateMachineEntry {
    stateMachineData: "StateMachine Data"
  }
  clientId: "\000\000\000\000\000\000\000\000\000\000\000\000\000\000\000\004"
  callId: 567
}
, term: 2
index: 77
stateMachineLogEntry {
  logData: "m27"
  stateMachineEntry {
    stateMachineData: "StateMachine Data"
  }
  clientId: "\000\000\000\000\000\000\000\000\000\000\000\000\000\000\000\004"
  callId: 571
}
, term: 2
index: 79
stateMachineLogEntry {
  logData: "m31"
  stateMachineEntry {
    stateMachineData: "StateMachine Data"
  }
  clientId: "\000\000\000\000\000\000\000\000\000\000\000\000\000\000\000\004"
  callId: 575
}
, term: 2
index: 81
stateMachineLogEntry {
  logData: "m35"
  stateMachineEntry {
    stateMachineData: "StateMachine Data"
  }
  clientId: "\000\000\000\000\000\000\000\000\000\000\000\000\000\000\000\004"
  callId: 579
}
, term: 2
index: 83
stateMachineLogEntry {
  logData: "m39"
  stateMachineEntry {
    stateMachineData: "StateMachine Data"
  }
  clientId: "\000\000\000\000\000\000\000\000\000\000\000\000\000\000\000\004"
  callId: 583
}
, term: 2
index: 85
stateMachineLogEntry {
  logData: "m43"
  stateMachineEntry {
    stateMachineData: "StateMachine Data"
  }
  clientId: "\000\000\000\000\000\000\000\000\000\000\000\000\000\000\000\004"
  callId: 587
}
, term: 2
index: 87
stateMachineLogEntry {
  logData: "m47"
  stateMachineEntry {
    stateMachineData: "StateMachine Data"
  }
  clientId: "\000\000\000\000\000\000\000\000\000\000\000\000\000\000\000\004"
  callId: 591
}
, term: 2
index: 89
stateMachineLogEntry {
  logData: "m51"
  stateMachineEntry {
    stateMachineData: "StateMachine Data"
  }
  clientId: "\000\000\000\000\000\000\000\000\000\000\000\000\000\000\000\004"
  callId: 595
}
, term: 2
index: 91
stateMachineLogEntry {
  logData: "m41"
  stateMachineEntry {
    stateMachineData: "StateMachine Data"
  }
  clientId: "\000\000\000\000\000\000\000\000\000\000\000\000\000\000\000\004"
  callId: 585
}
, term: 2
index: 93
stateMachineLogEntry {
  logData: "m45"
  stateMachineEntry {
    stateMachineData: "StateMachine Data"
  }
  clientId: "\000\000\000\000\000\000\000\000\000\000\000\000\000\000\000\004"
  callId: 589
}
, term: 2
index: 95
stateMachineLogEntry {
  logData: "m49"
  stateMachineEntry {
    stateMachineData: "StateMachine Data"
  }
  clientId: "\000\000\000\000\000\000\000\000\000\000\000\000\000\000\000\004"
  callId: 593
}
, term: 2
index: 97
stateMachineLogEntry {
  logData: "m40"
  stateMachineEntry {
    stateMachineData: "StateMachine Data"
  }
  clientId: "\000\000\000\000\000\000\000\000\000\000\000\000\000\000\000\004"
  callId: 584
}
, term: 2
index: 99
stateMachineLogEntry {
  logData: "m44"
  stateMachineEntry {
    stateMachineData: "StateMachine Data"
  }
  clientId: "\000\000\000\000\000\000\000\000\000\000\000\000\000\000\000\004"
  callId: 588
}
, term: 2
index: 101
stateMachineLogEntry {
  logData: "m48"
  stateMachineEntry {
    stateMachineData: "StateMachine Data"
  }
  clientId: "\000\000\000\000\000\000\000\000\000\000\000\000\000\000\000\004"
  callId: 592
}
, term: 2
index: 103
stateMachineLogEntry {
  logData: "m52"
  stateMachineEntry {
    stateMachineData: "StateMachine Data"
  }
  clientId: "\000\000\000\000\000\000\000\000\000\000\000\000\000\000\000\004"
  callId: 596
}
, term: 2
index: 105
stateMachineLogEntry {
  logData: "m56"
  stateMachineEntry {
    stateMachineData: "StateMachine Data"
  }
  clientId: "\000\000\000\000\000\000\000\000\000\000\000\000\000\000\000\004"
  callId: 600
}
, term: 2
index: 107
stateMachineLogEntry {
  logData: "m46"
  stateMachineEntry {
    stateMachineData: "StateMachine Data"
  }
  clientId: "\000\000\000\000\000\000\000\000\000\000\000\000\000\000\000\004"
  callId: 590
}
, term: 2
index: 109
stateMachineLogEntry {
  logData: "m55"
  stateMachineEntry {
    stateMachineData: "StateMachine Data"
  }
  clientId: "\000\000\000\000\000\000\000\000\000\000\000\000\000\000\000\004"
  callId: 599
}
, term: 2
index: 111
stateMachineLogEntry {
  logData: "m50"
  stateMachineEntry {
    stateMachineData: "StateMachine Data"
  }
  clientId: "\000\000\000\000\000\000\000\000\000\000\000\000\000\000\000\004"
  callId: 594
}
, term: 2
index: 113
stateMachineLogEntry {
  logData: "m54"
  stateMachineEntry {
    stateMachineData: "StateMachine Data"
  }
  clientId: "\000\000\000\000\000\000\000\000\000\000\000\000\000\000\000\004"
  callId: 598
}
, term: 2
index: 115
stateMachineLogEntry {
  logData: "m58"
  stateMachineEntry {
    stateMachineData: "StateMachine Data"
  }
  clientId: "\000\000\000\000\000\000\000\000\000\000\000\000\000\000\000\004"
  callId: 602
}
, term: 2
index: 117
stateMachineLogEntry {
  logData: "m53"
  stateMachineEntry {
    stateMachineData: "StateMachine Data"
  }
  clientId: "\000\000\000\000\000\000\000\000\000\000\000\000\000\000\000\004"
  callId: 597
}
, term: 2
index: 119
stateMachineLogEntry {
  logData: "m57"
  stateMachineEntry {
    stateMachineData: "StateMachine Data"
  }
  clientId: "\000\000\000\000\000\000\000\000\000\000\000\000\000\000\000\004"
  callId: 601
}
, term: 2
index: 121
stateMachineLogEntry {
  logData: "m60"
  stateMachineEntry {
    stateMachineData: "StateMachine Data"
  }
  clientId: "\000\000\000\000\000\000\000\000\000\000\000\000\000\000\000\004"
  callId: 604
}
, term: 2
index: 123
stateMachineLogEntry {
  logData: "m59"
  stateMachineEntry {
    stateMachineData: "StateMachine Data"
  }
  clientId: "\000\000\000\000\000\000\000\000\000\000\000\000\000\000\000\004"
  callId: 603
}
, term: 2
index: 125
stateMachineLogEntry {
  logData: "m63"
  stateMachineEntry {
    stateMachineData: "StateMachine Data"
  }
  clientId: "\000\000\000\000\000\000\000\000\000\000\000\000\000\000\000\004"
  callId: 607
}
, term: 2
index: 127
stateMachineLogEntry {
  logData: "m62"
  stateMachineEntry {
    stateMachineData: "StateMachine Data"
  }
  clientId: "\000\000\000\000\000\000\000\000\000\000\000\000\000\000\000\004"
  callId: 606
}
, term: 2
index: 129
stateMachineLogEntry {
  logData: "m61"
  stateMachineEntry {
    stateMachineData: "StateMachine Data"
  }
  clientId: "\000\000\000\000\000\000\000\000\000\000\000\000\000\000\000\004"
  callId: 605
}
, term: 2
index: 131
stateMachineLogEntry {
  logData: "m65"
  stateMachineEntry {
    stateMachineData: "StateMachine Data"
  }
  clientId: "\000\000\000\000\000\000\000\000\000\000\000\000\000\000\000\004"
  callId: 609
}
, term: 2
index: 133
stateMachineLogEntry {
  logData: "m67"
  stateMachineEntry {
    stateMachineData: "StateMachine Data"
  }
  clientId: "\000\000\000\000\000\000\000\000\000\000\000\000\000\000\000\004"
  callId: 611
}
, term: 2
index: 135
stateMachineLogEntry {
  logData: "m70"
  stateMachineEntry {
    stateMachineData: "StateMachine Data"
  }
  clientId: "\000\000\000\000\000\000\000\000\000\000\000\000\000\000\000\004"
  callId: 614
}
, term: 2
index: 137
stateMachineLogEntry {
  logData: "m66"
  stateMachineEntry {
    stateMachineData: "StateMachine Data"
  }
  clientId: "\000\000\000\000\000\000\000\000\000\000\000\000\000\000\000\004"
  callId: 610
}
, term: 2
index: 139
stateMachineLogEntry {
  logData: "m64"
  stateMachineEntry {
    stateMachineData: "StateMachine Data"
  }
  clientId: "\000\000\000\000\000\000\000\000\000\000\000\000\000\000\000\004"
  callId: 608
}
, term: 2
index: 141
stateMachineLogEntry {
  logData: "m68"
  stateMachineEntry {
    stateMachineData: "StateMachine Data"
  }
  clientId: "\000\000\000\000\000\000\000\000\000\000\000\000\000\000\000\004"
  callId: 612
}
, term: 2
index: 143
stateMachineLogEntry {
  logData: "m69"
  stateMachineEntry {
    stateMachineData: "StateMachine Data"
  }
  clientId: "\000\000\000\000\000\000\000\000\000\000\000\000\000\000\000\004"
  callId: 613
}
, term: 2
index: 145
stateMachineLogEntry {
  logData: "m73"
  stateMachineEntry {
    stateMachineData: "StateMachine Data"
  }
  clientId: "\000\000\000\000\000\000\000\000\000\000\000\000\000\000\000\004"
  callId: 617
}
, term: 2
index: 147
stateMachineLogEntry {
  logData: "m75"
  stateMachineEntry {
    stateMachineData: "StateMachine Data"
  }
  clientId: "\000\000\000\000\000\000\000\000\000\000\000\000\000\000\000\004"
  callId: 619
}
, term: 2
index: 149
stateMachineLogEntry {
  logData: "m71"
  stateMachineEntry {
    stateMachineData: "StateMachine Data"
  }
  clientId: "\000\000\000\000\000\000\000\000\000\000\000\000\000\000\000\004"
  callId: 615
}
, term: 2
index: 151
stateMachineLogEntry {
  logData: "m74"
  stateMachineEntry {
    stateMachineData: "StateMachine Data"
  }
  clientId: "\000\000\000\000\000\000\000\000\000\000\000\000\000\000\000\004"
  callId: 618
}
, term: 2
index: 153
stateMachineLogEntry {
  logData: "m72"
  stateMachineEntry {
    stateMachineData: "StateMachine Data"
  }
  clientId: "\000\000\000\000\000\000\000\000\000\000\000\000\000\000\000\004"
  callId: 616
}
, term: 2
index: 155
stateMachineLogEntry {
  logData: "m76"
  stateMachineEntry {
    stateMachineData: "StateMachine Data"
  }
  clientId: "\000\000\000\000\000\000\000\000\000\000\000\000\000\000\000\004"
  callId: 620
}
, term: 2
index: 157
stateMachineLogEntry {
  logData: "m77"
  stateMachineEntry {
    stateMachineData: "StateMachine Data"
  }
  clientId: "\000\000\000\000\000\000\000\000\000\000\000\000\000\000\000\004"
  callId: 621
}
, term: 2
index: 159
stateMachineLogEntry {
  logData: "m79"
  stateMachineEntry {
    stateMachineData: "StateMachine Data"
  }
  clientId: "\000\000\000\000\000\000\000\000\000\000\000\000\000\000\000\004"
  callId: 623
}
, term: 2
index: 161
stateMachineLogEntry {
  logData: "m78"
  stateMachineEntry {
    stateMachineData: "StateMachine Data"
  }
  clientId: "\000\000\000\000\000\000\000\000\000\000\000\000\000\000\000\004"
  callId: 622
}
, term: 2
index: 163
stateMachineLogEntry {
  logData: "m82"
  stateMachineEntry {
    stateMachineData: "StateMachine Data"
  }
  clientId: "\000\000\000\000\000\000\000\000\000\000\000\000\000\000\000\004"
  callId: 626
}
, term: 2
index: 165
stateMachineLogEntry {
  logData: "m81"
  stateMachineEntry {
    stateMachineData: "StateMachine Data"
  }
  clientId: "\000\000\000\000\000\000\000\000\000\000\000\000\000\000\000\004"
  callId: 625
}
, term: 2
index: 167
stateMachineLogEntry {
  logData: "m85"
  stateMachineEntry {
    stateMachineData: "StateMachine Data"
  }
  clientId: "\000\000\000\000\000\000\000\000\000\000\000\000\000\000\000\004"
  callId: 629
}
, term: 2
index: 169
stateMachineLogEntry {
  logData: "m89"
  stateMachineEntry {
    stateMachineData: "StateMachine Data"
  }
  clientId: "\000\000\000\000\000\000\000\000\000\000\000\000\000\000\000\004"
  callId: 633
}
, term: 2
index: 171
stateMachineLogEntry {
  logData: "m80"
  stateMachineEntry {
    stateMachineData: "StateMachine Data"
  }
  clientId: "\000\000\000\000\000\000\000\000\000\000\000\000\000\000\000\004"
  callId: 624
}
, term: 2
index: 173
stateMachineLogEntry {
  logData: "m84"
  stateMachineEntry {
    stateMachineData: "StateMachine Data"
  }
  clientId: "\000\000\000\000\000\000\000\000\000\000\000\000\000\000\000\004"
  callId: 628
}
, term: 2
index: 175
stateMachineLogEntry {
  logData: "m88"
  stateMachineEntry {
    stateMachineData: "StateMachine Data"
  }
  clientId: "\000\000\000\000\000\000\000\000\000\000\000\000\000\000\000\004"
  callId: 632
}
, term: 2
index: 177
stateMachineLogEntry {
  logData: "m83"
  stateMachineEntry {
    stateMachineData: "StateMachine Data"
  }
  clientId: "\000\000\000\000\000\000\000\000\000\000\000\000\000\000\000\004"
  callId: 627
}
, term: 2
index: 179
stateMachineLogEntry {
  logData: "m87"
  stateMachineEntry {
    stateMachineData: "StateMachine Data"
  }
  clientId: "\000\000\000\000\000\000\000\000\000\000\000\000\000\000\000\004"
  callId: 631
}
, term: 2
index: 181
stateMachineLogEntry {
  logData: "m91"
  stateMachineEntry {
    stateMachineData: "StateMachine Data"
  }
  clientId: "\000\000\000\000\000\000\000\000\000\000\000\000\000\000\000\004"
  callId: 635
}
, term: 2
index: 183
stateMachineLogEntry {
  logData: "m86"
  stateMachineEntry {
    stateMachineData: "StateMachine Data"
  }
  clientId: "\000\000\000\000\000\000\000\000\000\000\000\000\000\000\000\004"
  callId: 630
}
, term: 2
index: 185
stateMachineLogEntry {
  logData: "m90"
  stateMachineEntry {
    stateMachineData: "StateMachine Data"
  }
  clientId: "\000\000\000\000\000\000\000\000\000\000\000\000\000\000\000\004"
  callId: 634
}
, term: 2
index: 187
stateMachineLogEntry {
  logData: "m94"
  stateMachineEntry {
    stateMachineData: "StateMachine Data"
  }
  clientId: "\000\000\000\000\000\000\000\000\000\000\000\000\000\000\000\004"
  callId: 638
}
, term: 2
index: 189
stateMachineLogEntry {
  logData: "m98"
  stateMachineEntry {
    stateMachineData: "StateMachine Data"
  }
  clientId: "\000\000\000\000\000\000\000\000\000\000\000\000\000\000\000\004"
  callId: 642
}
, term: 2
index: 191
stateMachineLogEntry {
  logData: "m93"
  stateMachineEntry {
    stateMachineData: "StateMachine Data"
  }
  clientId: "\000\000\000\000\000\000\000\000\000\000\000\000\000\000\000\004"
  callId: 637
}
, term: 2
index: 193
stateMachineLogEntry {
  logData: "m97"
  stateMachineEntry {
    stateMachineData: "StateMachine Data"
  }
  clientId: "\000\000\000\000\000\000\000\000\000\000\000\000\000\000\000\004"
  callId: 641
}
, term: 2
index: 195
stateMachineLogEntry {
  logData: "m92"
  stateMachineEntry {
    stateMachineData: "StateMachine Data"
  }
  clientId: "\000\000\000\000\000\000\000\000\000\000\000\000\000\000\000\004"
  callId: 636
}
, term: 2
index: 197
stateMachineLogEntry {
  logData: "m96"
  stateMachineEntry {
    stateMachineData: "StateMachine Data"
  }
  clientId: "\000\000\000\000\000\000\000\000\000\000\000\000\000\000\000\004"
  callId: 640
}
, term: 2
index: 199
stateMachineLogEntry {
  logData: "m95"
  stateMachineEntry {
    stateMachineData: "StateMachine Data"
  }
  clientId: "\000\000\000\000\000\000\000\000\000\000\000\000\000\000\000\004"
  callId: 639
}
, term: 2
index: 201
stateMachineLogEntry {
  logData: "m99"
  stateMachineEntry {
    stateMachineData: "StateMachine Data"
  }
  clientId: "\000\000\000\000\000\000\000\000\000\000\000\000\000\000\000\004"
  callId: 657
}
] ==> expected: <true> but was: <false>
	at org.apache.ratis.RaftBasicTests.findLogEntriesContaining(RaftBasicTests.java:135)
	at org.apache.ratis.RaftBasicTests.lambda$assertLogEntriesContaining$0(RaftBasicTests.java:146)
	at org.apache.ratis.util.JavaUtils.lambda$attempt$0(JavaUtils.java:212)
	at org.apache.ratis.util.JavaUtils.attempt(JavaUtils.java:225)
	at org.apache.ratis.util.JavaUtils.attempt(JavaUtils.java:212)
	at org.apache.ratis.RaftBasicTests.assertLogEntriesContaining(RaftBasicTests.java:144)
	at org.apache.ratis.RaftBasicTests.runTestBasicAppendEntries(RaftBasicTests.java:205)
	at org.apache.ratis.RaftAsyncTests.lambda$runTestBasicAppendEntriesAsync$0(RaftAsyncTests.java:268)
	at org.apache.ratis.server.impl.MiniRaftCluster$Factory$Get.runWithNewCluster(MiniRaftCluster.java:146)
	at org.apache.ratis.server.impl.MiniRaftCluster$Factory$Get.runWithNewCluster(MiniRaftCluster.java:124)
	at org.apache.ratis.RaftAsyncTests.runTestBasicAppendEntriesAsync(RaftAsyncTests.java:267)
	at org.apache.ratis.RaftAsyncTests.testBasicAppendEntriesAsyncKillLeader(RaftAsyncTests.java:278)
	at java.base/java.lang.reflect.Method.invoke(Method.java:565)
	at java.base/java.util.ArrayList.forEach(ArrayList.java:1604)
	at java.base/java.util.ArrayList.forEach(ArrayList.java:1604)

[INFO] Running org.apache.ratis.netty.TestRaftAsyncWithNetty
[ERROR] Tests run: 1, Failures: 1, Errors: 0, Skipped: 0, Time elapsed: 60.10 s <<< FAILURE! -- in org.apache.ratis.netty.TestRaftAsyncWithNetty
[ERROR] org.apache.ratis.netty.TestRaftAsyncWithNetty.testBasicAppendEntriesAsyncKillLeader -- Time elapsed: 60.10 s <<< FAILURE!
org.opentest4j.AssertionFailedError: 
Failed to find m4 in entries [term: 3
index: 5
stateMachineLogEntry {
  logData: "m0"
  stateMachineEntry {
    stateMachineData: "StateMachine Data"
  }
  clientId: "\000\000\000\000\000\000\000\000\000\000\000\000\000\000\000\023"
  callId: 14826
}
, term: 3
index: 7
stateMachineLogEntry {
  logData: "m22"
  stateMachineEntry {
    stateMachineData: "StateMachine Data"
  }
  clientId: "\000\000\000\000\000\000\000\000\000\000\000\000\000\000\000\023"
  callId: 14848
}
, term: 3
index: 9
stateMachineLogEntry {
  logData: "m23"
  stateMachineEntry {
    stateMachineData: "StateMachine Data"
  }
  clientId: "\000\000\000\000\000\000\000\000\000\000\000\000\000\000\000\023"
  callId: 14849
}
, term: 3
index: 11
stateMachineLogEntry {
  logData: "m24"
  stateMachineEntry {
    stateMachineData: "StateMachine Data"
  }
  clientId: "\000\000\000\000\000\000\000\000\000\000\000\000\000\000\000\023"
  callId: 14850
}
, term: 3
index: 13
stateMachineLogEntry {
  logData: "m32"
  stateMachineEntry {
    stateMachineData: "StateMachine Data"
  }
  clientId: "\000\000\000\000\000\000\000\000\000\000\000\000\000\000\000\023"
  callId: 14858
}
, term: 3
index: 15
stateMachineLogEntry {
  logData: "m28"
  stateMachineEntry {
    stateMachineData: "StateMachine Data"
  }
  clientId: "\000\000\000\000\000\000\000\000\000\000\000\000\000\000\000\023"
  callId: 14854
}
, term: 3
index: 17
stateMachineLogEntry {
  logData: "m30"
  stateMachineEntry {
    stateMachineData: "StateMachine Data"
  }
  clientId: "\000\000\000\000\000\000\000\000\000\000\000\000\000\000\000\023"
  callId: 14856
}
, term: 3
index: 19
stateMachineLogEntry {
  logData: "m26"
  stateMachineEntry {
    stateMachineData: "StateMachine Data"
  }
  clientId: "\000\000\000\000\000\000\000\000\000\000\000\000\000\000\000\023"
  callId: 14852
}
, term: 3
index: 21
stateMachineLogEntry {
  logData: "m25"
  stateMachineEntry {
    stateMachineData: "StateMachine Data"
  }
  clientId: "\000\000\000\000\000\000\000\000\000\000\000\000\000\000\000\023"
  callId: 14851
}
, term: 3
index: 23
stateMachineLogEntry {
  logData: "m33"
  stateMachineEntry {
    stateMachineData: "StateMachine Data"
  }
  clientId: "\000\000\000\000\000\000\000\000\000\000\000\000\000\000\000\023"
  callId: 14859
}
, term: 3
index: 25
stateMachineLogEntry {
  logData: "m29"
  stateMachineEntry {
    stateMachineData: "StateMachine Data"
  }
  clientId: "\000\000\000\000\000\000\000\000\000\000\000\000\000\000\000\023"
  callId: 14855
}
, term: 3
index: 27
stateMachineLogEntry {
  logData: "m27"
  stateMachineEntry {
    stateMachineData: "StateMachine Data"
  }
  clientId: "\000\000\000\000\000\000\000\000\000\000\000\000\000\000\000\023"
  callId: 14853
}
, term: 3
index: 29
stateMachineLogEntry {
  logData: "m31"
  stateMachineEntry {
    stateMachineData: "StateMachine Data"
  }
  clientId: "\000\000\000\000\000\000\000\000\000\000\000\000\000\000\000\023"
  callId: 14857
}
, term: 3
index: 31
stateMachineLogEntry {
  logData: "m36"
  stateMachineEntry {
    stateMachineData: "StateMachine Data"
  }
  clientId: "\000\000\000\000\000\000\000\000\000\000\000\000\000\000\000\023"
  callId: 14862
}
, term: 3
index: 33
stateMachineLogEntry {
  logData: "m40"
  stateMachineEntry {
    stateMachineData: "StateMachine Data"
  }
  clientId: "\000\000\000\000\000\000\000\000\000\000\000\000\000\000\000\023"
  callId: 14866
}
, term: 3
index: 35
stateMachineLogEntry {
  logData: "m37"
  stateMachineEntry {
    stateMachineData: "StateMachine Data"
  }
  clientId: "\000\000\000\000\000\000\000\000\000\000\000\000\000\000\000\023"
  callId: 14863
}
, term: 3
index: 37
stateMachineLogEntry {
  logData: "m41"
  stateMachineEntry {
    stateMachineData: "StateMachine Data"
  }
  clientId: "\000\000\000\000\000\000\000\000\000\000\000\000\000\000\000\023"
  callId: 14867
}
, term: 3
index: 39
stateMachineLogEntry {
  logData: "m45"
  stateMachineEntry {
    stateMachineData: "StateMachine Data"
  }
  clientId: "\000\000\000\000\000\000\000\000\000\000\000\000\000\000\000\023"
  callId: 14871
}
, term: 3
index: 41
stateMachineLogEntry {
  logData: "m49"
  stateMachineEntry {
    stateMachineData: "StateMachine Data"
  }
  clientId: "\000\000\000\000\000\000\000\000\000\000\000\000\000\000\000\023"
  callId: 14875
}
, term: 3
index: 43
stateMachineLogEntry {
  logData: "m35"
  stateMachineEntry {
    stateMachineData: "StateMachine Data"
  }
  clientId: "\000\000\000\000\000\000\000\000\000\000\000\000\000\000\000\023"
  callId: 14861
}
, term: 3
index: 45
stateMachineLogEntry {
  logData: "m39"
  stateMachineEntry {
    stateMachineData: "StateMachine Data"
  }
  clientId: "\000\000\000\000\000\000\000\000\000\000\000\000\000\000\000\023"
  callId: 14865
}
, term: 3
index: 47
stateMachineLogEntry {
  logData: "m43"
  stateMachineEntry {
    stateMachineData: "StateMachine Data"
  }
  clientId: "\000\000\000\000\000\000\000\000\000\000\000\000\000\000\000\023"
  callId: 14869
}
, term: 3
index: 49
stateMachineLogEntry {
  logData: "m47"
  stateMachineEntry {
    stateMachineData: "StateMachine Data"
  }
  clientId: "\000\000\000\000\000\000\000\000\000\000\000\000\000\000\000\023"
  callId: 14873
}
, term: 3
index: 51
stateMachineLogEntry {
  logData: "m51"
  stateMachineEntry {
    stateMachineData: "StateMachine Data"
  }
  clientId: "\000\000\000\000\000\000\000\000\000\000\000\000\000\000\000\023"
  callId: 14877
}
, term: 3
index: 53
stateMachineLogEntry {
  logData: "m44"
  stateMachineEntry {
    stateMachineData: "StateMachine Data"
  }
  clientId: "\000\000\000\000\000\000\000\000\000\000\000\000\000\000\000\023"
  callId: 14870
}
, term: 3
index: 55
stateMachineLogEntry {
  logData: "m48"
  stateMachineEntry {
    stateMachineData: "StateMachine Data"
  }
  clientId: "\000\000\000\000\000\000\000\000\000\000\000\000\000\000\000\023"
  callId: 14874
}
, term: 3
index: 57
stateMachineLogEntry {
  logData: "m34"
  stateMachineEntry {
    stateMachineData: "StateMachine Data"
  }
  clientId: "\000\000\000\000\000\000\000\000\000\000\000\000\000\000\000\023"
  callId: 14860
}
, term: 3
index: 59
stateMachineLogEntry {
  logData: "m38"
  stateMachineEntry {
    stateMachineData: "StateMachine Data"
  }
  clientId: "\000\000\000\000\000\000\000\000\000\000\000\000\000\000\000\023"
  callId: 14864
}
, term: 3
index: 61
stateMachineLogEntry {
  logData: "m42"
  stateMachineEntry {
    stateMachineData: "StateMachine Data"
  }
  clientId: "\000\000\000\000\000\000\000\000\000\000\000\000\000\000\000\023"
  callId: 14868
}
, term: 3
index: 63
stateMachineLogEntry {
  logData: "m46"
  stateMachineEntry {
    stateMachineData: "StateMachine Data"
  }
  clientId: "\000\000\000\000\000\000\000\000\000\000\000\000\000\000\000\023"
  callId: 14872
}
, term: 3
index: 65
stateMachineLogEntry {
  logData: "m50"
  stateMachineEntry {
    stateMachineData: "StateMachine Data"
  }
  clientId: "\000\000\000\000\000\000\000\000\000\000\000\000\000\000\000\023"
  callId: 14876
}
, term: 3
index: 67
stateMachineLogEntry {
  logData: "m54"
  stateMachineEntry {
    stateMachineData: "StateMachine Data"
  }
  clientId: "\000\000\000\000\000\000\000\000\000\000\000\000\000\000\000\023"
  callId: 14880
}
, term: 3
index: 69
stateMachineLogEntry {
  logData: "m58"
  stateMachineEntry {
    stateMachineData: "StateMachine Data"
  }
  clientId: "\000\000\000\000\000\000\000\000\000\000\000\000\000\000\000\023"
  callId: 14884
}
, term: 3
index: 71
stateMachineLogEntry {
  logData: "m53"
  stateMachineEntry {
    stateMachineData: "StateMachine Data"
  }
  clientId: "\000\000\000\000\000\000\000\000\000\000\000\000\000\000\000\023"
  callId: 14879
}
, term: 3
index: 73
stateMachineLogEntry {
  logData: "m57"
  stateMachineEntry {
    stateMachineData: "StateMachine Data"
  }
  clientId: "\000\000\000\000\000\000\000\000\000\000\000\000\000\000\000\023"
  callId: 14883
}
, term: 3
index: 75
stateMachineLogEntry {
  logData: "m52"
  stateMachineEntry {
    stateMachineData: "StateMachine Data"
  }
  clientId: "\000\000\000\000\000\000\000\000\000\000\000\000\000\000\000\023"
  callId: 14878
}
, term: 3
index: 77
stateMachineLogEntry {
  logData: "m56"
  stateMachineEntry {
    stateMachineData: "StateMachine Data"
  }
  clientId: "\000\000\000\000\000\000\000\000\000\000\000\000\000\000\000\023"
  callId: 14882
}
, term: 3
index: 79
stateMachineLogEntry {
  logData: "m60"
  stateMachineEntry {
    stateMachineData: "StateMachine Data"
  }
  clientId: "\000\000\000\000\000\000\000\000\000\000\000\000\000\000\000\023"
  callId: 14886
}
, term: 3
index: 81
stateMachineLogEntry {
  logData: "m64"
  stateMachineEntry {
    stateMachineData: "StateMachine Data"
  }
  clientId: "\000\000\000\000\000\000\000\000\000\000\000\000\000\000\000\023"
  callId: 14890
}
, term: 3
index: 83
stateMachineLogEntry {
  logData: "m55"
  stateMachineEntry {
    stateMachineData: "StateMachine Data"
  }
  clientId: "\000\000\000\000\000\000\000\000\000\000\000\000\000\000\000\023"
  callId: 14881
}
, term: 3
index: 85
stateMachineLogEntry {
  logData: "m59"
  stateMachineEntry {
    stateMachineData: "StateMachine Data"
  }
  clientId: "\000\000\000\000\000\000\000\000\000\000\000\000\000\000\000\023"
  callId: 14885
}
, term: 3
index: 87
stateMachineLogEntry {
  logData: "m63"
  stateMachineEntry {
    stateMachineData: "StateMachine Data"
  }
  clientId: "\000\000\000\000\000\000\000\000\000\000\000\000\000\000\000\023"
  callId: 14889
}
, term: 3
index: 89
stateMachineLogEntry {
  logData: "m67"
  stateMachineEntry {
    stateMachineData: "StateMachine Data"
  }
  clientId: "\000\000\000\000\000\000\000\000\000\000\000\000\000\000\000\023"
  callId: 14893
}
, term: 3
index: 91
stateMachineLogEntry {
  logData: "m61"
  stateMachineEntry {
    stateMachineData: "StateMachine Data"
  }
  clientId: "\000\000\000\000\000\000\000\000\000\000\000\000\000\000\000\023"
  callId: 14887
}
, term: 3
index: 93
stateMachineLogEntry {
  logData: "m65"
  stateMachineEntry {
    stateMachineData: "StateMachine Data"
  }
  clientId: "\000\000\000\000\000\000\000\000\000\000\000\000\000\000\000\023"
  callId: 14891
}
, term: 3
index: 95
stateMachineLogEntry {
  logData: "m68"
  stateMachineEntry {
    stateMachineData: "StateMachine Data"
  }
  clientId: "\000\000\000\000\000\000\000\000\000\000\000\000\000\000\000\023"
  callId: 14894
}
, term: 3
index: 97
stateMachineLogEntry {
  logData: "m69"
  stateMachineEntry {
    stateMachineData: "StateMachine Data"
  }
  clientId: "\000\000\000\000\000\000\000\000\000\000\000\000\000\000\000\023"
  callId: 14895
}
, term: 3
index: 99
stateMachineLogEntry {
  logData: "m72"
  stateMachineEntry {
    stateMachineData: "StateMachine Data"
  }
  clientId: "\000\000\000\000\000\000\000\000\000\000\000\000\000\000\000\023"
  callId: 14898
}
, term: 3
index: 101
stateMachineLogEntry {
  logData: "m73"
  stateMachineEntry {
    stateMachineData: "StateMachine Data"
  }
  clientId: "\000\000\000\000\000\000\000\000\000\000\000\000\000\000\000\023"
  callId: 14899
}
, term: 3
index: 103
stateMachineLogEntry {
  logData: "m76"
  stateMachineEntry {
    stateMachineData: "StateMachine Data"
  }
  clientId: "\000\000\000\000\000\000\000\000\000\000\000\000\000\000\000\023"
  callId: 14902
}
, term: 3
index: 105
stateMachineLogEntry {
  logData: "m71"
  stateMachineEntry {
    stateMachineData: "StateMachine Data"
  }
  clientId: "\000\000\000\000\000\000\000\000\000\000\000\000\000\000\000\023"
  callId: 14897
}
, term: 3
index: 107
stateMachineLogEntry {
  logData: "m75"
  stateMachineEntry {
    stateMachineData: "StateMachine Data"
  }
  clientId: "\000\000\000\000\000\000\000\000\000\000\000\000\000\000\000\023"
  callId: 14901
}
, term: 3
index: 109
stateMachineLogEntry {
  logData: "m62"
  stateMachineEntry {
    stateMachineData: "StateMachine Data"
  }
  clientId: "\000\000\000\000\000\000\000\000\000\000\000\000\000\000\000\023"
  callId: 14888
}
, term: 3
index: 111
stateMachineLogEntry {
  logData: "m66"
  stateMachineEntry {
    stateMachineData: "StateMachine Data"
  }
  clientId: "\000\000\000\000\000\000\000\000\000\000\000\000\000\000\000\023"
  callId: 14892
}
, term: 3
index: 113
stateMachineLogEntry {
  logData: "m70"
  stateMachineEntry {
    stateMachineData: "StateMachine Data"
  }
  clientId: "\000\000\000\000\000\000\000\000\000\000\000\000\000\000\000\023"
  callId: 14896
}
, term: 3
index: 115
stateMachineLogEntry {
  logData: "m74"
  stateMachineEntry {
    stateMachineData: "StateMachine Data"
  }
  clientId: "\000\000\000\000\000\000\000\000\000\000\000\000\000\000\000\023"
  callId: 14900
}
, term: 3
index: 117
stateMachineLogEntry {
  logData: "m79"
  stateMachineEntry {
    stateMachineData: "StateMachine Data"
  }
  clientId: "\000\000\000\000\000\000\000\000\000\000\000\000\000\000\000\023"
  callId: 14905
}
, term: 3
index: 119
stateMachineLogEntry {
  logData: "m83"
  stateMachineEntry {
    stateMachineData: "StateMachine Data"
  }
  clientId: "\000\000\000\000\000\000\000\000\000\000\000\000\000\000\000\023"
  callId: 14909
}
, term: 3
index: 121
stateMachineLogEntry {
  logData: "m77"
  stateMachineEntry {
    stateMachineData: "StateMachine Data"
  }
  clientId: "\000\000\000\000\000\000\000\000\000\000\000\000\000\000\000\023"
  callId: 14903
}
, term: 3
index: 123
stateMachineLogEntry {
  logData: "m81"
  stateMachineEntry {
    stateMachineData: "StateMachine Data"
  }
  clientId: "\000\000\000\000\000\000\000\000\000\000\000\000\000\000\000\023"
  callId: 14907
}
, term: 3
index: 125
stateMachineLogEntry {
  logData: "m80"
  stateMachineEntry {
    stateMachineData: "StateMachine Data"
  }
  clientId: "\000\000\000\000\000\000\000\000\000\000\000\000\000\000\000\023"
  callId: 14906
}
, term: 3
index: 127
stateMachineLogEntry {
  logData: "m84"
  stateMachineEntry {
    stateMachineData: "StateMachine Data"
  }
  clientId: "\000\000\000\000\000\000\000\000\000\000\000\000\000\000\000\023"
  callId: 14910
}
, term: 3
index: 129
stateMachineLogEntry {
  logData: "m78"
  stateMachineEntry {
    stateMachineData: "StateMachine Data"
  }
  clientId: "\000\000\000\000\000\000\000\000\000\000\000\000\000\000\000\023"
  callId: 14904
}
, term: 3
index: 131
stateMachineLogEntry {
  logData: "m82"
  stateMachineEntry {
    stateMachineData: "StateMachine Data"
  }
  clientId: "\000\000\000\000\000\000\000\000\000\000\000\000\000\000\000\023"
  callId: 14908
}
, term: 3
index: 133
stateMachineLogEntry {
  logData: "m90"
  stateMachineEntry {
    stateMachineData: "StateMachine Data"
  }
  clientId: "\000\000\000\000\000\000\000\000\000\000\000\000\000\000\000\023"
  callId: 14916
}
, term: 3
index: 135
stateMachineLogEntry {
  logData: "m86"
  stateMachineEntry {
    stateMachineData: "StateMachine Data"
  }
  clientId: "\000\000\000\000\000\000\000\000\000\000\000\000\000\000\000\023"
  callId: 14912
}
, term: 3
index: 137
stateMachineLogEntry {
  logData: "m91"
  stateMachineEntry {
    stateMachineData: "StateMachine Data"
  }
  clientId: "\000\000\000\000\000\000\000\000\000\000\000\000\000\000\000\023"
  callId: 14917
}
, term: 3
index: 139
stateMachineLogEntry {
  logData: "m87"
  stateMachineEntry {
    stateMachineData: "StateMachine Data"
  }
  clientId: "\000\000\000\000\000\000\000\000\000\000\000\000\000\000\000\023"
  callId: 14913
}
, term: 3
index: 141
stateMachineLogEntry {
  logData: "m92"
  stateMachineEntry {
    stateMachineData: "StateMachine Data"
  }
  clientId: "\000\000\000\000\000\000\000\000\000\000\000\000\000\000\000\023"
  callId: 14918
}
, term: 3
index: 143
stateMachineLogEntry {
  logData: "m88"
  stateMachineEntry {
    stateMachineData: "StateMachine Data"
  }
  clientId: "\000\000\000\000\000\000\000\000\000\000\000\000\000\000\000\023"
  callId: 14914
}
, term: 3
index: 145
stateMachineLogEntry {
  logData: "m95"
  stateMachineEntry {
    stateMachineData: "StateMachine Data"
  }
  clientId: "\000\000\000\000\000\000\000\000\000\000\000\000\000\000\000\023"
  callId: 14921
}
, term: 3
index: 147
stateMachineLogEntry {
  logData: "m99"
  stateMachineEntry {
    stateMachineData: "StateMachine Data"
  }
  clientId: "\000\000\000\000\000\000\000\000\000\000\000\000\000\000\000\023"
  callId: 14943
}
, term: 3
index: 149
stateMachineLogEntry {
  logData: "m8"
  stateMachineEntry {
    stateMachineData: "StateMachine Data"
  }
  clientId: "\000\000\000\000\000\000\000\000\000\000\000\000\000\000\000\023"
  callId: 14834
}
, term: 3
index: 151
stateMachineLogEntry {
  logData: "m12"
  stateMachineEntry {
    stateMachineData: "StateMachine Data"
  }
  clientId: "\000\000\000\000\000\000\000\000\000\000\000\000\000\000\000\023"
  callId: 14838
}
, term: 3
index: 153
stateMachineLogEntry {
  logData: "m4"
  stateMachineEntry {
    stateMachineData: "StateMachine Data"
  }
  clientId: "\000\000\000\000\000\000\000\000\000\000\000\000\000\000\000\023"
  callId: 14830
}
, term: 3
index: 155
stateMachineLogEntry {
  logData: "m96"
  stateMachineEntry {
    stateMachineData: "StateMachine Data"
  }
  clientId: "\000\000\000\000\000\000\000\000\000\000\000\000\000\000\000\023"
  callId: 14922
}
, term: 3
index: 157
stateMachineLogEntry {
  logData: "m1"
  stateMachineEntry {
    stateMachineData: "StateMachine Data"
  }
  clientId: "\000\000\000\000\000\000\000\000\000\000\000\000\000\000\000\023"
  callId: 14827
}
, term: 3
index: 159
stateMachineLogEntry {
  logData: "m9"
  stateMachineEntry {
    stateMachineData: "StateMachine Data"
  }
  clientId: "\000\000\000\000\000\000\000\000\000\000\000\000\000\000\000\023"
  callId: 14835
}
, term: 3
index: 161
stateMachineLogEntry {
  logData: "m5"
  stateMachineEntry {
    stateMachineData: "StateMachine Data"
  }
  clientId: "\000\000\000\000\000\000\000\000\000\000\000\000\000\000\000\023"
  callId: 14831
}
, term: 3
index: 163
stateMachineLogEntry {
  logData: "m13"
  stateMachineEntry {
    stateMachineData: "StateMachine Data"
  }
  clientId: "\000\000\000\000\000\000\000\000\000\000\000\000\000\000\000\023"
  callId: 14839
}
, term: 3
index: 165
stateMachineLogEntry {
  logData: "m85"
  stateMachineEntry {
    stateMachineData: "StateMachine Data"
  }
  clientId: "\000\000\000\000\000\000\000\000\000\000\000\000\000\000\000\023"
  callId: 14911
}
, term: 3
index: 167
stateMachineLogEntry {
  logData: "m89"
  stateMachineEntry {
    stateMachineData: "StateMachine Data"
  }
  clientId: "\000\000\000\000\000\000\000\000\000\000\000\000\000\000\000\023"
  callId: 14915
}
, term: 3
index: 169
stateMachineLogEntry {
  logData: "m97"
  stateMachineEntry {
    stateMachineData: "StateMachine Data"
  }
  clientId: "\000\000\000\000\000\000\000\000\000\000\000\000\000\000\000\023"
  callId: 14923
}
, term: 3
index: 171
stateMachineLogEntry {
  logData: "m2"
  stateMachineEntry {
    stateMachineData: "StateMachine Data"
  }
  clientId: "\000\000\000\000\000\000\000\000\000\000\000\000\000\000\000\023"
  callId: 14828
}
, term: 3
index: 173
stateMachineLogEntry {
  logData: "m93"
  stateMachineEntry {
    stateMachineData: "StateMachine Data"
  }
  clientId: "\000\000\000\000\000\000\000\000\000\000\000\000\000\000\000\023"
  callId: 14919
}
, term: 3
index: 175
stateMachineLogEntry {
  logData: "m6"
  stateMachineEntry {
    stateMachineData: "StateMachine Data"
  }
  clientId: "\000\000\000\000\000\000\000\000\000\000\000\000\000\000\000\023"
  callId: 14832
}
, term: 3
index: 177
stateMachineLogEntry {
  logData: "m10"
  stateMachineEntry {
    stateMachineData: "StateMachine Data"
  }
  clientId: "\000\000\000\000\000\000\000\000\000\000\000\000\000\000\000\023"
  callId: 14836
}
, term: 3
index: 179
stateMachineLogEntry {
  logData: "m94"
  stateMachineEntry {
    stateMachineData: "StateMachine Data"
  }
  clientId: "\000\000\000\000\000\000\000\000\000\000\000\000\000\000\000\023"
  callId: 14920
}
, term: 3
index: 181
stateMachineLogEntry {
  logData: "m98"
  stateMachineEntry {
    stateMachineData: "StateMachine Data"
  }
  clientId: "\000\000\000\000\000\000\000\000\000\000\000\000\000\000\000\023"
  callId: 14924
}
, term: 3
index: 183
stateMachineLogEntry {
  logData: "m3"
  stateMachineEntry {
    stateMachineData: "StateMachine Data"
  }
  clientId: "\000\000\000\000\000\000\000\000\000\000\000\000\000\000\000\023"
  callId: 14829
}
, term: 3
index: 185
stateMachineLogEntry {
  logData: "m7"
  stateMachineEntry {
    stateMachineData: "StateMachine Data"
  }
  clientId: "\000\000\000\000\000\000\000\000\000\000\000\000\000\000\000\023"
  callId: 14833
}
, term: 3
index: 187
stateMachineLogEntry {
  logData: "m11"
  stateMachineEntry {
    stateMachineData: "StateMachine Data"
  }
  clientId: "\000\000\000\000\000\000\000\000\000\000\000\000\000\000\000\023"
  callId: 14837
}
, term: 3
index: 189
stateMachineLogEntry {
  logData: "m19"
  stateMachineEntry {
    stateMachineData: "StateMachine Data"
  }
  clientId: "\000\000\000\000\000\000\000\000\000\000\000\000\000\000\000\023"
  callId: 14845
}
, term: 3
index: 191
stateMachineLogEntry {
  logData: "m15"
  stateMachineEntry {
    stateMachineData: "StateMachine Data"
  }
  clientId: "\000\000\000\000\000\000\000\000\000\000\000\000\000\000\000\023"
  callId: 14841
}
, term: 3
index: 193
stateMachineLogEntry {
  logData: "m16"
  stateMachineEntry {
    stateMachineData: "StateMachine Data"
  }
  clientId: "\000\000\000\000\000\000\000\000\000\000\000\000\000\000\000\023"
  callId: 14842
}
, term: 3
index: 195
stateMachineLogEntry {
  logData: "m20"
  stateMachineEntry {
    stateMachineData: "StateMachine Data"
  }
  clientId: "\000\000\000\000\000\000\000\000\000\000\000\000\000\000\000\023"
  callId: 14846
}
, term: 3
index: 197
stateMachineLogEntry {
  logData: "m21"
  stateMachineEntry {
    stateMachineData: "StateMachine Data"
  }
  clientId: "\000\000\000\000\000\000\000\000\000\000\000\000\000\000\000\023"
  callId: 14847
}
, term: 3
index: 199
stateMachineLogEntry {
  logData: "m17"
  stateMachineEntry {
    stateMachineData: "StateMachine Data"
  }
  clientId: "\000\000\000\000\000\000\000\000\000\000\000\000\000\000\000\023"
  callId: 14843
}
, term: 3
index: 201
stateMachineLogEntry {
  logData: "m14"
  stateMachineEntry {
    stateMachineData: "StateMachine Data"
  }
  clientId: "\000\000\000\000\000\000\000\000\000\000\000\000\000\000\000\023"
  callId: 14840
}
, term: 3
index: 203
stateMachineLogEntry {
  logData: "m18"
  stateMachineEntry {
    stateMachineData: "StateMachine Data"
  }
  clientId: "\000\000\000\000\000\000\000\000\000\000\000\000\000\000\000\023"
  callId: 14844
}
] ==> expected: <true> but was: <false>
	at org.apache.ratis.RaftBasicTests.findLogEntriesContaining(RaftBasicTests.java:135)
	at org.apache.ratis.RaftBasicTests.lambda$assertLogEntriesContaining$0(RaftBasicTests.java:146)
	at org.apache.ratis.util.JavaUtils.lambda$attempt$0(JavaUtils.java:212)
	at org.apache.ratis.util.JavaUtils.attempt(JavaUtils.java:225)
	at org.apache.ratis.util.JavaUtils.attempt(JavaUtils.java:212)
	at org.apache.ratis.RaftBasicTests.assertLogEntriesContaining(RaftBasicTests.java:144)
	at org.apache.ratis.RaftBasicTests.runTestBasicAppendEntries(RaftBasicTests.java:205)
	at org.apache.ratis.RaftAsyncTests.lambda$runTestBasicAppendEntriesAsync$0(RaftAsyncTests.java:268)
	at org.apache.ratis.server.impl.MiniRaftCluster$Factory$Get.runWithNewCluster(MiniRaftCluster.java:146)
	at org.apache.ratis.server.impl.MiniRaftCluster$Factory$Get.runWithNewCluster(MiniRaftCluster.java:124)
	at org.apache.ratis.RaftAsyncTests.runTestBasicAppendEntriesAsync(RaftAsyncTests.java:267)
	at org.apache.ratis.RaftAsyncTests.testBasicAppendEntriesAsyncKillLeader(RaftAsyncTests.java:278)
	at java.base/java.lang.reflect.Method.invoke(Method.java:565)
	at java.base/java.util.ArrayList.forEach(ArrayList.java:1604)
	at java.base/java.util.ArrayList.forEach(ArrayList.java:1604)

[INFO] Running org.apache.ratis.netty.TestRaftAsyncWithNetty
[ERROR] Tests run: 1, Failures: 1, Errors: 0, Skipped: 0, Time elapsed: 59.82 s <<< FAILURE! -- in org.apache.ratis.netty.TestRaftAsyncWithNetty
[ERROR] org.apache.ratis.netty.TestRaftAsyncWithNetty.testBasicAppendEntriesAsyncKillLeader -- Time elapsed: 59.82 s <<< FAILURE!
org.opentest4j.AssertionFailedError: 
Failed to find m7 in entries [term: 3
index: 5
stateMachineLogEntry {
  logData: "m0"
  stateMachineEntry {
    stateMachineData: "StateMachine Data"
  }
  clientId: "\000\000\000\000\000\000\000\000\000\000\000\000\000\000\000\024"
  callId: 21404
}
, term: 3
index: 7
stateMachineLogEntry {
  logData: "m99"
  stateMachineEntry {
    stateMachineData: "StateMachine Data"
  }
  clientId: "\000\000\000\000\000\000\000\000\000\000\000\000\000\000\000\024"
  callId: 21515
}
, term: 3
index: 9
stateMachineLogEntry {
  logData: "m1"
  stateMachineEntry {
    stateMachineData: "StateMachine Data"
  }
  clientId: "\000\000\000\000\000\000\000\000\000\000\000\000\000\000\000\024"
  callId: 21405
}
, term: 3
index: 11
stateMachineLogEntry {
  logData: "m2"
  stateMachineEntry {
    stateMachineData: "StateMachine Data"
  }
  clientId: "\000\000\000\000\000\000\000\000\000\000\000\000\000\000\000\024"
  callId: 21406
}
, term: 3
index: 13
stateMachineLogEntry {
  logData: "m3"
  stateMachineEntry {
    stateMachineData: "StateMachine Data"
  }
  clientId: "\000\000\000\000\000\000\000\000\000\000\000\000\000\000\000\024"
  callId: 21407
}
, term: 3
index: 15
stateMachineLogEntry {
  logData: "m11"
  stateMachineEntry {
    stateMachineData: "StateMachine Data"
  }
  clientId: "\000\000\000\000\000\000\000\000\000\000\000\000\000\000\000\024"
  callId: 21415
}
, term: 3
index: 17
stateMachineLogEntry {
  logData: "m8"
  stateMachineEntry {
    stateMachineData: "StateMachine Data"
  }
  clientId: "\000\000\000\000\000\000\000\000\000\000\000\000\000\000\000\024"
  callId: 21412
}
, term: 3
index: 19
stateMachineLogEntry {
  logData: "m7"
  stateMachineEntry {
    stateMachineData: "StateMachine Data"
  }
  clientId: "\000\000\000\000\000\000\000\000\000\000\000\000\000\000\000\024"
  callId: 21411
}
, term: 3
index: 21
stateMachineLogEntry {
  logData: "m4"
  stateMachineEntry {
    stateMachineData: "StateMachine Data"
  }
  clientId: "\000\000\000\000\000\000\000\000\000\000\000\000\000\000\000\024"
  callId: 21408
}
, term: 3
index: 23
stateMachineLogEntry {
  logData: "m5"
  stateMachineEntry {
    stateMachineData: "StateMachine Data"
  }
  clientId: "\000\000\000\000\000\000\000\000\000\000\000\000\000\000\000\024"
  callId: 21409
}
, term: 3
index: 25
stateMachineLogEntry {
  logData: "m9"
  stateMachineEntry {
    stateMachineData: "StateMachine Data"
  }
  clientId: "\000\000\000\000\000\000\000\000\000\000\000\000\000\000\000\024"
  callId: 21413
}
, term: 3
index: 27
stateMachineLogEntry {
  logData: "m10"
  stateMachineEntry {
    stateMachineData: "StateMachine Data"
  }
  clientId: "\000\000\000\000\000\000\000\000\000\000\000\000\000\000\000\024"
  callId: 21414
}
, term: 3
index: 29
stateMachineLogEntry {
  logData: "m6"
  stateMachineEntry {
    stateMachineData: "StateMachine Data"
  }
  clientId: "\000\000\000\000\000\000\000\000\000\000\000\000\000\000\000\024"
  callId: 21410
}
, term: 3
index: 31
stateMachineLogEntry {
  logData: "m15"
  stateMachineEntry {
    stateMachineData: "StateMachine Data"
  }
  clientId: "\000\000\000\000\000\000\000\000\000\000\000\000\000\000\000\024"
  callId: 21419
}
, term: 3
index: 33
stateMachineLogEntry {
  logData: "m13"
  stateMachineEntry {
    stateMachineData: "StateMachine Data"
  }
  clientId: "\000\000\000\000\000\000\000\000\000\000\000\000\000\000\000\024"
  callId: 21417
}
, term: 3
index: 35
stateMachineLogEntry {
  logData: "m19"
  stateMachineEntry {
    stateMachineData: "StateMachine Data"
  }
  clientId: "\000\000\000\000\000\000\000\000\000\000\000\000\000\000\000\024"
  callId: 21423
}
, term: 3
index: 37
stateMachineLogEntry {
  logData: "m17"
  stateMachineEntry {
    stateMachineData: "StateMachine Data"
  }
  clientId: "\000\000\000\000\000\000\000\000\000\000\000\000\000\000\000\024"
  callId: 21421
}
, term: 3
index: 39
stateMachineLogEntry {
  logData: "m21"
  stateMachineEntry {
    stateMachineData: "StateMachine Data"
  }
  clientId: "\000\000\000\000\000\000\000\000\000\000\000\000\000\000\000\024"
  callId: 21425
}
, term: 3
index: 41
stateMachineLogEntry {
  logData: "m12"
  stateMachineEntry {
    stateMachineData: "StateMachine Data"
  }
  clientId: "\000\000\000\000\000\000\000\000\000\000\000\000\000\000\000\024"
  callId: 21416
}
, term: 3
index: 43
stateMachineLogEntry {
  logData: "m16"
  stateMachineEntry {
    stateMachineData: "StateMachine Data"
  }
  clientId: "\000\000\000\000\000\000\000\000\000\000\000\000\000\000\000\024"
  callId: 21420
}
, term: 3
index: 45
stateMachineLogEntry {
  logData: "m20"
  stateMachineEntry {
    stateMachineData: "StateMachine Data"
  }
  clientId: "\000\000\000\000\000\000\000\000\000\000\000\000\000\000\000\024"
  callId: 21424
}
, term: 3
index: 47
stateMachineLogEntry {
  logData: "m24"
  stateMachineEntry {
    stateMachineData: "StateMachine Data"
  }
  clientId: "\000\000\000\000\000\000\000\000\000\000\000\000\000\000\000\024"
  callId: 21428
}
, term: 3
index: 49
stateMachineLogEntry {
  logData: "m28"
  stateMachineEntry {
    stateMachineData: "StateMachine Data"
  }
  clientId: "\000\000\000\000\000\000\000\000\000\000\000\000\000\000\000\024"
  callId: 21432
}
, term: 3
index: 51
stateMachineLogEntry {
  logData: "m32"
  stateMachineEntry {
    stateMachineData: "StateMachine Data"
  }
  clientId: "\000\000\000\000\000\000\000\000\000\000\000\000\000\000\000\024"
  callId: 21436
}
, term: 3
index: 53
stateMachineLogEntry {
  logData: "m14"
  stateMachineEntry {
    stateMachineData: "StateMachine Data"
  }
  clientId: "\000\000\000\000\000\000\000\000\000\000\000\000\000\000\000\024"
  callId: 21418
}
, term: 3
index: 55
stateMachineLogEntry {
  logData: "m18"
  stateMachineEntry {
    stateMachineData: "StateMachine Data"
  }
  clientId: "\000\000\000\000\000\000\000\000\000\000\000\000\000\000\000\024"
  callId: 21422
}
, term: 3
index: 57
stateMachineLogEntry {
  logData: "m22"
  stateMachineEntry {
    stateMachineData: "StateMachine Data"
  }
  clientId: "\000\000\000\000\000\000\000\000\000\000\000\000\000\000\000\024"
  callId: 21426
}
, term: 3
index: 59
stateMachineLogEntry {
  logData: "m26"
  stateMachineEntry {
    stateMachineData: "StateMachine Data"
  }
  clientId: "\000\000\000\000\000\000\000\000\000\000\000\000\000\000\000\024"
  callId: 21430
}
, term: 3
index: 61
stateMachineLogEntry {
  logData: "m30"
  stateMachineEntry {
    stateMachineData: "StateMachine Data"
  }
  clientId: "\000\000\000\000\000\000\000\000\000\000\000\000\000\000\000\024"
  callId: 21434
}
, term: 3
index: 63
stateMachineLogEntry {
  logData: "m23"
  stateMachineEntry {
    stateMachineData: "StateMachine Data"
  }
  clientId: "\000\000\000\000\000\000\000\000\000\000\000\000\000\000\000\024"
  callId: 21427
}
, term: 3
index: 65
stateMachineLogEntry {
  logData: "m27"
  stateMachineEntry {
    stateMachineData: "StateMachine Data"
  }
  clientId: "\000\000\000\000\000\000\000\000\000\000\000\000\000\000\000\024"
  callId: 21431
}
, term: 3
index: 67
stateMachineLogEntry {
  logData: "m31"
  stateMachineEntry {
    stateMachineData: "StateMachine Data"
  }
  clientId: "\000\000\000\000\000\000\000\000\000\000\000\000\000\000\000\024"
  callId: 21435
}
, term: 3
index: 69
stateMachineLogEntry {
  logData: "m35"
  stateMachineEntry {
    stateMachineData: "StateMachine Data"
  }
  clientId: "\000\000\000\000\000\000\000\000\000\000\000\000\000\000\000\024"
  callId: 21439
}
, term: 3
index: 71
stateMachineLogEntry {
  logData: "m39"
  stateMachineEntry {
    stateMachineData: "StateMachine Data"
  }
  clientId: "\000\000\000\000\000\000\000\000\000\000\000\000\000\000\000\024"
  callId: 21443
}
, term: 3
index: 73
stateMachineLogEntry {
  logData: "m43"
  stateMachineEntry {
    stateMachineData: "StateMachine Data"
  }
  clientId: "\000\000\000\000\000\000\000\000\000\000\000\000\000\000\000\024"
  callId: 21447
}
, term: 3
index: 75
stateMachineLogEntry {
  logData: "m36"
  stateMachineEntry {
    stateMachineData: "StateMachine Data"
  }
  clientId: "\000\000\000\000\000\000\000\000\000\000\000\000\000\000\000\024"
  callId: 21440
}
, term: 3
index: 77
stateMachineLogEntry {
  logData: "m40"
  stateMachineEntry {
    stateMachineData: "StateMachine Data"
  }
  clientId: "\000\000\000\000\000\000\000\000\000\000\000\000\000\000\000\024"
  callId: 21444
}
, term: 3
index: 79
stateMachineLogEntry {
  logData: "m34"
  stateMachineEntry {
    stateMachineData: "StateMachine Data"
  }
  clientId: "\000\000\000\000\000\000\000\000\000\000\000\000\000\000\000\024"
  callId: 21438
}
, term: 3
index: 81
stateMachineLogEntry {
  logData: "m38"
  stateMachineEntry {
    stateMachineData: "StateMachine Data"
  }
  clientId: "\000\000\000\000\000\000\000\000\000\000\000\000\000\000\000\024"
  callId: 21442
}
, term: 3
index: 83
stateMachineLogEntry {
  logData: "m42"
  stateMachineEntry {
    stateMachineData: "StateMachine Data"
  }
  clientId: "\000\000\000\000\000\000\000\000\000\000\000\000\000\000\000\024"
  callId: 21446
}
, term: 3
index: 85
stateMachineLogEntry {
  logData: "m25"
  stateMachineEntry {
    stateMachineData: "StateMachine Data"
  }
  clientId: "\000\000\000\000\000\000\000\000\000\000\000\000\000\000\000\024"
  callId: 21429
}
, term: 3
index: 87
stateMachineLogEntry {
  logData: "m29"
  stateMachineEntry {
    stateMachineData: "StateMachine Data"
  }
  clientId: "\000\000\000\000\000\000\000\000\000\000\000\000\000\000\000\024"
  callId: 21433
}
, term: 3
index: 89
stateMachineLogEntry {
  logData: "m33"
  stateMachineEntry {
    stateMachineData: "StateMachine Data"
  }
  clientId: "\000\000\000\000\000\000\000\000\000\000\000\000\000\000\000\024"
  callId: 21437
}
, term: 3
index: 91
stateMachineLogEntry {
  logData: "m37"
  stateMachineEntry {
    stateMachineData: "StateMachine Data"
  }
  clientId: "\000\000\000\000\000\000\000\000\000\000\000\000\000\000\000\024"
  callId: 21441
}
, term: 3
index: 93
stateMachineLogEntry {
  logData: "m41"
  stateMachineEntry {
    stateMachineData: "StateMachine Data"
  }
  clientId: "\000\000\000\000\000\000\000\000\000\000\000\000\000\000\000\024"
  callId: 21445
}
, term: 3
index: 95
stateMachineLogEntry {
  logData: "m45"
  stateMachineEntry {
    stateMachineData: "StateMachine Data"
  }
  clientId: "\000\000\000\000\000\000\000\000\000\000\000\000\000\000\000\024"
  callId: 21449
}
, term: 3
index: 97
stateMachineLogEntry {
  logData: "m49"
  stateMachineEntry {
    stateMachineData: "StateMachine Data"
  }
  clientId: "\000\000\000\000\000\000\000\000\000\000\000\000\000\000\000\024"
  callId: 21453
}
, term: 3
index: 99
stateMachineLogEntry {
  logData: "m53"
  stateMachineEntry {
    stateMachineData: "StateMachine Data"
  }
  clientId: "\000\000\000\000\000\000\000\000\000\000\000\000\000\000\000\024"
  callId: 21457
}
, term: 3
index: 101
stateMachineLogEntry {
  logData: "m57"
  stateMachineEntry {
    stateMachineData: "StateMachine Data"
  }
  clientId: "\000\000\000\000\000\000\000\000\000\000\000\000\000\000\000\024"
  callId: 21461
}
, term: 3
index: 103
stateMachineLogEntry {
  logData: "m47"
  stateMachineEntry {
    stateMachineData: "StateMachine Data"
  }
  clientId: "\000\000\000\000\000\000\000\000\000\000\000\000\000\000\000\024"
  callId: 21451
}
, term: 3
index: 105
stateMachineLogEntry {
  logData: "m51"
  stateMachineEntry {
    stateMachineData: "StateMachine Data"
  }
  clientId: "\000\000\000\000\000\000\000\000\000\000\000\000\000\000\000\024"
  callId: 21455
}
, term: 3
index: 107
stateMachineLogEntry {
  logData: "m55"
  stateMachineEntry {
    stateMachineData: "StateMachine Data"
  }
  clientId: "\000\000\000\000\000\000\000\000\000\000\000\000\000\000\000\024"
  callId: 21459
}
, term: 3
index: 109
stateMachineLogEntry {
  logData: "m59"
  stateMachineEntry {
    stateMachineData: "StateMachine Data"
  }
  clientId: "\000\000\000\000\000\000\000\000\000\000\000\000\000\000\000\024"
  callId: 21463
}
, term: 3
index: 111
stateMachineLogEntry {
  logData: "m44"
  stateMachineEntry {
    stateMachineData: "StateMachine Data"
  }
  clientId: "\000\000\000\000\000\000\000\000\000\000\000\000\000\000\000\024"
  callId: 21448
}
, term: 3
index: 113
stateMachineLogEntry {
  logData: "m48"
  stateMachineEntry {
    stateMachineData: "StateMachine Data"
  }
  clientId: "\000\000\000\000\000\000\000\000\000\000\000\000\000\000\000\024"
  callId: 21452
}
, term: 3
index: 115
stateMachineLogEntry {
  logData: "m52"
  stateMachineEntry {
    stateMachineData: "StateMachine Data"
  }
  clientId: "\000\000\000\000\000\000\000\000\000\000\000\000\000\000\000\024"
  callId: 21456
}
, term: 3
index: 117
stateMachineLogEntry {
  logData: "m56"
  stateMachineEntry {
    stateMachineData: "StateMachine Data"
  }
  clientId: "\000\000\000\000\000\000\000\000\000\000\000\000\000\000\000\024"
  callId: 21460
}
, term: 3
index: 119
stateMachineLogEntry {
  logData: "m60"
  stateMachineEntry {
    stateMachineData: "StateMachine Data"
  }
  clientId: "\000\000\000\000\000\000\000\000\000\000\000\000\000\000\000\024"
  callId: 21464
}
, term: 3
index: 121
stateMachineLogEntry {
  logData: "m46"
  stateMachineEntry {
    stateMachineData: "StateMachine Data"
  }
  clientId: "\000\000\000\000\000\000\000\000\000\000\000\000\000\000\000\024"
  callId: 21450
}
, term: 3
index: 123
stateMachineLogEntry {
  logData: "m50"
  stateMachineEntry {
    stateMachineData: "StateMachine Data"
  }
  clientId: "\000\000\000\000\000\000\000\000\000\000\000\000\000\000\000\024"
  callId: 21454
}
, term: 3
index: 125
stateMachineLogEntry {
  logData: "m54"
  stateMachineEntry {
    stateMachineData: "StateMachine Data"
  }
  clientId: "\000\000\000\000\000\000\000\000\000\000\000\000\000\000\000\024"
  callId: 21458
}
, term: 3
index: 127
stateMachineLogEntry {
  logData: "m58"
  stateMachineEntry {
    stateMachineData: "StateMachine Data"
  }
  clientId: "\000\000\000\000\000\000\000\000\000\000\000\000\000\000\000\024"
  callId: 21462
}
, term: 3
index: 129
stateMachineLogEntry {
  logData: "m74"
  stateMachineEntry {
    stateMachineData: "StateMachine Data"
  }
  clientId: "\000\000\000\000\000\000\000\000\000\000\000\000\000\000\000\024"
  callId: 21478
}
, term: 3
index: 131
stateMachineLogEntry {
  logData: "m78"
  stateMachineEntry {
    stateMachineData: "StateMachine Data"
  }
  clientId: "\000\000\000\000\000\000\000\000\000\000\000\000\000\000\000\024"
  callId: 21482
}
, term: 3
index: 133
stateMachineLogEntry {
  logData: "m70"
  stateMachineEntry {
    stateMachineData: "StateMachine Data"
  }
  clientId: "\000\000\000\000\000\000\000\000\000\000\000\000\000\000\000\024"
  callId: 21474
}
, term: 3
index: 135
stateMachineLogEntry {
  logData: "m62"
  stateMachineEntry {
    stateMachineData: "StateMachine Data"
  }
  clientId: "\000\000\000\000\000\000\000\000\000\000\000\000\000\000\000\024"
  callId: 21466
}
, term: 3
index: 137
stateMachineLogEntry {
  logData: "m66"
  stateMachineEntry {
    stateMachineData: "StateMachine Data"
  }
  clientId: "\000\000\000\000\000\000\000\000\000\000\000\000\000\000\000\024"
  callId: 21470
}
, term: 3
index: 139
stateMachineLogEntry {
  logData: "m69"
  stateMachineEntry {
    stateMachineData: "StateMachine Data"
  }
  clientId: "\000\000\000\000\000\000\000\000\000\000\000\000\000\000\000\024"
  callId: 21473
}
, term: 3
index: 141
stateMachineLogEntry {
  logData: "m73"
  stateMachineEntry {
    stateMachineData: "StateMachine Data"
  }
  clientId: "\000\000\000\000\000\000\000\000\000\000\000\000\000\000\000\024"
  callId: 21477
}
, term: 3
index: 143
stateMachineLogEntry {
  logData: "m77"
  stateMachineEntry {
    stateMachineData: "StateMachine Data"
  }
  clientId: "\000\000\000\000\000\000\000\000\000\000\000\000\000\000\000\024"
  callId: 21481
}
, term: 3
index: 145
stateMachineLogEntry {
  logData: "m65"
  stateMachineEntry {
    stateMachineData: "StateMachine Data"
  }
  clientId: "\000\000\000\000\000\000\000\000\000\000\000\000\000\000\000\024"
  callId: 21469
}
, term: 3
index: 147
stateMachineLogEntry {
  logData: "m61"
  stateMachineEntry {
    stateMachineData: "StateMachine Data"
  }
  clientId: "\000\000\000\000\000\000\000\000\000\000\000\000\000\000\000\024"
  callId: 21465
}
, term: 3
index: 149
stateMachineLogEntry {
  logData: "m72"
  stateMachineEntry {
    stateMachineData: "StateMachine Data"
  }
  clientId: "\000\000\000\000\000\000\000\000\000\000\000\000\000\000\000\024"
  callId: 21476
}
, term: 3
index: 151
stateMachineLogEntry {
  logData: "m76"
  stateMachineEntry {
    stateMachineData: "StateMachine Data"
  }
  clientId: "\000\000\000\000\000\000\000\000\000\000\000\000\000\000\000\024"
  callId: 21480
}
, term: 3
index: 153
stateMachineLogEntry {
  logData: "m68"
  stateMachineEntry {
    stateMachineData: "StateMachine Data"
  }
  clientId: "\000\000\000\000\000\000\000\000\000\000\000\000\000\000\000\024"
  callId: 21472
}
, term: 3
index: 155
stateMachineLogEntry {
  logData: "m64"
  stateMachineEntry {
    stateMachineData: "StateMachine Data"
  }
  clientId: "\000\000\000\000\000\000\000\000\000\000\000\000\000\000\000\024"
  callId: 21468
}
, term: 3
index: 157
stateMachineLogEntry {
  logData: "m75"
  stateMachineEntry {
    stateMachineData: "StateMachine Data"
  }
  clientId: "\000\000\000\000\000\000\000\000\000\000\000\000\000\000\000\024"
  callId: 21479
}
, term: 3
index: 159
stateMachineLogEntry {
  logData: "m63"
  stateMachineEntry {
    stateMachineData: "StateMachine Data"
  }
  clientId: "\000\000\000\000\000\000\000\000\000\000\000\000\000\000\000\024"
  callId: 21467
}
, term: 3
index: 161
stateMachineLogEntry {
  logData: "m67"
  stateMachineEntry {
    stateMachineData: "StateMachine Data"
  }
  clientId: "\000\000\000\000\000\000\000\000\000\000\000\000\000\000\000\024"
  callId: 21471
}
, term: 3
index: 163
stateMachineLogEntry {
  logData: "m71"
  stateMachineEntry {
    stateMachineData: "StateMachine Data"
  }
  clientId: "\000\000\000\000\000\000\000\000\000\000\000\000\000\000\000\024"
  callId: 21475
}
, term: 3
index: 165
stateMachineLogEntry {
  logData: "m98"
  stateMachineEntry {
    stateMachineData: "StateMachine Data"
  }
  clientId: "\000\000\000\000\000\000\000\000\000\000\000\000\000\000\000\024"
  callId: 21502
}
, term: 3
index: 167
stateMachineLogEntry {
  logData: "m86"
  stateMachineEntry {
    stateMachineData: "StateMachine Data"
  }
  clientId: "\000\000\000\000\000\000\000\000\000\000\000\000\000\000\000\024"
  callId: 21490
}
, term: 3
index: 169
stateMachineLogEntry {
  logData: "m82"
  stateMachineEntry {
    stateMachineData: "StateMachine Data"
  }
  clientId: "\000\000\000\000\000\000\000\000\000\000\000\000\000\000\000\024"
  callId: 21486
}
, term: 3
index: 171
stateMachineLogEntry {
  logData: "m90"
  stateMachineEntry {
    stateMachineData: "StateMachine Data"
  }
  clientId: "\000\000\000\000\000\000\000\000\000\000\000\000\000\000\000\024"
  callId: 21494
}
, term: 3
index: 173
stateMachineLogEntry {
  logData: "m94"
  stateMachineEntry {
    stateMachineData: "StateMachine Data"
  }
  clientId: "\000\000\000\000\000\000\000\000\000\000\000\000\000\000\000\024"
  callId: 21498
}
, term: 3
index: 175
stateMachineLogEntry {
  logData: "m89"
  stateMachineEntry {
    stateMachineData: "StateMachine Data"
  }
  clientId: "\000\000\000\000\000\000\000\000\000\000\000\000\000\000\000\024"
  callId: 21493
}
, term: 3
index: 177
stateMachineLogEntry {
  logData: "m93"
  stateMachineEntry {
    stateMachineData: "StateMachine Data"
  }
  clientId: "\000\000\000\000\000\000\000\000\000\000\000\000\000\000\000\024"
  callId: 21497
}
, term: 3
index: 179
stateMachineLogEntry {
  logData: "m85"
  stateMachineEntry {
    stateMachineData: "StateMachine Data"
  }
  clientId: "\000\000\000\000\000\000\000\000\000\000\000\000\000\000\000\024"
  callId: 21489
}
, term: 3
index: 181
stateMachineLogEntry {
  logData: "m97"
  stateMachineEntry {
    stateMachineData: "StateMachine Data"
  }
  clientId: "\000\000\000\000\000\000\000\000\000\000\000\000\000\000\000\024"
  callId: 21501
}
, term: 3
index: 183
stateMachineLogEntry {
  logData: "m81"
  stateMachineEntry {
    stateMachineData: "StateMachine Data"
  }
  clientId: "\000\000\000\000\000\000\000\000\000\000\000\000\000\000\000\024"
  callId: 21485
}
, term: 3
index: 185
stateMachineLogEntry {
  logData: "m79"
  stateMachineEntry {
    stateMachineData: "StateMachine Data"
  }
  clientId: "\000\000\000\000\000\000\000\000\000\000\000\000\000\000\000\024"
  callId: 21483
}
, term: 3
index: 187
stateMachineLogEntry {
  logData: "m83"
  stateMachineEntry {
    stateMachineData: "StateMachine Data"
  }
  clientId: "\000\000\000\000\000\000\000\000\000\000\000\000\000\000\000\024"
  callId: 21487
}
, term: 3
index: 189
stateMachineLogEntry {
  logData: "m87"
  stateMachineEntry {
    stateMachineData: "StateMachine Data"
  }
  clientId: "\000\000\000\000\000\000\000\000\000\000\000\000\000\000\000\024"
  callId: 21491
}
, term: 3
index: 191
stateMachineLogEntry {
  logData: "m91"
  stateMachineEntry {
    stateMachineData: "StateMachine Data"
  }
  clientId: "\000\000\000\000\000\000\000\000\000\000\000\000\000\000\000\024"
  callId: 21495
}
, term: 3
index: 193
stateMachineLogEntry {
  logData: "m95"
  stateMachineEntry {
    stateMachineData: "StateMachine Data"
  }
  clientId: "\000\000\000\000\000\000\000\000\000\000\000\000\000\000\000\024"
  callId: 21499
}
, term: 3
index: 195
stateMachineLogEntry {
  logData: "m96"
  stateMachineEntry {
    stateMachineData: "StateMachine Data"
  }
  clientId: "\000\000\000\000\000\000\000\000\000\000\000\000\000\000\000\024"
  callId: 21500
}
, term: 3
index: 197
stateMachineLogEntry {
  logData: "m84"
  stateMachineEntry {
    stateMachineData: "StateMachine Data"
  }
  clientId: "\000\000\000\000\000\000\000\000\000\000\000\000\000\000\000\024"
  callId: 21488
}
, term: 3
index: 199
stateMachineLogEntry {
  logData: "m80"
  stateMachineEntry {
    stateMachineData: "StateMachine Data"
  }
  clientId: "\000\000\000\000\000\000\000\000\000\000\000\000\000\000\000\024"
  callId: 21484
}
, term: 3
index: 201
stateMachineLogEntry {
  logData: "m88"
  stateMachineEntry {
    stateMachineData: "StateMachine Data"
  }
  clientId: "\000\000\000\000\000\000\000\000\000\000\000\000\000\000\000\024"
  callId: 21492
}
, term: 3
index: 203
stateMachineLogEntry {
  logData: "m92"
  stateMachineEntry {
    stateMachineData: "StateMachine Data"
  }
  clientId: "\000\000\000\000\000\000\000\000\000\000\000\000\000\000\000\024"
  callId: 21496
}
] ==> expected: <true> but was: <false>
	at org.apache.ratis.RaftBasicTests.findLogEntriesContaining(RaftBasicTests.java:135)
	at org.apache.ratis.RaftBasicTests.lambda$assertLogEntriesContaining$0(RaftBasicTests.java:146)
	at org.apache.ratis.util.JavaUtils.lambda$attempt$0(JavaUtils.java:212)
	at org.apache.ratis.util.JavaUtils.attempt(JavaUtils.java:225)
	at org.apache.ratis.util.JavaUtils.attempt(JavaUtils.java:212)
	at org.apache.ratis.RaftBasicTests.assertLogEntriesContaining(RaftBasicTests.java:144)
	at org.apache.ratis.RaftBasicTests.runTestBasicAppendEntries(RaftBasicTests.java:205)
	at org.apache.ratis.RaftAsyncTests.lambda$runTestBasicAppendEntriesAsync$0(RaftAsyncTests.java:268)
	at org.apache.ratis.server.impl.MiniRaftCluster$Factory$Get.runWithNewCluster(MiniRaftCluster.java:146)
	at org.apache.ratis.server.impl.MiniRaftCluster$Factory$Get.runWithNewCluster(MiniRaftCluster.java:124)
	at org.apache.ratis.RaftAsyncTests.runTestBasicAppendEntriesAsync(RaftAsyncTests.java:267)
	at org.apache.ratis.RaftAsyncTests.testBasicAppendEntriesAsyncKillLeader(RaftAsyncTests.java:278)
	at java.base/java.lang.reflect.Method.invoke(Method.java:565)
	at java.base/java.util.ArrayList.forEach(ArrayList.java:1604)
	at java.base/java.util.ArrayList.forEach(ArrayList.java:1604)

[INFO] Running org.apache.ratis.netty.TestRaftAsyncWithNetty
[ERROR] Tests run: 1, Failures: 1, Errors: 0, Skipped: 0, Time elapsed: 60.06 s <<< FAILURE! -- in org.apache.ratis.netty.TestRaftAsyncWithNetty
[ERROR] org.apache.ratis.netty.TestRaftAsyncWithNetty.testBasicAppendEntriesAsyncKillLeader -- Time elapsed: 60.06 s <<< FAILURE!
org.opentest4j.AssertionFailedError: 
Failed to find m4 in entries [term: 2
index: 3
stateMachineLogEntry {
  logData: "m0"
  stateMachineEntry {
    stateMachineData: "StateMachine Data"
  }
  clientId: "\000\000\000\000\000\000\000\000\000\000\000\000\000\000\000\025"
  callId: 28104
}
, term: 2
index: 5
stateMachineLogEntry {
  logData: "m99"
  stateMachineEntry {
    stateMachineData: "StateMachine Data"
  }
  clientId: "\000\000\000\000\000\000\000\000\000\000\000\000\000\000\000\025"
  callId: 28220
}
, term: 2
index: 7
stateMachineLogEntry {
  logData: "m56"
  stateMachineEntry {
    stateMachineData: "StateMachine Data"
  }
  clientId: "\000\000\000\000\000\000\000\000\000\000\000\000\000\000\000\025"
  callId: 28160
}
, term: 2
index: 9
stateMachineLogEntry {
  logData: "m57"
  stateMachineEntry {
    stateMachineData: "StateMachine Data"
  }
  clientId: "\000\000\000\000\000\000\000\000\000\000\000\000\000\000\000\025"
  callId: 28161
}
, term: 2
index: 11
stateMachineLogEntry {
  logData: "m61"
  stateMachineEntry {
    stateMachineData: "StateMachine Data"
  }
  clientId: "\000\000\000\000\000\000\000\000\000\000\000\000\000\000\000\025"
  callId: 28165
}
, term: 2
index: 13
stateMachineLogEntry {
  logData: "m65"
  stateMachineEntry {
    stateMachineData: "StateMachine Data"
  }
  clientId: "\000\000\000\000\000\000\000\000\000\000\000\000\000\000\000\025"
  callId: 28169
}
, term: 2
index: 15
stateMachineLogEntry {
  logData: "m60"
  stateMachineEntry {
    stateMachineData: "StateMachine Data"
  }
  clientId: "\000\000\000\000\000\000\000\000\000\000\000\000\000\000\000\025"
  callId: 28164
}
, term: 2
index: 17
stateMachineLogEntry {
  logData: "m64"
  stateMachineEntry {
    stateMachineData: "StateMachine Data"
  }
  clientId: "\000\000\000\000\000\000\000\000\000\000\000\000\000\000\000\025"
  callId: 28168
}
, term: 2
index: 19
stateMachineLogEntry {
  logData: "m59"
  stateMachineEntry {
    stateMachineData: "StateMachine Data"
  }
  clientId: "\000\000\000\000\000\000\000\000\000\000\000\000\000\000\000\025"
  callId: 28163
}
, term: 2
index: 21
stateMachineLogEntry {
  logData: "m63"
  stateMachineEntry {
    stateMachineData: "StateMachine Data"
  }
  clientId: "\000\000\000\000\000\000\000\000\000\000\000\000\000\000\000\025"
  callId: 28167
}
, term: 2
index: 23
stateMachineLogEntry {
  logData: "m58"
  stateMachineEntry {
    stateMachineData: "StateMachine Data"
  }
  clientId: "\000\000\000\000\000\000\000\000\000\000\000\000\000\000\000\025"
  callId: 28162
}
, term: 2
index: 25
stateMachineLogEntry {
  logData: "m62"
  stateMachineEntry {
    stateMachineData: "StateMachine Data"
  }
  clientId: "\000\000\000\000\000\000\000\000\000\000\000\000\000\000\000\025"
  callId: 28166
}
, term: 2
index: 27
stateMachineLogEntry {
  logData: "m69"
  stateMachineEntry {
    stateMachineData: "StateMachine Data"
  }
  clientId: "\000\000\000\000\000\000\000\000\000\000\000\000\000\000\000\025"
  callId: 28173
}
, term: 2
index: 29
stateMachineLogEntry {
  logData: "m73"
  stateMachineEntry {
    stateMachineData: "StateMachine Data"
  }
  clientId: "\000\000\000\000\000\000\000\000\000\000\000\000\000\000\000\025"
  callId: 28177
}
, term: 2
index: 31
stateMachineLogEntry {
  logData: "m68"
  stateMachineEntry {
    stateMachineData: "StateMachine Data"
  }
  clientId: "\000\000\000\000\000\000\000\000\000\000\000\000\000\000\000\025"
  callId: 28172
}
, term: 2
index: 33
stateMachineLogEntry {
  logData: "m72"
  stateMachineEntry {
    stateMachineData: "StateMachine Data"
  }
  clientId: "\000\000\000\000\000\000\000\000\000\000\000\000\000\000\000\025"
  callId: 28176
}
, term: 2
index: 35
stateMachineLogEntry {
  logData: "m67"
  stateMachineEntry {
    stateMachineData: "StateMachine Data"
  }
  clientId: "\000\000\000\000\000\000\000\000\000\000\000\000\000\000\000\025"
  callId: 28171
}
, term: 2
index: 37
stateMachineLogEntry {
  logData: "m71"
  stateMachineEntry {
    stateMachineData: "StateMachine Data"
  }
  clientId: "\000\000\000\000\000\000\000\000\000\000\000\000\000\000\000\025"
  callId: 28175
}
, term: 2
index: 39
stateMachineLogEntry {
  logData: "m66"
  stateMachineEntry {
    stateMachineData: "StateMachine Data"
  }
  clientId: "\000\000\000\000\000\000\000\000\000\000\000\000\000\000\000\025"
  callId: 28170
}
, term: 2
index: 41
stateMachineLogEntry {
  logData: "m70"
  stateMachineEntry {
    stateMachineData: "StateMachine Data"
  }
  clientId: "\000\000\000\000\000\000\000\000\000\000\000\000\000\000\000\025"
  callId: 28174
}
, term: 2
index: 43
stateMachineLogEntry {
  logData: "m74"
  stateMachineEntry {
    stateMachineData: "StateMachine Data"
  }
  clientId: "\000\000\000\000\000\000\000\000\000\000\000\000\000\000\000\025"
  callId: 28178
}
, term: 2
index: 45
stateMachineLogEntry {
  logData: "m77"
  stateMachineEntry {
    stateMachineData: "StateMachine Data"
  }
  clientId: "\000\000\000\000\000\000\000\000\000\000\000\000\000\000\000\025"
  callId: 28181
}
, term: 2
index: 47
stateMachineLogEntry {
  logData: "m81"
  stateMachineEntry {
    stateMachineData: "StateMachine Data"
  }
  clientId: "\000\000\000\000\000\000\000\000\000\000\000\000\000\000\000\025"
  callId: 28185
}
, term: 2
index: 49
stateMachineLogEntry {
  logData: "m75"
  stateMachineEntry {
    stateMachineData: "StateMachine Data"
  }
  clientId: "\000\000\000\000\000\000\000\000\000\000\000\000\000\000\000\025"
  callId: 28179
}
, term: 2
index: 51
stateMachineLogEntry {
  logData: "m79"
  stateMachineEntry {
    stateMachineData: "StateMachine Data"
  }
  clientId: "\000\000\000\000\000\000\000\000\000\000\000\000\000\000\000\025"
  callId: 28183
}
, term: 2
index: 53
stateMachineLogEntry {
  logData: "m83"
  stateMachineEntry {
    stateMachineData: "StateMachine Data"
  }
  clientId: "\000\000\000\000\000\000\000\000\000\000\000\000\000\000\000\025"
  callId: 28187
}
, term: 2
index: 55
stateMachineLogEntry {
  logData: "m87"
  stateMachineEntry {
    stateMachineData: "StateMachine Data"
  }
  clientId: "\000\000\000\000\000\000\000\000\000\000\000\000\000\000\000\025"
  callId: 28191
}
, term: 2
index: 57
stateMachineLogEntry {
  logData: "m91"
  stateMachineEntry {
    stateMachineData: "StateMachine Data"
  }
  clientId: "\000\000\000\000\000\000\000\000\000\000\000\000\000\000\000\025"
  callId: 28195
}
, term: 2
index: 59
stateMachineLogEntry {
  logData: "m76"
  stateMachineEntry {
    stateMachineData: "StateMachine Data"
  }
  clientId: "\000\000\000\000\000\000\000\000\000\000\000\000\000\000\000\025"
  callId: 28180
}
, term: 2
index: 61
stateMachineLogEntry {
  logData: "m80"
  stateMachineEntry {
    stateMachineData: "StateMachine Data"
  }
  clientId: "\000\000\000\000\000\000\000\000\000\000\000\000\000\000\000\025"
  callId: 28184
}
, term: 2
index: 63
stateMachineLogEntry {
  logData: "m84"
  stateMachineEntry {
    stateMachineData: "StateMachine Data"
  }
  clientId: "\000\000\000\000\000\000\000\000\000\000\000\000\000\000\000\025"
  callId: 28188
}
, term: 2
index: 65
stateMachineLogEntry {
  logData: "m88"
  stateMachineEntry {
    stateMachineData: "StateMachine Data"
  }
  clientId: "\000\000\000\000\000\000\000\000\000\000\000\000\000\000\000\025"
  callId: 28192
}
, term: 2
index: 67
stateMachineLogEntry {
  logData: "m92"
  stateMachineEntry {
    stateMachineData: "StateMachine Data"
  }
  clientId: "\000\000\000\000\000\000\000\000\000\000\000\000\000\000\000\025"
  callId: 28196
}
, term: 2
index: 69
stateMachineLogEntry {
  logData: "m85"
  stateMachineEntry {
    stateMachineData: "StateMachine Data"
  }
  clientId: "\000\000\000\000\000\000\000\000\000\000\000\000\000\000\000\025"
  callId: 28189
}
, term: 2
index: 71
stateMachineLogEntry {
  logData: "m89"
  stateMachineEntry {
    stateMachineData: "StateMachine Data"
  }
  clientId: "\000\000\000\000\000\000\000\000\000\000\000\000\000\000\000\025"
  callId: 28193
}
, term: 2
index: 73
stateMachineLogEntry {
  logData: "m93"
  stateMachineEntry {
    stateMachineData: "StateMachine Data"
  }
  clientId: "\000\000\000\000\000\000\000\000\000\000\000\000\000\000\000\025"
  callId: 28197
}
, term: 2
index: 75
stateMachineLogEntry {
  logData: "m78"
  stateMachineEntry {
    stateMachineData: "StateMachine Data"
  }
  clientId: "\000\000\000\000\000\000\000\000\000\000\000\000\000\000\000\025"
  callId: 28182
}
, term: 2
index: 77
stateMachineLogEntry {
  logData: "m82"
  stateMachineEntry {
    stateMachineData: "StateMachine Data"
  }
  clientId: "\000\000\000\000\000\000\000\000\000\000\000\000\000\000\000\025"
  callId: 28186
}
, term: 2
index: 79
stateMachineLogEntry {
  logData: "m86"
  stateMachineEntry {
    stateMachineData: "StateMachine Data"
  }
  clientId: "\000\000\000\000\000\000\000\000\000\000\000\000\000\000\000\025"
  callId: 28190
}
, term: 2
index: 81
stateMachineLogEntry {
  logData: "m90"
  stateMachineEntry {
    stateMachineData: "StateMachine Data"
  }
  clientId: "\000\000\000\000\000\000\000\000\000\000\000\000\000\000\000\025"
  callId: 28194
}
, term: 2
index: 83
stateMachineLogEntry {
  logData: "m94"
  stateMachineEntry {
    stateMachineData: "StateMachine Data"
  }
  clientId: "\000\000\000\000\000\000\000\000\000\000\000\000\000\000\000\025"
  callId: 28198
}
, term: 2
index: 85
stateMachineLogEntry {
  logData: "m98"
  stateMachineEntry {
    stateMachineData: "StateMachine Data"
  }
  clientId: "\000\000\000\000\000\000\000\000\000\000\000\000\000\000\000\025"
  callId: 28202
}
, term: 2
index: 87
stateMachineLogEntry {
  logData: "m4"
  stateMachineEntry {
    stateMachineData: "StateMachine Data"
  }
  clientId: "\000\000\000\000\000\000\000\000\000\000\000\000\000\000\000\025"
  callId: 28108
}
, term: 2
index: 89
stateMachineLogEntry {
  logData: "m8"
  stateMachineEntry {
    stateMachineData: "StateMachine Data"
  }
  clientId: "\000\000\000\000\000\000\000\000\000\000\000\000\000\000\000\025"
  callId: 28112
}
, term: 2
index: 91
stateMachineLogEntry {
  logData: "m12"
  stateMachineEntry {
    stateMachineData: "StateMachine Data"
  }
  clientId: "\000\000\000\000\000\000\000\000\000\000\000\000\000\000\000\025"
  callId: 28116
}
, term: 2
index: 93
stateMachineLogEntry {
  logData: "m95"
  stateMachineEntry {
    stateMachineData: "StateMachine Data"
  }
  clientId: "\000\000\000\000\000\000\000\000\000\000\000\000\000\000\000\025"
  callId: 28199
}
, term: 2
index: 95
stateMachineLogEntry {
  logData: "m1"
  stateMachineEntry {
    stateMachineData: "StateMachine Data"
  }
  clientId: "\000\000\000\000\000\000\000\000\000\000\000\000\000\000\000\025"
  callId: 28105
}
, term: 2
index: 97
stateMachineLogEntry {
  logData: "m5"
  stateMachineEntry {
    stateMachineData: "StateMachine Data"
  }
  clientId: "\000\000\000\000\000\000\000\000\000\000\000\000\000\000\000\025"
  callId: 28109
}
, term: 2
index: 99
stateMachineLogEntry {
  logData: "m9"
  stateMachineEntry {
    stateMachineData: "StateMachine Data"
  }
  clientId: "\000\000\000\000\000\000\000\000\000\000\000\000\000\000\000\025"
  callId: 28113
}
, term: 2
index: 101
stateMachineLogEntry {
  logData: "m13"
  stateMachineEntry {
    stateMachineData: "StateMachine Data"
  }
  clientId: "\000\000\000\000\000\000\000\000\000\000\000\000\000\000\000\025"
  callId: 28117
}
, term: 2
index: 103
stateMachineLogEntry {
  logData: "m96"
  stateMachineEntry {
    stateMachineData: "StateMachine Data"
  }
  clientId: "\000\000\000\000\000\000\000\000\000\000\000\000\000\000\000\025"
  callId: 28200
}
, term: 2
index: 105
stateMachineLogEntry {
  logData: "m14"
  stateMachineEntry {
    stateMachineData: "StateMachine Data"
  }
  clientId: "\000\000\000\000\000\000\000\000\000\000\000\000\000\000\000\025"
  callId: 28118
}
, term: 2
index: 107
stateMachineLogEntry {
  logData: "m2"
  stateMachineEntry {
    stateMachineData: "StateMachine Data"
  }
  clientId: "\000\000\000\000\000\000\000\000\000\000\000\000\000\000\000\025"
  callId: 28106
}
, term: 2
index: 109
stateMachineLogEntry {
  logData: "m6"
  stateMachineEntry {
    stateMachineData: "StateMachine Data"
  }
  clientId: "\000\000\000\000\000\000\000\000\000\000\000\000\000\000\000\025"
  callId: 28110
}
, term: 2
index: 111
stateMachineLogEntry {
  logData: "m10"
  stateMachineEntry {
    stateMachineData: "StateMachine Data"
  }
  clientId: "\000\000\000\000\000\000\000\000\000\000\000\000\000\000\000\025"
  callId: 28114
}
, term: 2
index: 113
stateMachineLogEntry {
  logData: "m97"
  stateMachineEntry {
    stateMachineData: "StateMachine Data"
  }
  clientId: "\000\000\000\000\000\000\000\000\000\000\000\000\000\000\000\025"
  callId: 28201
}
, term: 2
index: 115
stateMachineLogEntry {
  logData: "m3"
  stateMachineEntry {
    stateMachineData: "StateMachine Data"
  }
  clientId: "\000\000\000\000\000\000\000\000\000\000\000\000\000\000\000\025"
  callId: 28107
}
, term: 2
index: 117
stateMachineLogEntry {
  logData: "m7"
  stateMachineEntry {
    stateMachineData: "StateMachine Data"
  }
  clientId: "\000\000\000\000\000\000\000\000\000\000\000\000\000\000\000\025"
  callId: 28111
}
, term: 2
index: 119
stateMachineLogEntry {
  logData: "m11"
  stateMachineEntry {
    stateMachineData: "StateMachine Data"
  }
  clientId: "\000\000\000\000\000\000\000\000\000\000\000\000\000\000\000\025"
  callId: 28115
}
, term: 2
index: 121
stateMachineLogEntry {
  logData: "m35"
  stateMachineEntry {
    stateMachineData: "StateMachine Data"
  }
  clientId: "\000\000\000\000\000\000\000\000\000\000\000\000\000\000\000\025"
  callId: 28139
}
, term: 2
index: 123
stateMachineLogEntry {
  logData: "m31"
  stateMachineEntry {
    stateMachineData: "StateMachine Data"
  }
  clientId: "\000\000\000\000\000\000\000\000\000\000\000\000\000\000\000\025"
  callId: 28135
}
, term: 2
index: 125
stateMachineLogEntry {
  logData: "m15"
  stateMachineEntry {
    stateMachineData: "StateMachine Data"
  }
  clientId: "\000\000\000\000\000\000\000\000\000\000\000\000\000\000\000\025"
  callId: 28119
}
, term: 2
index: 127
stateMachineLogEntry {
  logData: "m19"
  stateMachineEntry {
    stateMachineData: "StateMachine Data"
  }
  clientId: "\000\000\000\000\000\000\000\000\000\000\000\000\000\000\000\025"
  callId: 28123
}
, term: 2
index: 129
stateMachineLogEntry {
  logData: "m23"
  stateMachineEntry {
    stateMachineData: "StateMachine Data"
  }
  clientId: "\000\000\000\000\000\000\000\000\000\000\000\000\000\000\000\025"
  callId: 28127
}
, term: 2
index: 131
stateMachineLogEntry {
  logData: "m27"
  stateMachineEntry {
    stateMachineData: "StateMachine Data"
  }
  clientId: "\000\000\000\000\000\000\000\000\000\000\000\000\000\000\000\025"
  callId: 28131
}
, term: 2
index: 133
stateMachineLogEntry {
  logData: "m28"
  stateMachineEntry {
    stateMachineData: "StateMachine Data"
  }
  clientId: "\000\000\000\000\000\000\000\000\000\000\000\000\000\000\000\025"
  callId: 28132
}
, term: 2
index: 135
stateMachineLogEntry {
  logData: "m32"
  stateMachineEntry {
    stateMachineData: "StateMachine Data"
  }
  clientId: "\000\000\000\000\000\000\000\000\000\000\000\000\000\000\000\025"
  callId: 28136
}
, term: 2
index: 137
stateMachineLogEntry {
  logData: "m16"
  stateMachineEntry {
    stateMachineData: "StateMachine Data"
  }
  clientId: "\000\000\000\000\000\000\000\000\000\000\000\000\000\000\000\025"
  callId: 28120
}
, term: 2
index: 139
stateMachineLogEntry {
  logData: "m20"
  stateMachineEntry {
    stateMachineData: "StateMachine Data"
  }
  clientId: "\000\000\000\000\000\000\000\000\000\000\000\000\000\000\000\025"
  callId: 28124
}
, term: 2
index: 141
stateMachineLogEntry {
  logData: "m24"
  stateMachineEntry {
    stateMachineData: "StateMachine Data"
  }
  clientId: "\000\000\000\000\000\000\000\000\000\000\000\000\000\000\000\025"
  callId: 28128
}
, term: 2
index: 143
stateMachineLogEntry {
  logData: "m33"
  stateMachineEntry {
    stateMachineData: "StateMachine Data"
  }
  clientId: "\000\000\000\000\000\000\000\000\000\000\000\000\000\000\000\025"
  callId: 28137
}
, term: 2
index: 145
stateMachineLogEntry {
  logData: "m29"
  stateMachineEntry {
    stateMachineData: "StateMachine Data"
  }
  clientId: "\000\000\000\000\000\000\000\000\000\000\000\000\000\000\000\025"
  callId: 28133
}
, term: 2
index: 147
stateMachineLogEntry {
  logData: "m17"
  stateMachineEntry {
    stateMachineData: "StateMachine Data"
  }
  clientId: "\000\000\000\000\000\000\000\000\000\000\000\000\000\000\000\025"
  callId: 28121
}
, term: 2
index: 149
stateMachineLogEntry {
  logData: "m21"
  stateMachineEntry {
    stateMachineData: "StateMachine Data"
  }
  clientId: "\000\000\000\000\000\000\000\000\000\000\000\000\000\000\000\025"
  callId: 28125
}
, term: 2
index: 151
stateMachineLogEntry {
  logData: "m25"
  stateMachineEntry {
    stateMachineData: "StateMachine Data"
  }
  clientId: "\000\000\000\000\000\000\000\000\000\000\000\000\000\000\000\025"
  callId: 28129
}
, term: 2
index: 153
stateMachineLogEntry {
  logData: "m34"
  stateMachineEntry {
    stateMachineData: "StateMachine Data"
  }
  clientId: "\000\000\000\000\000\000\000\000\000\000\000\000\000\000\000\025"
  callId: 28138
}
, term: 2
index: 155
stateMachineLogEntry {
  logData: "m30"
  stateMachineEntry {
    stateMachineData: "StateMachine Data"
  }
  clientId: "\000\000\000\000\000\000\000\000\000\000\000\000\000\000\000\025"
  callId: 28134
}
, term: 2
index: 157
stateMachineLogEntry {
  logData: "m18"
  stateMachineEntry {
    stateMachineData: "StateMachine Data"
  }
  clientId: "\000\000\000\000\000\000\000\000\000\000\000\000\000\000\000\025"
  callId: 28122
}
, term: 2
index: 159
stateMachineLogEntry {
  logData: "m22"
  stateMachineEntry {
    stateMachineData: "StateMachine Data"
  }
  clientId: "\000\000\000\000\000\000\000\000\000\000\000\000\000\000\000\025"
  callId: 28126
}
, term: 2
index: 161
stateMachineLogEntry {
  logData: "m26"
  stateMachineEntry {
    stateMachineData: "StateMachine Data"
  }
  clientId: "\000\000\000\000\000\000\000\000\000\000\000\000\000\000\000\025"
  callId: 28130
}
, term: 2
index: 163
stateMachineLogEntry {
  logData: "m39"
  stateMachineEntry {
    stateMachineData: "StateMachine Data"
  }
  clientId: "\000\000\000\000\000\000\000\000\000\000\000\000\000\000\000\025"
  callId: 28143
}
, term: 2
index: 165
stateMachineLogEntry {
  logData: "m43"
  stateMachineEntry {
    stateMachineData: "StateMachine Data"
  }
  clientId: "\000\000\000\000\000\000\000\000\000\000\000\000\000\000\000\025"
  callId: 28147
}
, term: 2
index: 167
stateMachineLogEntry {
  logData: "m51"
  stateMachineEntry {
    stateMachineData: "StateMachine Data"
  }
  clientId: "\000\000\000\000\000\000\000\000\000\000\000\000\000\000\000\025"
  callId: 28155
}
, term: 2
index: 169
stateMachineLogEntry {
  logData: "m55"
  stateMachineEntry {
    stateMachineData: "StateMachine Data"
  }
  clientId: "\000\000\000\000\000\000\000\000\000\000\000\000\000\000\000\025"
  callId: 28159
}
, term: 2
index: 171
stateMachineLogEntry {
  logData: "m47"
  stateMachineEntry {
    stateMachineData: "StateMachine Data"
  }
  clientId: "\000\000\000\000\000\000\000\000\000\000\000\000\000\000\000\025"
  callId: 28151
}
, term: 2
index: 173
stateMachineLogEntry {
  logData: "m36"
  stateMachineEntry {
    stateMachineData: "StateMachine Data"
  }
  clientId: "\000\000\000\000\000\000\000\000\000\000\000\000\000\000\000\025"
  callId: 28140
}
, term: 2
index: 175
stateMachineLogEntry {
  logData: "m40"
  stateMachineEntry {
    stateMachineData: "StateMachine Data"
  }
  clientId: "\000\000\000\000\000\000\000\000\000\000\000\000\000\000\000\025"
  callId: 28144
}
, term: 2
index: 177
stateMachineLogEntry {
  logData: "m52"
  stateMachineEntry {
    stateMachineData: "StateMachine Data"
  }
  clientId: "\000\000\000\000\000\000\000\000\000\000\000\000\000\000\000\025"
  callId: 28156
}
, term: 2
index: 179
stateMachineLogEntry {
  logData: "m48"
  stateMachineEntry {
    stateMachineData: "StateMachine Data"
  }
  clientId: "\000\000\000\000\000\000\000\000\000\000\000\000\000\000\000\025"
  callId: 28152
}
, term: 2
index: 181
stateMachineLogEntry {
  logData: "m44"
  stateMachineEntry {
    stateMachineData: "StateMachine Data"
  }
  clientId: "\000\000\000\000\000\000\000\000\000\000\000\000\000\000\000\025"
  callId: 28148
}
, term: 2
index: 183
stateMachineLogEntry {
  logData: "m37"
  stateMachineEntry {
    stateMachineData: "StateMachine Data"
  }
  clientId: "\000\000\000\000\000\000\000\000\000\000\000\000\000\000\000\025"
  callId: 28141
}
, term: 2
index: 185
stateMachineLogEntry {
  logData: "m41"
  stateMachineEntry {
    stateMachineData: "StateMachine Data"
  }
  clientId: "\000\000\000\000\000\000\000\000\000\000\000\000\000\000\000\025"
  callId: 28145
}
, term: 2
index: 187
stateMachineLogEntry {
  logData: "m45"
  stateMachineEntry {
    stateMachineData: "StateMachine Data"
  }
  clientId: "\000\000\000\000\000\000\000\000\000\000\000\000\000\000\000\025"
  callId: 28149
}
, term: 2
index: 189
stateMachineLogEntry {
  logData: "m49"
  stateMachineEntry {
    stateMachineData: "StateMachine Data"
  }
  clientId: "\000\000\000\000\000\000\000\000\000\000\000\000\000\000\000\025"
  callId: 28153
}
, term: 2
index: 191
stateMachineLogEntry {
  logData: "m53"
  stateMachineEntry {
    stateMachineData: "StateMachine Data"
  }
  clientId: "\000\000\000\000\000\000\000\000\000\000\000\000\000\000\000\025"
  callId: 28157
}
, term: 2
index: 193
stateMachineLogEntry {
  logData: "m38"
  stateMachineEntry {
    stateMachineData: "StateMachine Data"
  }
  clientId: "\000\000\000\000\000\000\000\000\000\000\000\000\000\000\000\025"
  callId: 28142
}
, term: 2
index: 195
stateMachineLogEntry {
  logData: "m42"
  stateMachineEntry {
    stateMachineData: "StateMachine Data"
  }
  clientId: "\000\000\000\000\000\000\000\000\000\000\000\000\000\000\000\025"
  callId: 28146
}
, term: 2
index: 197
stateMachineLogEntry {
  logData: "m50"
  stateMachineEntry {
    stateMachineData: "StateMachine Data"
  }
  clientId: "\000\000\000\000\000\000\000\000\000\000\000\000\000\000\000\025"
  callId: 28154
}
, term: 2
index: 199
stateMachineLogEntry {
  logData: "m54"
  stateMachineEntry {
    stateMachineData: "StateMachine Data"
  }
  clientId: "\000\000\000\000\000\000\000\000\000\000\000\000\000\000\000\025"
  callId: 28158
}
, term: 2
index: 201
stateMachineLogEntry {
  logData: "m46"
  stateMachineEntry {
    stateMachineData: "StateMachine Data"
  }
  clientId: "\000\000\000\000\000\000\000\000\000\000\000\000\000\000\000\025"
  callId: 28150
}
] ==> expected: <true> but was: <false>
	at org.apache.ratis.RaftBasicTests.findLogEntriesContaining(RaftBasicTests.java:135)
	at org.apache.ratis.RaftBasicTests.lambda$assertLogEntriesContaining$0(RaftBasicTests.java:146)
	at org.apache.ratis.util.JavaUtils.lambda$attempt$0(JavaUtils.java:212)
	at org.apache.ratis.util.JavaUtils.attempt(JavaUtils.java:225)
	at org.apache.ratis.util.JavaUtils.attempt(JavaUtils.java:212)
	at org.apache.ratis.RaftBasicTests.assertLogEntriesContaining(RaftBasicTests.java:144)
	at org.apache.ratis.RaftBasicTests.runTestBasicAppendEntries(RaftBasicTests.java:205)
	at org.apache.ratis.RaftAsyncTests.lambda$runTestBasicAppendEntriesAsync$0(RaftAsyncTests.java:268)
	at org.apache.ratis.server.impl.MiniRaftCluster$Factory$Get.runWithNewCluster(MiniRaftCluster.java:146)
	at org.apache.ratis.server.impl.MiniRaftCluster$Factory$Get.runWithNewCluster(MiniRaftCluster.java:124)
	at org.apache.ratis.RaftAsyncTests.runTestBasicAppendEntriesAsync(RaftAsyncTests.java:267)
	at org.apache.ratis.RaftAsyncTests.testBasicAppendEntriesAsyncKillLeader(RaftAsyncTests.java:278)
	at java.base/java.lang.reflect.Method.invoke(Method.java:565)
	at java.base/java.util.ArrayList.forEach(ArrayList.java:1604)
	at java.base/java.util.ArrayList.forEach(ArrayList.java:1604)

[INFO] Running org.apache.ratis.netty.TestRaftAsyncWithNetty
[ERROR] Tests run: 1, Failures: 1, Errors: 0, Skipped: 0, Time elapsed: 59.97 s <<< FAILURE! -- in org.apache.ratis.netty.TestRaftAsyncWithNetty
[ERROR] org.apache.ratis.netty.TestRaftAsyncWithNetty.testBasicAppendEntriesAsyncKillLeader -- Time elapsed: 59.96 s <<< FAILURE!
org.opentest4j.AssertionFailedError: 
Failed to find m5 in entries [term: 3
index: 5
stateMachineLogEntry {
  logData: "m0"
  stateMachineEntry {
    stateMachineData: "StateMachine Data"
  }
  clientId: "\000\000\000\000\000\000\000\000\000\000\000\000\000\000\000\026"
  callId: 34758
}
, term: 3
index: 7
stateMachineLogEntry {
  logData: "m58"
  stateMachineEntry {
    stateMachineData: "StateMachine Data"
  }
  clientId: "\000\000\000\000\000\000\000\000\000\000\000\000\000\000\000\026"
  callId: 34816
}
, term: 3
index: 9
stateMachineLogEntry {
  logData: "m59"
  stateMachineEntry {
    stateMachineData: "StateMachine Data"
  }
  clientId: "\000\000\000\000\000\000\000\000\000\000\000\000\000\000\000\026"
  callId: 34817
}
, term: 3
index: 11
stateMachineLogEntry {
  logData: "m62"
  stateMachineEntry {
    stateMachineData: "StateMachine Data"
  }
  clientId: "\000\000\000\000\000\000\000\000\000\000\000\000\000\000\000\026"
  callId: 34820
}
, term: 3
index: 13
stateMachineLogEntry {
  logData: "m63"
  stateMachineEntry {
    stateMachineData: "StateMachine Data"
  }
  clientId: "\000\000\000\000\000\000\000\000\000\000\000\000\000\000\000\026"
  callId: 34821
}
, term: 3
index: 15
stateMachineLogEntry {
  logData: "m60"
  stateMachineEntry {
    stateMachineData: "StateMachine Data"
  }
  clientId: "\000\000\000\000\000\000\000\000\000\000\000\000\000\000\000\026"
  callId: 34818
}
, term: 3
index: 17
stateMachineLogEntry {
  logData: "m64"
  stateMachineEntry {
    stateMachineData: "StateMachine Data"
  }
  clientId: "\000\000\000\000\000\000\000\000\000\000\000\000\000\000\000\026"
  callId: 34822
}
, term: 3
index: 19
stateMachineLogEntry {
  logData: "m61"
  stateMachineEntry {
    stateMachineData: "StateMachine Data"
  }
  clientId: "\000\000\000\000\000\000\000\000\000\000\000\000\000\000\000\026"
  callId: 34819
}
, term: 3
index: 21
stateMachineLogEntry {
  logData: "m69"
  stateMachineEntry {
    stateMachineData: "StateMachine Data"
  }
  clientId: "\000\000\000\000\000\000\000\000\000\000\000\000\000\000\000\026"
  callId: 34827
}
, term: 3
index: 23
stateMachineLogEntry {
  logData: "m73"
  stateMachineEntry {
    stateMachineData: "StateMachine Data"
  }
  clientId: "\000\000\000\000\000\000\000\000\000\000\000\000\000\000\000\026"
  callId: 34831
}
, term: 3
index: 25
stateMachineLogEntry {
  logData: "m65"
  stateMachineEntry {
    stateMachineData: "StateMachine Data"
  }
  clientId: "\000\000\000\000\000\000\000\000\000\000\000\000\000\000\000\026"
  callId: 34823
}
, term: 3
index: 27
stateMachineLogEntry {
  logData: "m67"
  stateMachineEntry {
    stateMachineData: "StateMachine Data"
  }
  clientId: "\000\000\000\000\000\000\000\000\000\000\000\000\000\000\000\026"
  callId: 34825
}
, term: 3
index: 29
stateMachineLogEntry {
  logData: "m66"
  stateMachineEntry {
    stateMachineData: "StateMachine Data"
  }
  clientId: "\000\000\000\000\000\000\000\000\000\000\000\000\000\000\000\026"
  callId: 34824
}
, term: 3
index: 31
stateMachineLogEntry {
  logData: "m71"
  stateMachineEntry {
    stateMachineData: "StateMachine Data"
  }
  clientId: "\000\000\000\000\000\000\000\000\000\000\000\000\000\000\000\026"
  callId: 34829
}
, term: 3
index: 33
stateMachineLogEntry {
  logData: "m70"
  stateMachineEntry {
    stateMachineData: "StateMachine Data"
  }
  clientId: "\000\000\000\000\000\000\000\000\000\000\000\000\000\000\000\026"
  callId: 34828
}
, term: 3
index: 35
stateMachineLogEntry {
  logData: "m74"
  stateMachineEntry {
    stateMachineData: "StateMachine Data"
  }
  clientId: "\000\000\000\000\000\000\000\000\000\000\000\000\000\000\000\026"
  callId: 34832
}
, term: 3
index: 37
stateMachineLogEntry {
  logData: "m68"
  stateMachineEntry {
    stateMachineData: "StateMachine Data"
  }
  clientId: "\000\000\000\000\000\000\000\000\000\000\000\000\000\000\000\026"
  callId: 34826
}
, term: 3
index: 39
stateMachineLogEntry {
  logData: "m72"
  stateMachineEntry {
    stateMachineData: "StateMachine Data"
  }
  clientId: "\000\000\000\000\000\000\000\000\000\000\000\000\000\000\000\026"
  callId: 34830
}
, term: 3
index: 41
stateMachineLogEntry {
  logData: "m77"
  stateMachineEntry {
    stateMachineData: "StateMachine Data"
  }
  clientId: "\000\000\000\000\000\000\000\000\000\000\000\000\000\000\000\026"
  callId: 34835
}
, term: 3
index: 43
stateMachineLogEntry {
  logData: "m81"
  stateMachineEntry {
    stateMachineData: "StateMachine Data"
  }
  clientId: "\000\000\000\000\000\000\000\000\000\000\000\000\000\000\000\026"
  callId: 34839
}
, term: 3
index: 45
stateMachineLogEntry {
  logData: "m85"
  stateMachineEntry {
    stateMachineData: "StateMachine Data"
  }
  clientId: "\000\000\000\000\000\000\000\000\000\000\000\000\000\000\000\026"
  callId: 34843
}
, term: 3
index: 47
stateMachineLogEntry {
  logData: "m89"
  stateMachineEntry {
    stateMachineData: "StateMachine Data"
  }
  clientId: "\000\000\000\000\000\000\000\000\000\000\000\000\000\000\000\026"
  callId: 34847
}
, term: 3
index: 49
stateMachineLogEntry {
  logData: "m75"
  stateMachineEntry {
    stateMachineData: "StateMachine Data"
  }
  clientId: "\000\000\000\000\000\000\000\000\000\000\000\000\000\000\000\026"
  callId: 34833
}
, term: 3
index: 51
stateMachineLogEntry {
  logData: "m78"
  stateMachineEntry {
    stateMachineData: "StateMachine Data"
  }
  clientId: "\000\000\000\000\000\000\000\000\000\000\000\000\000\000\000\026"
  callId: 34836
}
, term: 3
index: 53
stateMachineLogEntry {
  logData: "m79"
  stateMachineEntry {
    stateMachineData: "StateMachine Data"
  }
  clientId: "\000\000\000\000\000\000\000\000\000\000\000\000\000\000\000\026"
  callId: 34837
}
, term: 3
index: 55
stateMachineLogEntry {
  logData: "m82"
  stateMachineEntry {
    stateMachineData: "StateMachine Data"
  }
  clientId: "\000\000\000\000\000\000\000\000\000\000\000\000\000\000\000\026"
  callId: 34840
}
, term: 3
index: 57
stateMachineLogEntry {
  logData: "m83"
  stateMachineEntry {
    stateMachineData: "StateMachine Data"
  }
  clientId: "\000\000\000\000\000\000\000\000\000\000\000\000\000\000\000\026"
  callId: 34841
}
, term: 3
index: 59
stateMachineLogEntry {
  logData: "m86"
  stateMachineEntry {
    stateMachineData: "StateMachine Data"
  }
  clientId: "\000\000\000\000\000\000\000\000\000\000\000\000\000\000\000\026"
  callId: 34844
}
, term: 3
index: 61
stateMachineLogEntry {
  logData: "m87"
  stateMachineEntry {
    stateMachineData: "StateMachine Data"
  }
  clientId: "\000\000\000\000\000\000\000\000\000\000\000\000\000\000\000\026"
  callId: 34845
}
, term: 3
index: 63
stateMachineLogEntry {
  logData: "m76"
  stateMachineEntry {
    stateMachineData: "StateMachine Data"
  }
  clientId: "\000\000\000\000\000\000\000\000\000\000\000\000\000\000\000\026"
  callId: 34834
}
, term: 3
index: 65
stateMachineLogEntry {
  logData: "m80"
  stateMachineEntry {
    stateMachineData: "StateMachine Data"
  }
  clientId: "\000\000\000\000\000\000\000\000\000\000\000\000\000\000\000\026"
  callId: 34838
}
, term: 3
index: 67
stateMachineLogEntry {
  logData: "m84"
  stateMachineEntry {
    stateMachineData: "StateMachine Data"
  }
  clientId: "\000\000\000\000\000\000\000\000\000\000\000\000\000\000\000\026"
  callId: 34842
}
, term: 3
index: 69
stateMachineLogEntry {
  logData: "m88"
  stateMachineEntry {
    stateMachineData: "StateMachine Data"
  }
  clientId: "\000\000\000\000\000\000\000\000\000\000\000\000\000\000\000\026"
  callId: 34846
}
, term: 3
index: 71
stateMachineLogEntry {
  logData: "m92"
  stateMachineEntry {
    stateMachineData: "StateMachine Data"
  }
  clientId: "\000\000\000\000\000\000\000\000\000\000\000\000\000\000\000\026"
  callId: 34850
}
, term: 3
index: 73
stateMachineLogEntry {
  logData: "m96"
  stateMachineEntry {
    stateMachineData: "StateMachine Data"
  }
  clientId: "\000\000\000\000\000\000\000\000\000\000\000\000\000\000\000\026"
  callId: 34854
}
, term: 3
index: 75
stateMachineLogEntry {
  logData: "m1"
  stateMachineEntry {
    stateMachineData: "StateMachine Data"
  }
  clientId: "\000\000\000\000\000\000\000\000\000\000\000\000\000\000\000\026"
  callId: 34759
}
, term: 3
index: 77
stateMachineLogEntry {
  logData: "m5"
  stateMachineEntry {
    stateMachineData: "StateMachine Data"
  }
  clientId: "\000\000\000\000\000\000\000\000\000\000\000\000\000\000\000\026"
  callId: 34763
}
, term: 3
index: 79
stateMachineLogEntry {
  logData: "m9"
  stateMachineEntry {
    stateMachineData: "StateMachine Data"
  }
  clientId: "\000\000\000\000\000\000\000\000\000\000\000\000\000\000\000\026"
  callId: 34767
}
, term: 3
index: 81
stateMachineLogEntry {
  logData: "m93"
  stateMachineEntry {
    stateMachineData: "StateMachine Data"
  }
  clientId: "\000\000\000\000\000\000\000\000\000\000\000\000\000\000\000\026"
  callId: 34851
}
, term: 3
index: 83
stateMachineLogEntry {
  logData: "m97"
  stateMachineEntry {
    stateMachineData: "StateMachine Data"
  }
  clientId: "\000\000\000\000\000\000\000\000\000\000\000\000\000\000\000\026"
  callId: 34855
}
, term: 3
index: 85
stateMachineLogEntry {
  logData: "m2"
  stateMachineEntry {
    stateMachineData: "StateMachine Data"
  }
  clientId: "\000\000\000\000\000\000\000\000\000\000\000\000\000\000\000\026"
  callId: 34760
}
, term: 3
index: 87
stateMachineLogEntry {
  logData: "m6"
  stateMachineEntry {
    stateMachineData: "StateMachine Data"
  }
  clientId: "\000\000\000\000\000\000\000\000\000\000\000\000\000\000\000\026"
  callId: 34764
}
, term: 3
index: 89
stateMachineLogEntry {
  logData: "m90"
  stateMachineEntry {
    stateMachineData: "StateMachine Data"
  }
  clientId: "\000\000\000\000\000\000\000\000\000\000\000\000\000\000\000\026"
  callId: 34848
}
, term: 3
index: 91
stateMachineLogEntry {
  logData: "m94"
  stateMachineEntry {
    stateMachineData: "StateMachine Data"
  }
  clientId: "\000\000\000\000\000\000\000\000\000\000\000\000\000\000\000\026"
  callId: 34852
}
, term: 3
index: 93
stateMachineLogEntry {
  logData: "m98"
  stateMachineEntry {
    stateMachineData: "StateMachine Data"
  }
  clientId: "\000\000\000\000\000\000\000\000\000\000\000\000\000\000\000\026"
  callId: 34856
}
, term: 3
index: 95
stateMachineLogEntry {
  logData: "m3"
  stateMachineEntry {
    stateMachineData: "StateMachine Data"
  }
  clientId: "\000\000\000\000\000\000\000\000\000\000\000\000\000\000\000\026"
  callId: 34761
}
, term: 3
index: 97
stateMachineLogEntry {
  logData: "m7"
  stateMachineEntry {
    stateMachineData: "StateMachine Data"
  }
  clientId: "\000\000\000\000\000\000\000\000\000\000\000\000\000\000\000\026"
  callId: 34765
}
, term: 3
index: 99
stateMachineLogEntry {
  logData: "m27"
  stateMachineEntry {
    stateMachineData: "StateMachine Data"
  }
  clientId: "\000\000\000\000\000\000\000\000\000\000\000\000\000\000\000\026"
  callId: 34785
}
, term: 3
index: 101
stateMachineLogEntry {
  logData: "m11"
  stateMachineEntry {
    stateMachineData: "StateMachine Data"
  }
  clientId: "\000\000\000\000\000\000\000\000\000\000\000\000\000\000\000\026"
  callId: 34769
}
, term: 3
index: 103
stateMachineLogEntry {
  logData: "m15"
  stateMachineEntry {
    stateMachineData: "StateMachine Data"
  }
  clientId: "\000\000\000\000\000\000\000\000\000\000\000\000\000\000\000\026"
  callId: 34773
}
, term: 3
index: 105
stateMachineLogEntry {
  logData: "m19"
  stateMachineEntry {
    stateMachineData: "StateMachine Data"
  }
  clientId: "\000\000\000\000\000\000\000\000\000\000\000\000\000\000\000\026"
  callId: 34777
}
, term: 3
index: 107
stateMachineLogEntry {
  logData: "m23"
  stateMachineEntry {
    stateMachineData: "StateMachine Data"
  }
  clientId: "\000\000\000\000\000\000\000\000\000\000\000\000\000\000\000\026"
  callId: 34781
}
, term: 3
index: 109
stateMachineLogEntry {
  logData: "m91"
  stateMachineEntry {
    stateMachineData: "StateMachine Data"
  }
  clientId: "\000\000\000\000\000\000\000\000\000\000\000\000\000\000\000\026"
  callId: 34849
}
, term: 3
index: 111
stateMachineLogEntry {
  logData: "m95"
  stateMachineEntry {
    stateMachineData: "StateMachine Data"
  }
  clientId: "\000\000\000\000\000\000\000\000\000\000\000\000\000\000\000\026"
  callId: 34853
}
, term: 3
index: 113
stateMachineLogEntry {
  logData: "m99"
  stateMachineEntry {
    stateMachineData: "StateMachine Data"
  }
  clientId: "\000\000\000\000\000\000\000\000\000\000\000\000\000\000\000\026"
  callId: 34870
}
, term: 3
index: 115
stateMachineLogEntry {
  logData: "m4"
  stateMachineEntry {
    stateMachineData: "StateMachine Data"
  }
  clientId: "\000\000\000\000\000\000\000\000\000\000\000\000\000\000\000\026"
  callId: 34762
}
, term: 3
index: 117
stateMachineLogEntry {
  logData: "m8"
  stateMachineEntry {
    stateMachineData: "StateMachine Data"
  }
  clientId: "\000\000\000\000\000\000\000\000\000\000\000\000\000\000\000\026"
  callId: 34766
}
, term: 3
index: 119
stateMachineLogEntry {
  logData: "m24"
  stateMachineEntry {
    stateMachineData: "StateMachine Data"
  }
  clientId: "\000\000\000\000\000\000\000\000\000\000\000\000\000\000\000\026"
  callId: 34782
}
, term: 3
index: 121
stateMachineLogEntry {
  logData: "m12"
  stateMachineEntry {
    stateMachineData: "StateMachine Data"
  }
  clientId: "\000\000\000\000\000\000\000\000\000\000\000\000\000\000\000\026"
  callId: 34770
}
, term: 3
index: 123
stateMachineLogEntry {
  logData: "m16"
  stateMachineEntry {
    stateMachineData: "StateMachine Data"
  }
  clientId: "\000\000\000\000\000\000\000\000\000\000\000\000\000\000\000\026"
  callId: 34774
}
, term: 3
index: 125
stateMachineLogEntry {
  logData: "m20"
  stateMachineEntry {
    stateMachineData: "StateMachine Data"
  }
  clientId: "\000\000\000\000\000\000\000\000\000\000\000\000\000\000\000\026"
  callId: 34778
}
, term: 3
index: 127
stateMachineLogEntry {
  logData: "m10"
  stateMachineEntry {
    stateMachineData: "StateMachine Data"
  }
  clientId: "\000\000\000\000\000\000\000\000\000\000\000\000\000\000\000\026"
  callId: 34768
}
, term: 3
index: 129
stateMachineLogEntry {
  logData: "m14"
  stateMachineEntry {
    stateMachineData: "StateMachine Data"
  }
  clientId: "\000\000\000\000\000\000\000\000\000\000\000\000\000\000\000\026"
  callId: 34772
}
, term: 3
index: 131
stateMachineLogEntry {
  logData: "m18"
  stateMachineEntry {
    stateMachineData: "StateMachine Data"
  }
  clientId: "\000\000\000\000\000\000\000\000\000\000\000\000\000\000\000\026"
  callId: 34776
}
, term: 3
index: 133
stateMachineLogEntry {
  logData: "m22"
  stateMachineEntry {
    stateMachineData: "StateMachine Data"
  }
  clientId: "\000\000\000\000\000\000\000\000\000\000\000\000\000\000\000\026"
  callId: 34780
}
, term: 3
index: 135
stateMachineLogEntry {
  logData: "m26"
  stateMachineEntry {
    stateMachineData: "StateMachine Data"
  }
  clientId: "\000\000\000\000\000\000\000\000\000\000\000\000\000\000\000\026"
  callId: 34784
}
, term: 3
index: 137
stateMachineLogEntry {
  logData: "m34"
  stateMachineEntry {
    stateMachineData: "StateMachine Data"
  }
  clientId: "\000\000\000\000\000\000\000\000\000\000\000\000\000\000\000\026"
  callId: 34792
}
, term: 3
index: 139
stateMachineLogEntry {
  logData: "m38"
  stateMachineEntry {
    stateMachineData: "StateMachine Data"
  }
  clientId: "\000\000\000\000\000\000\000\000\000\000\000\000\000\000\000\026"
  callId: 34796
}
, term: 3
index: 141
stateMachineLogEntry {
  logData: "m42"
  stateMachineEntry {
    stateMachineData: "StateMachine Data"
  }
  clientId: "\000\000\000\000\000\000\000\000\000\000\000\000\000\000\000\026"
  callId: 34800
}
, term: 3
index: 143
stateMachineLogEntry {
  logData: "m30"
  stateMachineEntry {
    stateMachineData: "StateMachine Data"
  }
  clientId: "\000\000\000\000\000\000\000\000\000\000\000\000\000\000\000\026"
  callId: 34788
}
, term: 3
index: 145
stateMachineLogEntry {
  logData: "m13"
  stateMachineEntry {
    stateMachineData: "StateMachine Data"
  }
  clientId: "\000\000\000\000\000\000\000\000\000\000\000\000\000\000\000\026"
  callId: 34771
}
, term: 3
index: 147
stateMachineLogEntry {
  logData: "m17"
  stateMachineEntry {
    stateMachineData: "StateMachine Data"
  }
  clientId: "\000\000\000\000\000\000\000\000\000\000\000\000\000\000\000\026"
  callId: 34775
}
, term: 3
index: 149
stateMachineLogEntry {
  logData: "m21"
  stateMachineEntry {
    stateMachineData: "StateMachine Data"
  }
  clientId: "\000\000\000\000\000\000\000\000\000\000\000\000\000\000\000\026"
  callId: 34779
}
, term: 3
index: 151
stateMachineLogEntry {
  logData: "m25"
  stateMachineEntry {
    stateMachineData: "StateMachine Data"
  }
  clientId: "\000\000\000\000\000\000\000\000\000\000\000\000\000\000\000\026"
  callId: 34783
}
, term: 3
index: 153
stateMachineLogEntry {
  logData: "m33"
  stateMachineEntry {
    stateMachineData: "StateMachine Data"
  }
  clientId: "\000\000\000\000\000\000\000\000\000\000\000\000\000\000\000\026"
  callId: 34791
}
, term: 3
index: 155
stateMachineLogEntry {
  logData: "m37"
  stateMachineEntry {
    stateMachineData: "StateMachine Data"
  }
  clientId: "\000\000\000\000\000\000\000\000\000\000\000\000\000\000\000\026"
  callId: 34795
}
, term: 3
index: 157
stateMachineLogEntry {
  logData: "m41"
  stateMachineEntry {
    stateMachineData: "StateMachine Data"
  }
  clientId: "\000\000\000\000\000\000\000\000\000\000\000\000\000\000\000\026"
  callId: 34799
}
, term: 3
index: 159
stateMachineLogEntry {
  logData: "m29"
  stateMachineEntry {
    stateMachineData: "StateMachine Data"
  }
  clientId: "\000\000\000\000\000\000\000\000\000\000\000\000\000\000\000\026"
  callId: 34787
}
, term: 3
index: 161
stateMachineLogEntry {
  logData: "m28"
  stateMachineEntry {
    stateMachineData: "StateMachine Data"
  }
  clientId: "\000\000\000\000\000\000\000\000\000\000\000\000\000\000\000\026"
  callId: 34786
}
, term: 3
index: 163
stateMachineLogEntry {
  logData: "m32"
  stateMachineEntry {
    stateMachineData: "StateMachine Data"
  }
  clientId: "\000\000\000\000\000\000\000\000\000\000\000\000\000\000\000\026"
  callId: 34790
}
, term: 3
index: 165
stateMachineLogEntry {
  logData: "m36"
  stateMachineEntry {
    stateMachineData: "StateMachine Data"
  }
  clientId: "\000\000\000\000\000\000\000\000\000\000\000\000\000\000\000\026"
  callId: 34794
}
, term: 3
index: 167
stateMachineLogEntry {
  logData: "m40"
  stateMachineEntry {
    stateMachineData: "StateMachine Data"
  }
  clientId: "\000\000\000\000\000\000\000\000\000\000\000\000\000\000\000\026"
  callId: 34798
}
, term: 3
index: 169
stateMachineLogEntry {
  logData: "m43"
  stateMachineEntry {
    stateMachineData: "StateMachine Data"
  }
  clientId: "\000\000\000\000\000\000\000\000\000\000\000\000\000\000\000\026"
  callId: 34801
}
, term: 3
index: 171
stateMachineLogEntry {
  logData: "m31"
  stateMachineEntry {
    stateMachineData: "StateMachine Data"
  }
  clientId: "\000\000\000\000\000\000\000\000\000\000\000\000\000\000\000\026"
  callId: 34789
}
, term: 3
index: 173
stateMachineLogEntry {
  logData: "m35"
  stateMachineEntry {
    stateMachineData: "StateMachine Data"
  }
  clientId: "\000\000\000\000\000\000\000\000\000\000\000\000\000\000\000\026"
  callId: 34793
}
, term: 3
index: 175
stateMachineLogEntry {
  logData: "m39"
  stateMachineEntry {
    stateMachineData: "StateMachine Data"
  }
  clientId: "\000\000\000\000\000\000\000\000\000\000\000\000\000\000\000\026"
  callId: 34797
}
, term: 3
index: 177
stateMachineLogEntry {
  logData: "m46"
  stateMachineEntry {
    stateMachineData: "StateMachine Data"
  }
  clientId: "\000\000\000\000\000\000\000\000\000\000\000\000\000\000\000\026"
  callId: 34804
}
, term: 3
index: 179
stateMachineLogEntry {
  logData: "m50"
  stateMachineEntry {
    stateMachineData: "StateMachine Data"
  }
  clientId: "\000\000\000\000\000\000\000\000\000\000\000\000\000\000\000\026"
  callId: 34808
}
, term: 3
index: 181
stateMachineLogEntry {
  logData: "m54"
  stateMachineEntry {
    stateMachineData: "StateMachine Data"
  }
  clientId: "\000\000\000\000\000\000\000\000\000\000\000\000\000\000\000\026"
  callId: 34812
}
, term: 3
index: 183
stateMachineLogEntry {
  logData: "m53"
  stateMachineEntry {
    stateMachineData: "StateMachine Data"
  }
  clientId: "\000\000\000\000\000\000\000\000\000\000\000\000\000\000\000\026"
  callId: 34811
}
, term: 3
index: 185
stateMachineLogEntry {
  logData: "m45"
  stateMachineEntry {
    stateMachineData: "StateMachine Data"
  }
  clientId: "\000\000\000\000\000\000\000\000\000\000\000\000\000\000\000\026"
  callId: 34803
}
, term: 3
index: 187
stateMachineLogEntry {
  logData: "m49"
  stateMachineEntry {
    stateMachineData: "StateMachine Data"
  }
  clientId: "\000\000\000\000\000\000\000\000\000\000\000\000\000\000\000\026"
  callId: 34807
}
, term: 3
index: 189
stateMachineLogEntry {
  logData: "m57"
  stateMachineEntry {
    stateMachineData: "StateMachine Data"
  }
  clientId: "\000\000\000\000\000\000\000\000\000\000\000\000\000\000\000\026"
  callId: 34815
}
, term: 3
index: 191
stateMachineLogEntry {
  logData: "m56"
  stateMachineEntry {
    stateMachineData: "StateMachine Data"
  }
  clientId: "\000\000\000\000\000\000\000\000\000\000\000\000\000\000\000\026"
  callId: 34814
}
, term: 3
index: 193
stateMachineLogEntry {
  logData: "m48"
  stateMachineEntry {
    stateMachineData: "StateMachine Data"
  }
  clientId: "\000\000\000\000\000\000\000\000\000\000\000\000\000\000\000\026"
  callId: 34806
}
, term: 3
index: 195
stateMachineLogEntry {
  logData: "m52"
  stateMachineEntry {
    stateMachineData: "StateMachine Data"
  }
  clientId: "\000\000\000\000\000\000\000\000\000\000\000\000\000\000\000\026"
  callId: 34810
}
, term: 3
index: 197
stateMachineLogEntry {
  logData: "m44"
  stateMachineEntry {
    stateMachineData: "StateMachine Data"
  }
  clientId: "\000\000\000\000\000\000\000\000\000\000\000\000\000\000\000\026"
  callId: 34802
}
, term: 3
index: 199
stateMachineLogEntry {
  logData: "m51"
  stateMachineEntry {
    stateMachineData: "StateMachine Data"
  }
  clientId: "\000\000\000\000\000\000\000\000\000\000\000\000\000\000\000\026"
  callId: 34809
}
, term: 3
index: 201
stateMachineLogEntry {
  logData: "m47"
  stateMachineEntry {
    stateMachineData: "StateMachine Data"
  }
  clientId: "\000\000\000\000\000\000\000\000\000\000\000\000\000\000\000\026"
  callId: 34805
}
, term: 3
index: 203
stateMachineLogEntry {
  logData: "m55"
  stateMachineEntry {
    stateMachineData: "StateMachine Data"
  }
  clientId: "\000\000\000\000\000\000\000\000\000\000\000\000\000\000\000\026"
  callId: 34813
}
] ==> expected: <true> but was: <false>
	at org.apache.ratis.RaftBasicTests.findLogEntriesContaining(RaftBasicTests.java:135)
	at org.apache.ratis.RaftBasicTests.lambda$assertLogEntriesContaining$0(RaftBasicTests.java:146)
	at org.apache.ratis.util.JavaUtils.lambda$attempt$0(JavaUtils.java:212)
	at org.apache.ratis.util.JavaUtils.attempt(JavaUtils.java:225)
	at org.apache.ratis.util.JavaUtils.attempt(JavaUtils.java:212)
	at org.apache.ratis.RaftBasicTests.assertLogEntriesContaining(RaftBasicTests.java:144)
	at org.apache.ratis.RaftBasicTests.runTestBasicAppendEntries(RaftBasicTests.java:205)
	at org.apache.ratis.RaftAsyncTests.lambda$runTestBasicAppendEntriesAsync$0(RaftAsyncTests.java:268)
	at org.apache.ratis.server.impl.MiniRaftCluster$Factory$Get.runWithNewCluster(MiniRaftCluster.java:146)
	at org.apache.ratis.server.impl.MiniRaftCluster$Factory$Get.runWithNewCluster(MiniRaftCluster.java:124)
	at org.apache.ratis.RaftAsyncTests.runTestBasicAppendEntriesAsync(RaftAsyncTests.java:267)
	at org.apache.ratis.RaftAsyncTests.testBasicAppendEntriesAsyncKillLeader(RaftAsyncTests.java:278)
	at java.base/java.lang.reflect.Method.invoke(Method.java:565)
	at java.base/java.util.ArrayList.forEach(ArrayList.java:1604)
	at java.base/java.util.ArrayList.forEach(ArrayList.java:1604)

[INFO] Running org.apache.ratis.netty.TestRaftAsyncWithNetty
[ERROR] Tests run: 1, Failures: 1, Errors: 0, Skipped: 0, Time elapsed: 60.43 s <<< FAILURE! -- in org.apache.ratis.netty.TestRaftAsyncWithNetty
[ERROR] org.apache.ratis.netty.TestRaftAsyncWithNetty.testBasicAppendEntriesAsyncKillLeader -- Time elapsed: 60.42 s <<< FAILURE!
org.opentest4j.AssertionFailedError: 
Failed to find m2 in entries [term: 3
index: 5
stateMachineLogEntry {
  logData: "m0"
  stateMachineEntry {
    stateMachineData: "StateMachine Data"
  }
  clientId: "\000\000\000\000\000\000\000\000\000\000\000\000\000\000\000\027"
  callId: 41453
}
, term: 3
index: 7
stateMachineLogEntry {
  logData: "m99"
  stateMachineEntry {
    stateMachineData: "StateMachine Data"
  }
  clientId: "\000\000\000\000\000\000\000\000\000\000\000\000\000\000\000\027"
  callId: 41572
}
, term: 3
index: 9
stateMachineLogEntry {
  logData: "m21"
  stateMachineEntry {
    stateMachineData: "StateMachine Data"
  }
  clientId: "\000\000\000\000\000\000\000\000\000\000\000\000\000\000\000\027"
  callId: 41474
}
, term: 3
index: 11
stateMachineLogEntry {
  logData: "m22"
  stateMachineEntry {
    stateMachineData: "StateMachine Data"
  }
  clientId: "\000\000\000\000\000\000\000\000\000\000\000\000\000\000\000\027"
  callId: 41475
}
, term: 3
index: 13
stateMachineLogEntry {
  logData: "m20"
  stateMachineEntry {
    stateMachineData: "StateMachine Data"
  }
  clientId: "\000\000\000\000\000\000\000\000\000\000\000\000\000\000\000\027"
  callId: 41473
}
, term: 3
index: 15
stateMachineLogEntry {
  logData: "m19"
  stateMachineEntry {
    stateMachineData: "StateMachine Data"
  }
  clientId: "\000\000\000\000\000\000\000\000\000\000\000\000\000\000\000\027"
  callId: 41472
}
, term: 3
index: 17
stateMachineLogEntry {
  logData: "m24"
  stateMachineEntry {
    stateMachineData: "StateMachine Data"
  }
  clientId: "\000\000\000\000\000\000\000\000\000\000\000\000\000\000\000\027"
  callId: 41477
}
, term: 3
index: 19
stateMachineLogEntry {
  logData: "m23"
  stateMachineEntry {
    stateMachineData: "StateMachine Data"
  }
  clientId: "\000\000\000\000\000\000\000\000\000\000\000\000\000\000\000\027"
  callId: 41476
}
, term: 3
index: 21
stateMachineLogEntry {
  logData: "m29"
  stateMachineEntry {
    stateMachineData: "StateMachine Data"
  }
  clientId: "\000\000\000\000\000\000\000\000\000\000\000\000\000\000\000\027"
  callId: 41482
}
, term: 3
index: 23
stateMachineLogEntry {
  logData: "m33"
  stateMachineEntry {
    stateMachineData: "StateMachine Data"
  }
  clientId: "\000\000\000\000\000\000\000\000\000\000\000\000\000\000\000\027"
  callId: 41486
}
, term: 3
index: 25
stateMachineLogEntry {
  logData: "m37"
  stateMachineEntry {
    stateMachineData: "StateMachine Data"
  }
  clientId: "\000\000\000\000\000\000\000\000\000\000\000\000\000\000\000\027"
  callId: 41490
}
, term: 3
index: 27
stateMachineLogEntry {
  logData: "m41"
  stateMachineEntry {
    stateMachineData: "StateMachine Data"
  }
  clientId: "\000\000\000\000\000\000\000\000\000\000\000\000\000\000\000\027"
  callId: 41494
}
, term: 3
index: 29
stateMachineLogEntry {
  logData: "m25"
  stateMachineEntry {
    stateMachineData: "StateMachine Data"
  }
  clientId: "\000\000\000\000\000\000\000\000\000\000\000\000\000\000\000\027"
  callId: 41478
}
, term: 3
index: 31
stateMachineLogEntry {
  logData: "m30"
  stateMachineEntry {
    stateMachineData: "StateMachine Data"
  }
  clientId: "\000\000\000\000\000\000\000\000\000\000\000\000\000\000\000\027"
  callId: 41483
}
, term: 3
index: 33
stateMachineLogEntry {
  logData: "m34"
  stateMachineEntry {
    stateMachineData: "StateMachine Data"
  }
  clientId: "\000\000\000\000\000\000\000\000\000\000\000\000\000\000\000\027"
  callId: 41487
}
, term: 3
index: 35
stateMachineLogEntry {
  logData: "m32"
  stateMachineEntry {
    stateMachineData: "StateMachine Data"
  }
  clientId: "\000\000\000\000\000\000\000\000\000\000\000\000\000\000\000\027"
  callId: 41485
}
, term: 3
index: 37
stateMachineLogEntry {
  logData: "m38"
  stateMachineEntry {
    stateMachineData: "StateMachine Data"
  }
  clientId: "\000\000\000\000\000\000\000\000\000\000\000\000\000\000\000\027"
  callId: 41491
}
, term: 3
index: 39
stateMachineLogEntry {
  logData: "m36"
  stateMachineEntry {
    stateMachineData: "StateMachine Data"
  }
  clientId: "\000\000\000\000\000\000\000\000\000\000\000\000\000\000\000\027"
  callId: 41489
}
, term: 3
index: 41
stateMachineLogEntry {
  logData: "m42"
  stateMachineEntry {
    stateMachineData: "StateMachine Data"
  }
  clientId: "\000\000\000\000\000\000\000\000\000\000\000\000\000\000\000\027"
  callId: 41495
}
, term: 3
index: 43
stateMachineLogEntry {
  logData: "m40"
  stateMachineEntry {
    stateMachineData: "StateMachine Data"
  }
  clientId: "\000\000\000\000\000\000\000\000\000\000\000\000\000\000\000\027"
  callId: 41493
}
, term: 3
index: 45
stateMachineLogEntry {
  logData: "m26"
  stateMachineEntry {
    stateMachineData: "StateMachine Data"
  }
  clientId: "\000\000\000\000\000\000\000\000\000\000\000\000\000\000\000\027"
  callId: 41479
}
, term: 3
index: 47
stateMachineLogEntry {
  logData: "m44"
  stateMachineEntry {
    stateMachineData: "StateMachine Data"
  }
  clientId: "\000\000\000\000\000\000\000\000\000\000\000\000\000\000\000\027"
  callId: 41497
}
, term: 3
index: 49
stateMachineLogEntry {
  logData: "m46"
  stateMachineEntry {
    stateMachineData: "StateMachine Data"
  }
  clientId: "\000\000\000\000\000\000\000\000\000\000\000\000\000\000\000\027"
  callId: 41499
}
, term: 3
index: 51
stateMachineLogEntry {
  logData: "m28"
  stateMachineEntry {
    stateMachineData: "StateMachine Data"
  }
  clientId: "\000\000\000\000\000\000\000\000\000\000\000\000\000\000\000\027"
  callId: 41481
}
, term: 3
index: 53
stateMachineLogEntry {
  logData: "m50"
  stateMachineEntry {
    stateMachineData: "StateMachine Data"
  }
  clientId: "\000\000\000\000\000\000\000\000\000\000\000\000\000\000\000\027"
  callId: 41503
}
, term: 3
index: 55
stateMachineLogEntry {
  logData: "m48"
  stateMachineEntry {
    stateMachineData: "StateMachine Data"
  }
  clientId: "\000\000\000\000\000\000\000\000\000\000\000\000\000\000\000\027"
  callId: 41501
}
, term: 3
index: 57
stateMachineLogEntry {
  logData: "m54"
  stateMachineEntry {
    stateMachineData: "StateMachine Data"
  }
  clientId: "\000\000\000\000\000\000\000\000\000\000\000\000\000\000\000\027"
  callId: 41507
}
, term: 3
index: 59
stateMachineLogEntry {
  logData: "m52"
  stateMachineEntry {
    stateMachineData: "StateMachine Data"
  }
  clientId: "\000\000\000\000\000\000\000\000\000\000\000\000\000\000\000\027"
  callId: 41505
}
, term: 3
index: 61
stateMachineLogEntry {
  logData: "m58"
  stateMachineEntry {
    stateMachineData: "StateMachine Data"
  }
  clientId: "\000\000\000\000\000\000\000\000\000\000\000\000\000\000\000\027"
  callId: 41511
}
, term: 3
index: 63
stateMachineLogEntry {
  logData: "m56"
  stateMachineEntry {
    stateMachineData: "StateMachine Data"
  }
  clientId: "\000\000\000\000\000\000\000\000\000\000\000\000\000\000\000\027"
  callId: 41509
}
, term: 3
index: 65
stateMachineLogEntry {
  logData: "m62"
  stateMachineEntry {
    stateMachineData: "StateMachine Data"
  }
  clientId: "\000\000\000\000\000\000\000\000\000\000\000\000\000\000\000\027"
  callId: 41515
}
, term: 3
index: 67
stateMachineLogEntry {
  logData: "m60"
  stateMachineEntry {
    stateMachineData: "StateMachine Data"
  }
  clientId: "\000\000\000\000\000\000\000\000\000\000\000\000\000\000\000\027"
  callId: 41513
}
, term: 3
index: 69
stateMachineLogEntry {
  logData: "m31"
  stateMachineEntry {
    stateMachineData: "StateMachine Data"
  }
  clientId: "\000\000\000\000\000\000\000\000\000\000\000\000\000\000\000\027"
  callId: 41484
}
, term: 3
index: 71
stateMachineLogEntry {
  logData: "m35"
  stateMachineEntry {
    stateMachineData: "StateMachine Data"
  }
  clientId: "\000\000\000\000\000\000\000\000\000\000\000\000\000\000\000\027"
  callId: 41488
}
, term: 3
index: 73
stateMachineLogEntry {
  logData: "m39"
  stateMachineEntry {
    stateMachineData: "StateMachine Data"
  }
  clientId: "\000\000\000\000\000\000\000\000\000\000\000\000\000\000\000\027"
  callId: 41492
}
, term: 3
index: 75
stateMachineLogEntry {
  logData: "m43"
  stateMachineEntry {
    stateMachineData: "StateMachine Data"
  }
  clientId: "\000\000\000\000\000\000\000\000\000\000\000\000\000\000\000\027"
  callId: 41496
}
, term: 3
index: 77
stateMachineLogEntry {
  logData: "m27"
  stateMachineEntry {
    stateMachineData: "StateMachine Data"
  }
  clientId: "\000\000\000\000\000\000\000\000\000\000\000\000\000\000\000\027"
  callId: 41480
}
, term: 3
index: 79
stateMachineLogEntry {
  logData: "m47"
  stateMachineEntry {
    stateMachineData: "StateMachine Data"
  }
  clientId: "\000\000\000\000\000\000\000\000\000\000\000\000\000\000\000\027"
  callId: 41500
}
, term: 3
index: 81
stateMachineLogEntry {
  logData: "m51"
  stateMachineEntry {
    stateMachineData: "StateMachine Data"
  }
  clientId: "\000\000\000\000\000\000\000\000\000\000\000\000\000\000\000\027"
  callId: 41504
}
, term: 3
index: 83
stateMachineLogEntry {
  logData: "m55"
  stateMachineEntry {
    stateMachineData: "StateMachine Data"
  }
  clientId: "\000\000\000\000\000\000\000\000\000\000\000\000\000\000\000\027"
  callId: 41508
}
, term: 3
index: 85
stateMachineLogEntry {
  logData: "m59"
  stateMachineEntry {
    stateMachineData: "StateMachine Data"
  }
  clientId: "\000\000\000\000\000\000\000\000\000\000\000\000\000\000\000\027"
  callId: 41512
}
, term: 3
index: 87
stateMachineLogEntry {
  logData: "m63"
  stateMachineEntry {
    stateMachineData: "StateMachine Data"
  }
  clientId: "\000\000\000\000\000\000\000\000\000\000\000\000\000\000\000\027"
  callId: 41516
}
, term: 3
index: 89
stateMachineLogEntry {
  logData: "m45"
  stateMachineEntry {
    stateMachineData: "StateMachine Data"
  }
  clientId: "\000\000\000\000\000\000\000\000\000\000\000\000\000\000\000\027"
  callId: 41498
}
, term: 3
index: 91
stateMachineLogEntry {
  logData: "m49"
  stateMachineEntry {
    stateMachineData: "StateMachine Data"
  }
  clientId: "\000\000\000\000\000\000\000\000\000\000\000\000\000\000\000\027"
  callId: 41502
}
, term: 3
index: 93
stateMachineLogEntry {
  logData: "m53"
  stateMachineEntry {
    stateMachineData: "StateMachine Data"
  }
  clientId: "\000\000\000\000\000\000\000\000\000\000\000\000\000\000\000\027"
  callId: 41506
}
, term: 3
index: 95
stateMachineLogEntry {
  logData: "m57"
  stateMachineEntry {
    stateMachineData: "StateMachine Data"
  }
  clientId: "\000\000\000\000\000\000\000\000\000\000\000\000\000\000\000\027"
  callId: 41510
}
, term: 3
index: 97
stateMachineLogEntry {
  logData: "m76"
  stateMachineEntry {
    stateMachineData: "StateMachine Data"
  }
  clientId: "\000\000\000\000\000\000\000\000\000\000\000\000\000\000\000\027"
  callId: 41529
}
, term: 3
index: 99
stateMachineLogEntry {
  logData: "m64"
  stateMachineEntry {
    stateMachineData: "StateMachine Data"
  }
  clientId: "\000\000\000\000\000\000\000\000\000\000\000\000\000\000\000\027"
  callId: 41517
}
, term: 3
index: 101
stateMachineLogEntry {
  logData: "m68"
  stateMachineEntry {
    stateMachineData: "StateMachine Data"
  }
  clientId: "\000\000\000\000\000\000\000\000\000\000\000\000\000\000\000\027"
  callId: 41521
}
, term: 3
index: 103
stateMachineLogEntry {
  logData: "m72"
  stateMachineEntry {
    stateMachineData: "StateMachine Data"
  }
  clientId: "\000\000\000\000\000\000\000\000\000\000\000\000\000\000\000\027"
  callId: 41525
}
, term: 3
index: 105
stateMachineLogEntry {
  logData: "m80"
  stateMachineEntry {
    stateMachineData: "StateMachine Data"
  }
  clientId: "\000\000\000\000\000\000\000\000\000\000\000\000\000\000\000\027"
  callId: 41533
}
, term: 3
index: 107
stateMachineLogEntry {
  logData: "m84"
  stateMachineEntry {
    stateMachineData: "StateMachine Data"
  }
  clientId: "\000\000\000\000\000\000\000\000\000\000\000\000\000\000\000\027"
  callId: 41537
}
, term: 3
index: 109
stateMachineLogEntry {
  logData: "m66"
  stateMachineEntry {
    stateMachineData: "StateMachine Data"
  }
  clientId: "\000\000\000\000\000\000\000\000\000\000\000\000\000\000\000\027"
  callId: 41519
}
, term: 3
index: 111
stateMachineLogEntry {
  logData: "m70"
  stateMachineEntry {
    stateMachineData: "StateMachine Data"
  }
  clientId: "\000\000\000\000\000\000\000\000\000\000\000\000\000\000\000\027"
  callId: 41523
}
, term: 3
index: 113
stateMachineLogEntry {
  logData: "m74"
  stateMachineEntry {
    stateMachineData: "StateMachine Data"
  }
  clientId: "\000\000\000\000\000\000\000\000\000\000\000\000\000\000\000\027"
  callId: 41527
}
, term: 3
index: 115
stateMachineLogEntry {
  logData: "m78"
  stateMachineEntry {
    stateMachineData: "StateMachine Data"
  }
  clientId: "\000\000\000\000\000\000\000\000\000\000\000\000\000\000\000\027"
  callId: 41531
}
, term: 3
index: 117
stateMachineLogEntry {
  logData: "m75"
  stateMachineEntry {
    stateMachineData: "StateMachine Data"
  }
  clientId: "\000\000\000\000\000\000\000\000\000\000\000\000\000\000\000\027"
  callId: 41528
}
, term: 3
index: 119
stateMachineLogEntry {
  logData: "m82"
  stateMachineEntry {
    stateMachineData: "StateMachine Data"
  }
  clientId: "\000\000\000\000\000\000\000\000\000\000\000\000\000\000\000\027"
  callId: 41535
}
, term: 3
index: 121
stateMachineLogEntry {
  logData: "m67"
  stateMachineEntry {
    stateMachineData: "StateMachine Data"
  }
  clientId: "\000\000\000\000\000\000\000\000\000\000\000\000\000\000\000\027"
  callId: 41520
}
, term: 3
index: 123
stateMachineLogEntry {
  logData: "m71"
  stateMachineEntry {
    stateMachineData: "StateMachine Data"
  }
  clientId: "\000\000\000\000\000\000\000\000\000\000\000\000\000\000\000\027"
  callId: 41524
}
, term: 3
index: 125
stateMachineLogEntry {
  logData: "m61"
  stateMachineEntry {
    stateMachineData: "StateMachine Data"
  }
  clientId: "\000\000\000\000\000\000\000\000\000\000\000\000\000\000\000\027"
  callId: 41514
}
, term: 3
index: 127
stateMachineLogEntry {
  logData: "m79"
  stateMachineEntry {
    stateMachineData: "StateMachine Data"
  }
  clientId: "\000\000\000\000\000\000\000\000\000\000\000\000\000\000\000\027"
  callId: 41532
}
, term: 3
index: 129
stateMachineLogEntry {
  logData: "m65"
  stateMachineEntry {
    stateMachineData: "StateMachine Data"
  }
  clientId: "\000\000\000\000\000\000\000\000\000\000\000\000\000\000\000\027"
  callId: 41518
}
, term: 3
index: 131
stateMachineLogEntry {
  logData: "m83"
  stateMachineEntry {
    stateMachineData: "StateMachine Data"
  }
  clientId: "\000\000\000\000\000\000\000\000\000\000\000\000\000\000\000\027"
  callId: 41536
}
, term: 3
index: 133
stateMachineLogEntry {
  logData: "m69"
  stateMachineEntry {
    stateMachineData: "StateMachine Data"
  }
  clientId: "\000\000\000\000\000\000\000\000\000\000\000\000\000\000\000\027"
  callId: 41522
}
, term: 3
index: 135
stateMachineLogEntry {
  logData: "m73"
  stateMachineEntry {
    stateMachineData: "StateMachine Data"
  }
  clientId: "\000\000\000\000\000\000\000\000\000\000\000\000\000\000\000\027"
  callId: 41526
}
, term: 3
index: 137
stateMachineLogEntry {
  logData: "m77"
  stateMachineEntry {
    stateMachineData: "StateMachine Data"
  }
  clientId: "\000\000\000\000\000\000\000\000\000\000\000\000\000\000\000\027"
  callId: 41530
}
, term: 3
index: 139
stateMachineLogEntry {
  logData: "m81"
  stateMachineEntry {
    stateMachineData: "StateMachine Data"
  }
  clientId: "\000\000\000\000\000\000\000\000\000\000\000\000\000\000\000\027"
  callId: 41534
}
, term: 3
index: 141
stateMachineLogEntry {
  logData: "m96"
  stateMachineEntry {
    stateMachineData: "StateMachine Data"
  }
  clientId: "\000\000\000\000\000\000\000\000\000\000\000\000\000\000\000\027"
  callId: 41549
}
, term: 3
index: 143
stateMachineLogEntry {
  logData: "m2"
  stateMachineEntry {
    stateMachineData: "StateMachine Data"
  }
  clientId: "\000\000\000\000\000\000\000\000\000\000\000\000\000\000\000\027"
  callId: 41455
}
, term: 3
index: 145
stateMachineLogEntry {
  logData: "m6"
  stateMachineEntry {
    stateMachineData: "StateMachine Data"
  }
  clientId: "\000\000\000\000\000\000\000\000\000\000\000\000\000\000\000\027"
  callId: 41459
}
, term: 3
index: 147
stateMachineLogEntry {
  logData: "m92"
  stateMachineEntry {
    stateMachineData: "StateMachine Data"
  }
  clientId: "\000\000\000\000\000\000\000\000\000\000\000\000\000\000\000\027"
  callId: 41545
}
, term: 3
index: 149
stateMachineLogEntry {
  logData: "m88"
  stateMachineEntry {
    stateMachineData: "StateMachine Data"
  }
  clientId: "\000\000\000\000\000\000\000\000\000\000\000\000\000\000\000\027"
  callId: 41541
}
, term: 3
index: 151
stateMachineLogEntry {
  logData: "m94"
  stateMachineEntry {
    stateMachineData: "StateMachine Data"
  }
  clientId: "\000\000\000\000\000\000\000\000\000\000\000\000\000\000\000\027"
  callId: 41547
}
, term: 3
index: 153
stateMachineLogEntry {
  logData: "m98"
  stateMachineEntry {
    stateMachineData: "StateMachine Data"
  }
  clientId: "\000\000\000\000\000\000\000\000\000\000\000\000\000\000\000\027"
  callId: 41551
}
, term: 3
index: 155
stateMachineLogEntry {
  logData: "m4"
  stateMachineEntry {
    stateMachineData: "StateMachine Data"
  }
  clientId: "\000\000\000\000\000\000\000\000\000\000\000\000\000\000\000\027"
  callId: 41457
}
, term: 3
index: 157
stateMachineLogEntry {
  logData: "m90"
  stateMachineEntry {
    stateMachineData: "StateMachine Data"
  }
  clientId: "\000\000\000\000\000\000\000\000\000\000\000\000\000\000\000\027"
  callId: 41543
}
, term: 3
index: 159
stateMachineLogEntry {
  logData: "m86"
  stateMachineEntry {
    stateMachineData: "StateMachine Data"
  }
  clientId: "\000\000\000\000\000\000\000\000\000\000\000\000\000\000\000\027"
  callId: 41539
}
, term: 3
index: 161
stateMachineLogEntry {
  logData: "m95"
  stateMachineEntry {
    stateMachineData: "StateMachine Data"
  }
  clientId: "\000\000\000\000\000\000\000\000\000\000\000\000\000\000\000\027"
  callId: 41548
}
, term: 3
index: 163
stateMachineLogEntry {
  logData: "m1"
  stateMachineEntry {
    stateMachineData: "StateMachine Data"
  }
  clientId: "\000\000\000\000\000\000\000\000\000\000\000\000\000\000\000\027"
  callId: 41454
}
, term: 3
index: 165
stateMachineLogEntry {
  logData: "m5"
  stateMachineEntry {
    stateMachineData: "StateMachine Data"
  }
  clientId: "\000\000\000\000\000\000\000\000\000\000\000\000\000\000\000\027"
  callId: 41458
}
, term: 3
index: 167
stateMachineLogEntry {
  logData: "m91"
  stateMachineEntry {
    stateMachineData: "StateMachine Data"
  }
  clientId: "\000\000\000\000\000\000\000\000\000\000\000\000\000\000\000\027"
  callId: 41544
}
, term: 3
index: 169
stateMachineLogEntry {
  logData: "m87"
  stateMachineEntry {
    stateMachineData: "StateMachine Data"
  }
  clientId: "\000\000\000\000\000\000\000\000\000\000\000\000\000\000\000\027"
  callId: 41540
}
, term: 3
index: 171
stateMachineLogEntry {
  logData: "m89"
  stateMachineEntry {
    stateMachineData: "StateMachine Data"
  }
  clientId: "\000\000\000\000\000\000\000\000\000\000\000\000\000\000\000\027"
  callId: 41542
}
, term: 3
index: 173
stateMachineLogEntry {
  logData: "m93"
  stateMachineEntry {
    stateMachineData: "StateMachine Data"
  }
  clientId: "\000\000\000\000\000\000\000\000\000\000\000\000\000\000\000\027"
  callId: 41546
}
, term: 3
index: 175
stateMachineLogEntry {
  logData: "m97"
  stateMachineEntry {
    stateMachineData: "StateMachine Data"
  }
  clientId: "\000\000\000\000\000\000\000\000\000\000\000\000\000\000\000\027"
  callId: 41550
}
, term: 3
index: 177
stateMachineLogEntry {
  logData: "m3"
  stateMachineEntry {
    stateMachineData: "StateMachine Data"
  }
  clientId: "\000\000\000\000\000\000\000\000\000\000\000\000\000\000\000\027"
  callId: 41456
}
, term: 3
index: 179
stateMachineLogEntry {
  logData: "m85"
  stateMachineEntry {
    stateMachineData: "StateMachine Data"
  }
  clientId: "\000\000\000\000\000\000\000\000\000\000\000\000\000\000\000\027"
  callId: 41538
}
, term: 3
index: 181
stateMachineLogEntry {
  logData: "m10"
  stateMachineEntry {
    stateMachineData: "StateMachine Data"
  }
  clientId: "\000\000\000\000\000\000\000\000\000\000\000\000\000\000\000\027"
  callId: 41463
}
, term: 3
index: 183
stateMachineLogEntry {
  logData: "m14"
  stateMachineEntry {
    stateMachineData: "StateMachine Data"
  }
  clientId: "\000\000\000\000\000\000\000\000\000\000\000\000\000\000\000\027"
  callId: 41467
}
, term: 3
index: 185
stateMachineLogEntry {
  logData: "m18"
  stateMachineEntry {
    stateMachineData: "StateMachine Data"
  }
  clientId: "\000\000\000\000\000\000\000\000\000\000\000\000\000\000\000\027"
  callId: 41471
}
, term: 3
index: 187
stateMachineLogEntry {
  logData: "m8"
  stateMachineEntry {
    stateMachineData: "StateMachine Data"
  }
  clientId: "\000\000\000\000\000\000\000\000\000\000\000\000\000\000\000\027"
  callId: 41461
}
, term: 3
index: 189
stateMachineLogEntry {
  logData: "m12"
  stateMachineEntry {
    stateMachineData: "StateMachine Data"
  }
  clientId: "\000\000\000\000\000\000\000\000\000\000\000\000\000\000\000\027"
  callId: 41465
}
, term: 3
index: 191
stateMachineLogEntry {
  logData: "m16"
  stateMachineEntry {
    stateMachineData: "StateMachine Data"
  }
  clientId: "\000\000\000\000\000\000\000\000\000\000\000\000\000\000\000\027"
  callId: 41469
}
, term: 3
index: 193
stateMachineLogEntry {
  logData: "m11"
  stateMachineEntry {
    stateMachineData: "StateMachine Data"
  }
  clientId: "\000\000\000\000\000\000\000\000\000\000\000\000\000\000\000\027"
  callId: 41464
}
, term: 3
index: 195
stateMachineLogEntry {
  logData: "m15"
  stateMachineEntry {
    stateMachineData: "StateMachine Data"
  }
  clientId: "\000\000\000\000\000\000\000\000\000\000\000\000\000\000\000\027"
  callId: 41468
}
, term: 3
index: 197
stateMachineLogEntry {
  logData: "m7"
  stateMachineEntry {
    stateMachineData: "StateMachine Data"
  }
  clientId: "\000\000\000\000\000\000\000\000\000\000\000\000\000\000\000\027"
  callId: 41460
}
, term: 3
index: 199
stateMachineLogEntry {
  logData: "m9"
  stateMachineEntry {
    stateMachineData: "StateMachine Data"
  }
  clientId: "\000\000\000\000\000\000\000\000\000\000\000\000\000\000\000\027"
  callId: 41462
}
, term: 3
index: 201
stateMachineLogEntry {
  logData: "m13"
  stateMachineEntry {
    stateMachineData: "StateMachine Data"
  }
  clientId: "\000\000\000\000\000\000\000\000\000\000\000\000\000\000\000\027"
  callId: 41466
}
, term: 3
index: 203
stateMachineLogEntry {
  logData: "m17"
  stateMachineEntry {
    stateMachineData: "StateMachine Data"
  }
  clientId: "\000\000\000\000\000\000\000\000\000\000\000\000\000\000\000\027"
  callId: 41470
}
] ==> expected: <true> but was: <false>
	at org.apache.ratis.RaftBasicTests.findLogEntriesContaining(RaftBasicTests.java:135)
	at org.apache.ratis.RaftBasicTests.lambda$assertLogEntriesContaining$0(RaftBasicTests.java:146)
	at org.apache.ratis.util.JavaUtils.lambda$attempt$0(JavaUtils.java:212)
	at org.apache.ratis.util.JavaUtils.attempt(JavaUtils.java:225)
	at org.apache.ratis.util.JavaUtils.attempt(JavaUtils.java:212)
	at org.apache.ratis.RaftBasicTests.assertLogEntriesContaining(RaftBasicTests.java:144)
	at org.apache.ratis.RaftBasicTests.runTestBasicAppendEntries(RaftBasicTests.java:205)
	at org.apache.ratis.RaftAsyncTests.lambda$runTestBasicAppendEntriesAsync$0(RaftAsyncTests.java:268)
	at org.apache.ratis.server.impl.MiniRaftCluster$Factory$Get.runWithNewCluster(MiniRaftCluster.java:146)
	at org.apache.ratis.server.impl.MiniRaftCluster$Factory$Get.runWithNewCluster(MiniRaftCluster.java:124)
	at org.apache.ratis.RaftAsyncTests.runTestBasicAppendEntriesAsync(RaftAsyncTests.java:267)
	at org.apache.ratis.RaftAsyncTests.testBasicAppendEntriesAsyncKillLeader(RaftAsyncTests.java:278)
	at java.base/java.lang.reflect.Method.invoke(Method.java:565)
	at java.base/java.util.ArrayList.forEach(ArrayList.java:1604)
	at java.base/java.util.ArrayList.forEach(ArrayList.java:1604)

[INFO] Running org.apache.ratis.netty.TestRaftReconfigurationWithNetty
[INFO] Tests run: 1, Failures: 0, Errors: 0, Skipped: 0, Time elapsed: 5.284 s -- in org.apache.ratis.netty.TestRaftReconfigurationWithNetty
[INFO] Running org.apache.ratis.server.simulation.TestRaftWithSimulatedRpc
[INFO] Tests run: 1, Failures: 0, Errors: 0, Skipped: 0, Time elapsed: 3.015 s -- in org.apache.ratis.server.simulation.TestRaftWithSimulatedRpc
[INFO] Running org.apache.ratis.server.simulation.TestRaftReconfigurationWithSimulatedRpc
[INFO] Tests run: 1, Failures: 0, Errors: 0, Skipped: 0, Time elapsed: 5.945 s -- in org.apache.ratis.server.simulation.TestRaftReconfigurationWithSimulatedRpc
[INFO] Running org.apache.ratis.server.simulation.TestLeaderElectionWithSimulatedRpc
[INFO] Tests run: 1, Failures: 0, Errors: 0, Skipped: 0, Time elapsed: 3.054 s -- in org.apache.ratis.server.simulation.TestLeaderElectionWithSimulatedRpc
[INFO] 
[INFO] Results:
[INFO] 
[ERROR] Failures: 
[ERROR] org.apache.ratis.netty.TestRaftAsyncWithNetty.testBasicAppendEntriesAsyncKillLeader
[ERROR]   Run 1: TestRaftAsyncWithNetty>RaftAsyncTests.testBasicAppendEntriesAsyncKillLeader:278->RaftAsyncTests.runTestBasicAppendEntriesAsync:267->RaftAsyncTests.lambda$runTestBasicAppendEntriesAsync$0:268 Failed to find m4 in entries [term: 2
index: 3
stateMachineLogEntry {
  logData: "m0"
  stateMachineEntry {
    stateMachineData: "StateMachine Data"
  }
  clientId: "\000\000\000\000\000\000\000\000\000\000\000\000\000\000\000\004"
  callId: 544
}
, term: 2
index: 5
stateMachineLogEntry {
  logData: "m1"
  stateMachineEntry {
    stateMachineData: "StateMachine Data"
  }
  clientId: "\000\000\000\000\000\000\000\000\000\000\000\000\000\000\000\004"
  callId: 545
}
, term: 2
index: 7
stateMachineLogEntry {
  logData: "m2"
  stateMachineEntry {
    stateMachineData: "StateMachine Data"
  }
  clientId: "\000\000\000\000\000\000\000\000\000\000\000\000\000\000\000\004"
  callId: 546
}
, term: 2
index: 9
stateMachineLogEntry {
  logData: "m6"
  stateMachineEntry {
    stateMachineData: "StateMachine Data"
  }
  clientId: "\000\000\000\000\000\000\000\000\000\000\000\000\000\000\000\004"
  callId: 550
}
, term: 2
index: 11
stateMachineLogEntry {
  logData: "m4"
  stateMachineEntry {
    stateMachineData: "StateMachine Data"
  }
  clientId: "\000\000\000\000\000\000\000\000\000\000\000\000\000\000\000\004"
  callId: 548
}
, term: 2
index: 13
stateMachineLogEntry {
  logData: "m8"
  stateMachineEntry {
    stateMachineData: "StateMachine Data"
  }
  clientId: "\000\000\000\000\000\000\000\000\000\000\000\000\000\000\000\004"
  callId: 552
}
, term: 2
index: 15
stateMachineLogEntry {
  logData: "m3"
  stateMachineEntry {
    stateMachineData: "StateMachine Data"
  }
  clientId: "\000\000\000\000\000\000\000\000\000\000\000\000\000\000\000\004"
  callId: 547
}
, term: 2
index: 17
stateMachineLogEntry {
  logData: "m7"
  stateMachineEntry {
    stateMachineData: "StateMachine Data"
  }
  clientId: "\000\000\000\000\000\000\000\000\000\000\000\000\000\000\000\004"
  callId: 551
}
, term: 2
index: 19
stateMachineLogEntry {
  logData: "m5"
  stateMachineEntry {
    stateMachineData: "StateMachine Data"
  }
  clientId: "\000\000\000\000\000\000\000\000\000\000\000\000\000\000\000\004"
  callId: 549
}
, term: 2
index: 21
stateMachineLogEntry {
  logData: "m9"
  stateMachineEntry {
    stateMachineData: "StateMachine Data"
  }
  clientId: "\000\000\000\000\000\000\000\000\000\000\000\000\000\000\000\004"
  callId: 553
}
, term: 2
index: 23
stateMachineLogEntry {
  logData: "m10"
  stateMachineEntry {
    stateMachineData: "StateMachine Data"
  }
  clientId: "\000\000\000\000\000\000\000\000\000\000\000\000\000\000\000\004"
  callId: 554
}
, term: 2
index: 25
stateMachineLogEntry {
  logData: "m14"
  stateMachineEntry {
    stateMachineData: "StateMachine Data"
  }
  clientId: "\000\000\000\000\000\000\000\000\000\000\000\000\000\000\000\004"
  callId: 558
}
, term: 2
index: 27
stateMachineLogEntry {
  logData: "m11"
  stateMachineEntry {
    stateMachineData: "StateMachine Data"
  }
  clientId: "\000\000\000\000\000\000\000\000\000\000\000\000\000\000\000\004"
  callId: 555
}
, term: 2
index: 29
stateMachineLogEntry {
  logData: "m12"
  stateMachineEntry {
    stateMachineData: "StateMachine Data"
  }
  clientId: "\000\000\000\000\000\000\000\000\000\000\000\000\000\000\000\004"
  callId: 556
}
, term: 2
index: 31
stateMachineLogEntry {
  logData: "m16"
  stateMachineEntry {
    stateMachineData: "StateMachine Data"
  }
  clientId: "\000\000\000\000\000\000\000\000\000\000\000\000\000\000\000\004"
  callId: 560
}
, term: 2
index: 33
stateMachineLogEntry {
  logData: "m15"
  stateMachineEntry {
    stateMachineData: "StateMachine Data"
  }
  clientId: "\000\000\000\000\000\000\000\000\000\000\000\000\000\000\000\004"
  callId: 559
}
, term: 2
index: 35
stateMachineLogEntry {
  logData: "m19"
  stateMachineEntry {
    stateMachineData: "StateMachine Data"
  }
  clientId: "\000\000\000\000\000\000\000\000\000\000\000\000\000\000\000\004"
  callId: 563
}
, term: 2
index: 37
stateMachineLogEntry {
  logData: "m18"
  stateMachineEntry {
    stateMachineData: "StateMachine Data"
  }
  clientId: "\000\000\000\000\000\000\000\000\000\000\000\000\000\000\000\004"
  callId: 562
}
, term: 2
index: 39
stateMachineLogEntry {
  logData: "m22"
  stateMachineEntry {
    stateMachineData: "StateMachine Data"
  }
  clientId: "\000\000\000\000\000\000\000\000\000\000\000\000\000\000\000\004"
  callId: 566
}
, term: 2
index: 41
stateMachineLogEntry {
  logData: "m13"
  stateMachineEntry {
    stateMachineData: "StateMachine Data"
  }
  clientId: "\000\000\000\000\000\000\000\000\000\000\000\000\000\000\000\004"
  callId: 557
}
, term: 2
index: 43
stateMachineLogEntry {
  logData: "m26"
  stateMachineEntry {
    stateMachineData: "StateMachine Data"
  }
  clientId: "\000\000\000\000\000\000\000\000\000\000\000\000\000\000\000\004"
  callId: 570
}
, term: 2
index: 45
stateMachineLogEntry {
  logData: "m20"
  stateMachineEntry {
    stateMachineData: "StateMachine Data"
  }
  clientId: "\000\000\000\000\000\000\000\000\000\000\000\000\000\000\000\004"
  callId: 564
}
, term: 2
index: 47
stateMachineLogEntry {
  logData: "m17"
  stateMachineEntry {
    stateMachineData: "StateMachine Data"
  }
  clientId: "\000\000\000\000\000\000\000\000\000\000\000\000\000\000\000\004"
  callId: 561
}
, term: 2
index: 49
stateMachineLogEntry {
  logData: "m21"
  stateMachineEntry {
    stateMachineData: "StateMachine Data"
  }
  clientId: "\000\000\000\000\000\000\000\000\000\000\000\000\000\000\000\004"
  callId: 565
}
, term: 2
index: 51
stateMachineLogEntry {
  logData: "m25"
  stateMachineEntry {
    stateMachineData: "StateMachine Data"
  }
  clientId: "\000\000\000\000\000\000\000\000\000\000\000\000\000\000\000\004"
  callId: 569
}
, term: 2
index: 53
stateMachineLogEntry {
  logData: "m24"
  stateMachineEntry {
    stateMachineData: "StateMachine Data"
  }
  clientId: "\000\000\000\000\000\000\000\000\000\000\000\000\000\000\000\004"
  callId: 568
}
, term: 2
index: 55
stateMachineLogEntry {
  logData: "m28"
  stateMachineEntry {
    stateMachineData: "StateMachine Data"
  }
  clientId: "\000\000\000\000\000\000\000\000\000\000\000\000\000\000\000\004"
  callId: 572
}
, term: 2
index: 57
stateMachineLogEntry {
  logData: "m32"
  stateMachineEntry {
    stateMachineData: "StateMachine Data"
  }
  clientId: "\000\000\000\000\000\000\000\000\000\000\000\000\000\000\000\004"
  callId: 576
}
, term: 2
index: 59
stateMachineLogEntry {
  logData: "m30"
  stateMachineEntry {
    stateMachineData: "StateMachine Data"
  }
  clientId: "\000\000\000\000\000\000\000\000\000\000\000\000\000\000\000\004"
  callId: 574
}
, term: 2
index: 61
stateMachineLogEntry {
  logData: "m29"
  stateMachineEntry {
    stateMachineData: "StateMachine Data"
  }
  clientId: "\000\000\000\000\000\000\000\000\000\000\000\000\000\000\000\004"
  callId: 573
}
, term: 2
index: 63
stateMachineLogEntry {
  logData: "m33"
  stateMachineEntry {
    stateMachineData: "StateMachine Data"
  }
  clientId: "\000\000\000\000\000\000\000\000\000\000\000\000\000\000\000\004"
  callId: 577
}
, term: 2
index: 65
stateMachineLogEntry {
  logData: "m37"
  stateMachineEntry {
    stateMachineData: "StateMachine Data"
  }
  clientId: "\000\000\000\000\000\000\000\000\000\000\000\000\000\000\000\004"
  callId: 581
}
, term: 2
index: 67
stateMachineLogEntry {
  logData: "m36"
  stateMachineEntry {
    stateMachineData: "StateMachine Data"
  }
  clientId: "\000\000\000\000\000\000\000\000\000\000\000\000\000\000\000\004"
  callId: 580
}
, term: 2
index: 69
stateMachineLogEntry {
  logData: "m34"
  stateMachineEntry {
    stateMachineData: "StateMachine Data"
  }
  clientId: "\000\000\000\000\000\000\000\000\000\000\000\000\000\000\000\004"
  callId: 578
}
, term: 2
index: 71
stateMachineLogEntry {
  logData: "m38"
  stateMachineEntry {
    stateMachineData: "StateMachine Data"
  }
  clientId: "\000\000\000\000\000\000\000\000\000\000\000\000\000\000\000\004"
  callId: 582
}
, term: 2
index: 73
stateMachineLogEntry {
  logData: "m42"
  stateMachineEntry {
    stateMachineData: "StateMachine Data"
  }
  clientId: "\000\000\000\000\000\000\000\000\000\000\000\000\000\000\000\004"
  callId: 586
}
, term: 2
index: 75
stateMachineLogEntry {
  logData: "m23"
  stateMachineEntry {
    stateMachineData: "StateMachine Data"
  }
  clientId: "\000\000\000\000\000\000\000\000\000\000\000\000\000\000\000\004"
  callId: 567
}
, term: 2
index: 77
stateMachineLogEntry {
  logData: "m27"
  stateMachineEntry {
    stateMachineData: "StateMachine Data"
  }
  clientId: "\000\000\000\000\000\000\000\000\000\000\000\000\000\000\000\004"
  callId: 571
}
, term: 2
index: 79
stateMachineLogEntry {
  logData: "m31"
  stateMachineEntry {
    stateMachineData: "StateMachine Data"
  }
  clientId: "\000\000\000\000\000\000\000\000\000\000\000\000\000\000\000\004"
  callId: 575
}
, term: 2
index: 81
stateMachineLogEntry {
  logData: "m35"
  stateMachineEntry {
    stateMachineData: "StateMachine Data"
  }
  clientId: "\000\000\000\000\000\000\000\000\000\000\000\000\000\000\000\004"
  callId: 579
}
, term: 2
index: 83
stateMachineLogEntry {
  logData: "m39"
  stateMachineEntry {
    stateMachineData: "StateMachine Data"
  }
  clientId: "\000\000\000\000\000\000\000\000\000\000\000\000\000\000\000\004"
  callId: 583
}
, term: 2
index: 85
stateMachineLogEntry {
  logData: "m43"
  stateMachineEntry {
    stateMachineData: "StateMachine Data"
  }
  clientId: "\000\000\000\000\000\000\000\000\000\000\000\000\000\000\000\004"
  callId: 587
}
, term: 2
index: 87
stateMachineLogEntry {
  logData: "m47"
  stateMachineEntry {
    stateMachineData: "StateMachine Data"
  }
  clientId: "\000\000\000\000\000\000\000\000\000\000\000\000\000\000\000\004"
  callId: 591
}
, term: 2
index: 89
stateMachineLogEntry {
  logData: "m51"
  stateMachineEntry {
    stateMachineData: "StateMachine Data"
  }
  clientId: "\000\000\000\000\000\000\000\000\000\000\000\000\000\000\000\004"
  callId: 595
}
, term: 2
index: 91
stateMachineLogEntry {
  logData: "m41"
  stateMachineEntry {
    stateMachineData: "StateMachine Data"
  }
  clientId: "\000\000\000\000\000\000\000\000\000\000\000\000\000\000\000\004"
  callId: 585
}
, term: 2
index: 93
stateMachineLogEntry {
  logData: "m45"
  stateMachineEntry {
    stateMachineData: "StateMachine Data"
  }
  clientId: "\000\000\000\000\000\000\000\000\000\000\000\000\000\000\000\004"
  callId: 589
}
, term: 2
index: 95
stateMachineLogEntry {
  logData: "m49"
  stateMachineEntry {
    stateMachineData: "StateMachine Data"
  }
  clientId: "\000\000\000\000\000\000\000\000\000\000\000\000\000\000\000\004"
  callId: 593
}
, term: 2
index: 97
stateMachineLogEntry {
  logData: "m40"
  stateMachineEntry {
    stateMachineData: "StateMachine Data"
  }
  clientId: "\000\000\000\000\000\000\000\000\000\000\000\000\000\000\000\004"
  callId: 584
}
, term: 2
index: 99
stateMachineLogEntry {
  logData: "m44"
  stateMachineEntry {
    stateMachineData: "StateMachine Data"
  }
  clientId: "\000\000\000\000\000\000\000\000\000\000\000\000\000\000\000\004"
  callId: 588
}
, term: 2
index: 101
stateMachineLogEntry {
  logData: "m48"
  stateMachineEntry {
    stateMachineData: "StateMachine Data"
  }
  clientId: "\000\000\000\000\000\000\000\000\000\000\000\000\000\000\000\004"
  callId: 592
}
, term: 2
index: 103
stateMachineLogEntry {
  logData: "m52"
  stateMachineEntry {
    stateMachineData: "StateMachine Data"
  }
  clientId: "\000\000\000\000\000\000\000\000\000\000\000\000\000\000\000\004"
  callId: 596
}
, term: 2
index: 105
stateMachineLogEntry {
  logData: "m56"
  stateMachineEntry {
    stateMachineData: "StateMachine Data"
  }
  clientId: "\000\000\000\000\000\000\000\000\000\000\000\000\000\000\000\004"
  callId: 600
}
, term: 2
index: 107
stateMachineLogEntry {
  logData: "m46"
  stateMachineEntry {
    stateMachineData: "StateMachine Data"
  }
  clientId: "\000\000\000\000\000\000\000\000\000\000\000\000\000\000\000\004"
  callId: 590
}
, term: 2
index: 109
stateMachineLogEntry {
  logData: "m55"
  stateMachineEntry {
    stateMachineData: "StateMachine Data"
  }
  clientId: "\000\000\000\000\000\000\000\000\000\000\000\000\000\000\000\004"
  callId: 599
}
, term: 2
index: 111
stateMachineLogEntry {
  logData: "m50"
  stateMachineEntry {
    stateMachineData: "StateMachine Data"
  }
  clientId: "\000\000\000\000\000\000\000\000\000\000\000\000\000\000\000\004"
  callId: 594
}
, term: 2
index: 113
stateMachineLogEntry {
  logData: "m54"
  stateMachineEntry {
    stateMachineData: "StateMachine Data"
  }
  clientId: "\000\000\000\000\000\000\000\000\000\000\000\000\000\000\000\004"
  callId: 598
}
, term: 2
index: 115
stateMachineLogEntry {
  logData: "m58"
  stateMachineEntry {
    stateMachineData: "StateMachine Data"
  }
  clientId: "\000\000\000\000\000\000\000\000\000\000\000\000\000\000\000\004"
  callId: 602
}
, term: 2
index: 117
stateMachineLogEntry {
  logData: "m53"
  stateMachineEntry {
    stateMachineData: "StateMachine Data"
  }
  clientId: "\000\000\000\000\000\000\000\000\000\000\000\000\000\000\000\004"
  callId: 597
}
, term: 2
index: 119
stateMachineLogEntry {
  logData: "m57"
  stateMachineEntry {
    stateMachineData: "StateMachine Data"
  }
  clientId: "\000\000\000\000\000\000\000\000\000\000\000\000\000\000\000\004"
  callId: 601
}
, term: 2
index: 121
stateMachineLogEntry {
  logData: "m60"
  stateMachineEntry {
    stateMachineData: "StateMachine Data"
  }
  clientId: "\000\000\000\000\000\000\000\000\000\000\000\000\000\000\000\004"
  callId: 604
}
, term: 2
index: 123
stateMachineLogEntry {
  logData: "m59"
  stateMachineEntry {
    stateMachineData: "StateMachine Data"
  }
  clientId: "\000\000\000\000\000\000\000\000\000\000\000\000\000\000\000\004"
  callId: 603
}
, term: 2
index: 125
stateMachineLogEntry {
  logData: "m63"
  stateMachineEntry {
    stateMachineData: "StateMachine Data"
  }
  clientId: "\000\000\000\000\000\000\000\000\000\000\000\000\000\000\000\004"
  callId: 607
}
, term: 2
index: 127
stateMachineLogEntry {
  logData: "m62"
  stateMachineEntry {
    stateMachineData: "StateMachine Data"
  }
  clientId: "\000\000\000\000\000\000\000\000\000\000\000\000\000\000\000\004"
  callId: 606
}
, term: 2
index: 129
stateMachineLogEntry {
  logData: "m61"
  stateMachineEntry {
    stateMachineData: "StateMachine Data"
  }
  clientId: "\000\000\000\000\000\000\000\000\000\000\000\000\000\000\000\004"
  callId: 605
}
, term: 2
index: 131
stateMachineLogEntry {
  logData: "m65"
  stateMachineEntry {
    stateMachineData: "StateMachine Data"
  }
  clientId: "\000\000\000\000\000\000\000\000\000\000\000\000\000\000\000\004"
  callId: 609
}
, term: 2
index: 133
stateMachineLogEntry {
  logData: "m67"
  stateMachineEntry {
    stateMachineData: "StateMachine Data"
  }
  clientId: "\000\000\000\000\000\000\000\000\000\000\000\000\000\000\000\004"
  callId: 611
}
, term: 2
index: 135
stateMachineLogEntry {
  logData: "m70"
  stateMachineEntry {
    stateMachineData: "StateMachine Data"
  }
  clientId: "\000\000\000\000\000\000\000\000\000\000\000\000\000\000\000\004"
  callId: 614
}
, term: 2
index: 137
stateMachineLogEntry {
  logData: "m66"
  stateMachineEntry {
    stateMachineData: "StateMachine Data"
  }
  clientId: "\000\000\000\000\000\000\000\000\000\000\000\000\000\000\000\004"
  callId: 610
}
, term: 2
index: 139
stateMachineLogEntry {
  logData: "m64"
  stateMachineEntry {
    stateMachineData: "StateMachine Data"
  }
  clientId: "\000\000\000\000\000\000\000\000\000\000\000\000\000\000\000\004"
  callId: 608
}
, term: 2
index: 141
stateMachineLogEntry {
  logData: "m68"
  stateMachineEntry {
    stateMachineData: "StateMachine Data"
  }
  clientId: "\000\000\000\000\000\000\000\000\000\000\000\000\000\000\000\004"
  callId: 612
}
, term: 2
index: 143
stateMachineLogEntry {
  logData: "m69"
  stateMachineEntry {
    stateMachineData: "StateMachine Data"
  }
  clientId: "\000\000\000\000\000\000\000\000\000\000\000\000\000\000\000\004"
  callId: 613
}
, term: 2
index: 145
stateMachineLogEntry {
  logData: "m73"
  stateMachineEntry {
    stateMachineData: "StateMachine Data"
  }
  clientId: "\000\000\000\000\000\000\000\000\000\000\000\000\000\000\000\004"
  callId: 617
}
, term: 2
index: 147
stateMachineLogEntry {
  logData: "m75"
  stateMachineEntry {
    stateMachineData: "StateMachine Data"
  }
  clientId: "\000\000\000\000\000\000\000\000\000\000\000\000\000\000\000\004"
  callId: 619
}
, term: 2
index: 149
stateMachineLogEntry {
  logData: "m71"
  stateMachineEntry {
    stateMachineData: "StateMachine Data"
  }
  clientId: "\000\000\000\000\000\000\000\000\000\000\000\000\000\000\000\004"
  callId: 615
}
, term: 2
index: 151
stateMachineLogEntry {
  logData: "m74"
  stateMachineEntry {
    stateMachineData: "StateMachine Data"
  }
  clientId: "\000\000\000\000\000\000\000\000\000\000\000\000\000\000\000\004"
  callId: 618
}
, term: 2
index: 153
stateMachineLogEntry {
  logData: "m72"
  stateMachineEntry {
    stateMachineData: "StateMachine Data"
  }
  clientId: "\000\000\000\000\000\000\000\000\000\000\000\000\000\000\000\004"
  callId: 616
}
, term: 2
index: 155
stateMachineLogEntry {
  logData: "m76"
  stateMachineEntry {
    stateMachineData: "StateMachine Data"
  }
  clientId: "\000\000\000\000\000\000\000\000\000\000\000\000\000\000\000\004"
  callId: 620
}
, term: 2
index: 157
stateMachineLogEntry {
  logData: "m77"
  stateMachineEntry {
    stateMachineData: "StateMachine Data"
  }
  clientId: "\000\000\000\000\000\000\000\000\000\000\000\000\000\000\000\004"
  callId: 621
}
, term: 2
index: 159
stateMachineLogEntry {
  logData: "m79"
  stateMachineEntry {
    stateMachineData: "StateMachine Data"
  }
  clientId: "\000\000\000\000\000\000\000\000\000\000\000\000\000\000\000\004"
  callId: 623
}
, term: 2
index: 161
stateMachineLogEntry {
  logData: "m78"
  stateMachineEntry {
    stateMachineData: "StateMachine Data"
  }
  clientId: "\000\000\000\000\000\000\000\000\000\000\000\000\000\000\000\004"
  callId: 622
}
, term: 2
index: 163
stateMachineLogEntry {
  logData: "m82"
  stateMachineEntry {
    stateMachineData: "StateMachine Data"
  }
  clientId: "\000\000\000\000\000\000\000\000\000\000\000\000\000\000\000\004"
  callId: 626
}
, term: 2
index: 165
stateMachineLogEntry {
  logData: "m81"
  stateMachineEntry {
    stateMachineData: "StateMachine Data"
  }
  clientId: "\000\000\000\000\000\000\000\000\000\000\000\000\000\000\000\004"
  callId: 625
}
, term: 2
index: 167
stateMachineLogEntry {
  logData: "m85"
  stateMachineEntry {
    stateMachineData: "StateMachine Data"
  }
  clientId: "\000\000\000\000\000\000\000\000\000\000\000\000\000\000\000\004"
  callId: 629
}
, term: 2
index: 169
stateMachineLogEntry {
  logData: "m89"
  stateMachineEntry {
    stateMachineData: "StateMachine Data"
  }
  clientId: "\000\000\000\000\000\000\000\000\000\000\000\000\000\000\000\004"
  callId: 633
}
, term: 2
index: 171
stateMachineLogEntry {
  logData: "m80"
  stateMachineEntry {
    stateMachineData: "StateMachine Data"
  }
  clientId: "\000\000\000\000\000\000\000\000\000\000\000\000\000\000\000\004"
  callId: 624
}
, term: 2
index: 173
stateMachineLogEntry {
  logData: "m84"
  stateMachineEntry {
    stateMachineData: "StateMachine Data"
  }
  clientId: "\000\000\000\000\000\000\000\000\000\000\000\000\000\000\000\004"
  callId: 628
}
, term: 2
index: 175
stateMachineLogEntry {
  logData: "m88"
  stateMachineEntry {
    stateMachineData: "StateMachine Data"
  }
  clientId: "\000\000\000\000\000\000\000\000\000\000\000\000\000\000\000\004"
  callId: 632
}
, term: 2
index: 177
stateMachineLogEntry {
  logData: "m83"
  stateMachineEntry {
    stateMachineData: "StateMachine Data"
  }
  clientId: "\000\000\000\000\000\000\000\000\000\000\000\000\000\000\000\004"
  callId: 627
}
, term: 2
index: 179
stateMachineLogEntry {
  logData: "m87"
  stateMachineEntry {
    stateMachineData: "StateMachine Data"
  }
  clientId: "\000\000\000\000\000\000\000\000\000\000\000\000\000\000\000\004"
  callId: 631
}
, term: 2
index: 181
stateMachineLogEntry {
  logData: "m91"
  stateMachineEntry {
    stateMachineData: "StateMachine Data"
  }
  clientId: "\000\000\000\000\000\000\000\000\000\000\000\000\000\000\000\004"
  callId: 635
}
, term: 2
index: 183
stateMachineLogEntry {
  logData: "m86"
  stateMachineEntry {
    stateMachineData: "StateMachine Data"
  }
  clientId: "\000\000\000\000\000\000\000\000\000\000\000\000\000\000\000\004"
  callId: 630
}
, term: 2
index: 185
stateMachineLogEntry {
  logData: "m90"
  stateMachineEntry {
    stateMachineData: "StateMachine Data"
  }
  clientId: "\000\000\000\000\000\000\000\000\000\000\000\000\000\000\000\004"
  callId: 634
}
, term: 2
index: 187
stateMachineLogEntry {
  logData: "m94"
  stateMachineEntry {
    stateMachineData: "StateMachine Data"
  }
  clientId: "\000\000\000\000\000\000\000\000\000\000\000\000\000\000\000\004"
  callId: 638
}
, term: 2
index: 189
stateMachineLogEntry {
  logData: "m98"
  stateMachineEntry {
    stateMachineData: "StateMachine Data"
  }
  clientId: "\000\000\000\000\000\000\000\000\000\000\000\000\000\000\000\004"
  callId: 642
}
, term: 2
index: 191
stateMachineLogEntry {
  logData: "m93"
  stateMachineEntry {
    stateMachineData: "StateMachine Data"
  }
  clientId: "\000\000\000\000\000\000\000\000\000\000\000\000\000\000\000\004"
  callId: 637
}
, term: 2
index: 193
stateMachineLogEntry {
  logData: "m97"
  stateMachineEntry {
    stateMachineData: "StateMachine Data"
  }
  clientId: "\000\000\000\000\000\000\000\000\000\000\000\000\000\000\000\004"
  callId: 641
}
, term: 2
index: 195
stateMachineLogEntry {
  logData: "m92"
  stateMachineEntry {
    stateMachineData: "StateMachine Data"
  }
  clientId: "\000\000\000\000\000\000\000\000\000\000\000\000\000\000\000\004"
  callId: 636
}
, term: 2
index: 197
stateMachineLogEntry {
  logData: "m96"
  stateMachineEntry {
    stateMachineData: "StateMachine Data"
  }
  clientId: "\000\000\000\000\000\000\000\000\000\000\000\000\000\000\000\004"
  callId: 640
}
, term: 2
index: 199
stateMachineLogEntry {
  logData: "m95"
  stateMachineEntry {
    stateMachineData: "StateMachine Data"
  }
  clientId: "\000\000\000\000\000\000\000\000\000\000\000\000\000\000\000\004"
  callId: 639
}
, term: 2
index: 201
stateMachineLogEntry {
  logData: "m99"
  stateMachineEntry {
    stateMachineData: "StateMachine Data"
  }
  clientId: "\000\000\000\000\000\000\000\000\000\000\000\000\000\000\000\004"
  callId: 657
}
] ==> expected: <true> but was: <false>
[ERROR]   Run 2: TestRaftAsyncWithNetty>RaftAsyncTests.testBasicAppendEntriesAsyncKillLeader:278->RaftAsyncTests.runTestBasicAppendEntriesAsync:267->RaftAsyncTests.lambda$runTestBasicAppendEntriesAsync$0:268 Failed to find m4 in entries [term: 3
index: 5
stateMachineLogEntry {
  logData: "m0"
  stateMachineEntry {
    stateMachineData: "StateMachine Data"
  }
  clientId: "\000\000\000\000\000\000\000\000\000\000\000\000\000\000\000\023"
  callId: 14826
}
, term: 3
index: 7
stateMachineLogEntry {
  logData: "m22"
  stateMachineEntry {
    stateMachineData: "StateMachine Data"
  }
  clientId: "\000\000\000\000\000\000\000\000\000\000\000\000\000\000\000\023"
  callId: 14848
}
, term: 3
index: 9
stateMachineLogEntry {
  logData: "m23"
  stateMachineEntry {
    stateMachineData: "StateMachine Data"
  }
  clientId: "\000\000\000\000\000\000\000\000\000\000\000\000\000\000\000\023"
  callId: 14849
}
, term: 3
index: 11
stateMachineLogEntry {
  logData: "m24"
  stateMachineEntry {
    stateMachineData: "StateMachine Data"
  }
  clientId: "\000\000\000\000\000\000\000\000\000\000\000\000\000\000\000\023"
  callId: 14850
}
, term: 3
index: 13
stateMachineLogEntry {
  logData: "m32"
  stateMachineEntry {
    stateMachineData: "StateMachine Data"
  }
  clientId: "\000\000\000\000\000\000\000\000\000\000\000\000\000\000\000\023"
  callId: 14858
}
, term: 3
index: 15
stateMachineLogEntry {
  logData: "m28"
  stateMachineEntry {
    stateMachineData: "StateMachine Data"
  }
  clientId: "\000\000\000\000\000\000\000\000\000\000\000\000\000\000\000\023"
  callId: 14854
}
, term: 3
index: 17
stateMachineLogEntry {
  logData: "m30"
  stateMachineEntry {
    stateMachineData: "StateMachine Data"
  }
  clientId: "\000\000\000\000\000\000\000\000\000\000\000\000\000\000\000\023"
  callId: 14856
}
, term: 3
index: 19
stateMachineLogEntry {
  logData: "m26"
  stateMachineEntry {
    stateMachineData: "StateMachine Data"
  }
  clientId: "\000\000\000\000\000\000\000\000\000\000\000\000\000\000\000\023"
  callId: 14852
}
, term: 3
index: 21
stateMachineLogEntry {
  logData: "m25"
  stateMachineEntry {
    stateMachineData: "StateMachine Data"
  }
  clientId: "\000\000\000\000\000\000\000\000\000\000\000\000\000\000\000\023"
  callId: 14851
}
, term: 3
index: 23
stateMachineLogEntry {
  logData: "m33"
  stateMachineEntry {
    stateMachineData: "StateMachine Data"
  }
  clientId: "\000\000\000\000\000\000\000\000\000\000\000\000\000\000\000\023"
  callId: 14859
}
, term: 3
index: 25
stateMachineLogEntry {
  logData: "m29"
  stateMachineEntry {
    stateMachineData: "StateMachine Data"
  }
  clientId: "\000\000\000\000\000\000\000\000\000\000\000\000\000\000\000\023"
  callId: 14855
}
, term: 3
index: 27
stateMachineLogEntry {
  logData: "m27"
  stateMachineEntry {
    stateMachineData: "StateMachine Data"
  }
  clientId: "\000\000\000\000\000\000\000\000\000\000\000\000\000\000\000\023"
  callId: 14853
}
, term: 3
index: 29
stateMachineLogEntry {
  logData: "m31"
  stateMachineEntry {
    stateMachineData: "StateMachine Data"
  }
  clientId: "\000\000\000\000\000\000\000\000\000\000\000\000\000\000\000\023"
  callId: 14857
}
, term: 3
index: 31
stateMachineLogEntry {
  logData: "m36"
  stateMachineEntry {
    stateMachineData: "StateMachine Data"
  }
  clientId: "\000\000\000\000\000\000\000\000\000\000\000\000\000\000\000\023"
  callId: 14862
}
, term: 3
index: 33
stateMachineLogEntry {
  logData: "m40"
  stateMachineEntry {
    stateMachineData: "StateMachine Data"
  }
  clientId: "\000\000\000\000\000\000\000\000\000\000\000\000\000\000\000\023"
  callId: 14866
}
, term: 3
index: 35
stateMachineLogEntry {
  logData: "m37"
  stateMachineEntry {
    stateMachineData: "StateMachine Data"
  }
  clientId: "\000\000\000\000\000\000\000\000\000\000\000\000\000\000\000\023"
  callId: 14863
}
, term: 3
index: 37
stateMachineLogEntry {
  logData: "m41"
  stateMachineEntry {
    stateMachineData: "StateMachine Data"
  }
  clientId: "\000\000\000\000\000\000\000\000\000\000\000\000\000\000\000\023"
  callId: 14867
}
, term: 3
index: 39
stateMachineLogEntry {
  logData: "m45"
  stateMachineEntry {
    stateMachineData: "StateMachine Data"
  }
  clientId: "\000\000\000\000\000\000\000\000\000\000\000\000\000\000\000\023"
  callId: 14871
}
, term: 3
index: 41
stateMachineLogEntry {
  logData: "m49"
  stateMachineEntry {
    stateMachineData: "StateMachine Data"
  }
  clientId: "\000\000\000\000\000\000\000\000\000\000\000\000\000\000\000\023"
  callId: 14875
}
, term: 3
index: 43
stateMachineLogEntry {
  logData: "m35"
  stateMachineEntry {
    stateMachineData: "StateMachine Data"
  }
  clientId: "\000\000\000\000\000\000\000\000\000\000\000\000\000\000\000\023"
  callId: 14861
}
, term: 3
index: 45
stateMachineLogEntry {
  logData: "m39"
  stateMachineEntry {
    stateMachineData: "StateMachine Data"
  }
  clientId: "\000\000\000\000\000\000\000\000\000\000\000\000\000\000\000\023"
  callId: 14865
}
, term: 3
index: 47
stateMachineLogEntry {
  logData: "m43"
  stateMachineEntry {
    stateMachineData: "StateMachine Data"
  }
  clientId: "\000\000\000\000\000\000\000\000\000\000\000\000\000\000\000\023"
  callId: 14869
}
, term: 3
index: 49
stateMachineLogEntry {
  logData: "m47"
  stateMachineEntry {
    stateMachineData: "StateMachine Data"
  }
  clientId: "\000\000\000\000\000\000\000\000\000\000\000\000\000\000\000\023"
  callId: 14873
}
, term: 3
index: 51
stateMachineLogEntry {
  logData: "m51"
  stateMachineEntry {
    stateMachineData: "StateMachine Data"
  }
  clientId: "\000\000\000\000\000\000\000\000\000\000\000\000\000\000\000\023"
  callId: 14877
}
, term: 3
index: 53
stateMachineLogEntry {
  logData: "m44"
  stateMachineEntry {
    stateMachineData: "StateMachine Data"
  }
  clientId: "\000\000\000\000\000\000\000\000\000\000\000\000\000\000\000\023"
  callId: 14870
}
, term: 3
index: 55
stateMachineLogEntry {
  logData: "m48"
  stateMachineEntry {
    stateMachineData: "StateMachine Data"
  }
  clientId: "\000\000\000\000\000\000\000\000\000\000\000\000\000\000\000\023"
  callId: 14874
}
, term: 3
index: 57
stateMachineLogEntry {
  logData: "m34"
  stateMachineEntry {
    stateMachineData: "StateMachine Data"
  }
  clientId: "\000\000\000\000\000\000\000\000\000\000\000\000\000\000\000\023"
  callId: 14860
}
, term: 3
index: 59
stateMachineLogEntry {
  logData: "m38"
  stateMachineEntry {
    stateMachineData: "StateMachine Data"
  }
  clientId: "\000\000\000\000\000\000\000\000\000\000\000\000\000\000\000\023"
  callId: 14864
}
, term: 3
index: 61
stateMachineLogEntry {
  logData: "m42"
  stateMachineEntry {
    stateMachineData: "StateMachine Data"
  }
  clientId: "\000\000\000\000\000\000\000\000\000\000\000\000\000\000\000\023"
  callId: 14868
}
, term: 3
index: 63
stateMachineLogEntry {
  logData: "m46"
  stateMachineEntry {
    stateMachineData: "StateMachine Data"
  }
  clientId: "\000\000\000\000\000\000\000\000\000\000\000\000\000\000\000\023"
  callId: 14872
}
, term: 3
index: 65
stateMachineLogEntry {
  logData: "m50"
  stateMachineEntry {
    stateMachineData: "StateMachine Data"
  }
  clientId: "\000\000\000\000\000\000\000\000\000\000\000\000\000\000\000\023"
  callId: 14876
}
, term: 3
index: 67
stateMachineLogEntry {
  logData: "m54"
  stateMachineEntry {
    stateMachineData: "StateMachine Data"
  }
  clientId: "\000\000\000\000\000\000\000\000\000\000\000\000\000\000\000\023"
  callId: 14880
}
, term: 3
index: 69
stateMachineLogEntry {
  logData: "m58"
  stateMachineEntry {
    stateMachineData: "StateMachine Data"
  }
  clientId: "\000\000\000\000\000\000\000\000\000\000\000\000\000\000\000\023"
  callId: 14884
}
, term: 3
index: 71
stateMachineLogEntry {
  logData: "m53"
  stateMachineEntry {
    stateMachineData: "StateMachine Data"
  }
  clientId: "\000\000\000\000\000\000\000\000\000\000\000\000\000\000\000\023"
  callId: 14879
}
, term: 3
index: 73
stateMachineLogEntry {
  logData: "m57"
  stateMachineEntry {
    stateMachineData: "StateMachine Data"
  }
  clientId: "\000\000\000\000\000\000\000\000\000\000\000\000\000\000\000\023"
  callId: 14883
}
, term: 3
index: 75
stateMachineLogEntry {
  logData: "m52"
  stateMachineEntry {
    stateMachineData: "StateMachine Data"
  }
  clientId: "\000\000\000\000\000\000\000\000\000\000\000\000\000\000\000\023"
  callId: 14878
}
, term: 3
index: 77
stateMachineLogEntry {
  logData: "m56"
  stateMachineEntry {
    stateMachineData: "StateMachine Data"
  }
  clientId: "\000\000\000\000\000\000\000\000\000\000\000\000\000\000\000\023"
  callId: 14882
}
, term: 3
index: 79
stateMachineLogEntry {
  logData: "m60"
  stateMachineEntry {
    stateMachineData: "StateMachine Data"
  }
  clientId: "\000\000\000\000\000\000\000\000\000\000\000\000\000\000\000\023"
  callId: 14886
}
, term: 3
index: 81
stateMachineLogEntry {
  logData: "m64"
  stateMachineEntry {
    stateMachineData: "StateMachine Data"
  }
  clientId: "\000\000\000\000\000\000\000\000\000\000\000\000\000\000\000\023"
  callId: 14890
}
, term: 3
index: 83
stateMachineLogEntry {
  logData: "m55"
  stateMachineEntry {
    stateMachineData: "StateMachine Data"
  }
  clientId: "\000\000\000\000\000\000\000\000\000\000\000\000\000\000\000\023"
  callId: 14881
}
, term: 3
index: 85
stateMachineLogEntry {
  logData: "m59"
  stateMachineEntry {
    stateMachineData: "StateMachine Data"
  }
  clientId: "\000\000\000\000\000\000\000\000\000\000\000\000\000\000\000\023"
  callId: 14885
}
, term: 3
index: 87
stateMachineLogEntry {
  logData: "m63"
  stateMachineEntry {
    stateMachineData: "StateMachine Data"
  }
  clientId: "\000\000\000\000\000\000\000\000\000\000\000\000\000\000\000\023"
  callId: 14889
}
, term: 3
index: 89
stateMachineLogEntry {
  logData: "m67"
  stateMachineEntry {
    stateMachineData: "StateMachine Data"
  }
  clientId: "\000\000\000\000\000\000\000\000\000\000\000\000\000\000\000\023"
  callId: 14893
}
, term: 3
index: 91
stateMachineLogEntry {
  logData: "m61"
  stateMachineEntry {
    stateMachineData: "StateMachine Data"
  }
  clientId: "\000\000\000\000\000\000\000\000\000\000\000\000\000\000\000\023"
  callId: 14887
}
, term: 3
index: 93
stateMachineLogEntry {
  logData: "m65"
  stateMachineEntry {
    stateMachineData: "StateMachine Data"
  }
  clientId: "\000\000\000\000\000\000\000\000\000\000\000\000\000\000\000\023"
  callId: 14891
}
, term: 3
index: 95
stateMachineLogEntry {
  logData: "m68"
  stateMachineEntry {
    stateMachineData: "StateMachine Data"
  }
  clientId: "\000\000\000\000\000\000\000\000\000\000\000\000\000\000\000\023"
  callId: 14894
}
, term: 3
index: 97
stateMachineLogEntry {
  logData: "m69"
  stateMachineEntry {
    stateMachineData: "StateMachine Data"
  }
  clientId: "\000\000\000\000\000\000\000\000\000\000\000\000\000\000\000\023"
  callId: 14895
}
, term: 3
index: 99
stateMachineLogEntry {
  logData: "m72"
  stateMachineEntry {
    stateMachineData: "StateMachine Data"
  }
  clientId: "\000\000\000\000\000\000\000\000\000\000\000\000\000\000\000\023"
  callId: 14898
}
, term: 3
index: 101
stateMachineLogEntry {
  logData: "m73"
  stateMachineEntry {
    stateMachineData: "StateMachine Data"
  }
  clientId: "\000\000\000\000\000\000\000\000\000\000\000\000\000\000\000\023"
  callId: 14899
}
, term: 3
index: 103
stateMachineLogEntry {
  logData: "m76"
  stateMachineEntry {
    stateMachineData: "StateMachine Data"
  }
  clientId: "\000\000\000\000\000\000\000\000\000\000\000\000\000\000\000\023"
  callId: 14902
}
, term: 3
index: 105
stateMachineLogEntry {
  logData: "m71"
  stateMachineEntry {
    stateMachineData: "StateMachine Data"
  }
  clientId: "\000\000\000\000\000\000\000\000\000\000\000\000\000\000\000\023"
  callId: 14897
}
, term: 3
index: 107
stateMachineLogEntry {
  logData: "m75"
  stateMachineEntry {
    stateMachineData: "StateMachine Data"
  }
  clientId: "\000\000\000\000\000\000\000\000\000\000\000\000\000\000\000\023"
  callId: 14901
}
, term: 3
index: 109
stateMachineLogEntry {
  logData: "m62"
  stateMachineEntry {
    stateMachineData: "StateMachine Data"
  }
  clientId: "\000\000\000\000\000\000\000\000\000\000\000\000\000\000\000\023"
  callId: 14888
}
, term: 3
index: 111
stateMachineLogEntry {
  logData: "m66"
  stateMachineEntry {
    stateMachineData: "StateMachine Data"
  }
  clientId: "\000\000\000\000\000\000\000\000\000\000\000\000\000\000\000\023"
  callId: 14892
}
, term: 3
index: 113
stateMachineLogEntry {
  logData: "m70"
  stateMachineEntry {
    stateMachineData: "StateMachine Data"
  }
  clientId: "\000\000\000\000\000\000\000\000\000\000\000\000\000\000\000\023"
  callId: 14896
}
, term: 3
index: 115
stateMachineLogEntry {
  logData: "m74"
  stateMachineEntry {
    stateMachineData: "StateMachine Data"
  }
  clientId: "\000\000\000\000\000\000\000\000\000\000\000\000\000\000\000\023"
  callId: 14900
}
, term: 3
index: 117
stateMachineLogEntry {
  logData: "m79"
  stateMachineEntry {
    stateMachineData: "StateMachine Data"
  }
  clientId: "\000\000\000\000\000\000\000\000\000\000\000\000\000\000\000\023"
  callId: 14905
}
, term: 3
index: 119
stateMachineLogEntry {
  logData: "m83"
  stateMachineEntry {
    stateMachineData: "StateMachine Data"
  }
  clientId: "\000\000\000\000\000\000\000\000\000\000\000\000\000\000\000\023"
  callId: 14909
}
, term: 3
index: 121
stateMachineLogEntry {
  logData: "m77"
  stateMachineEntry {
    stateMachineData: "StateMachine Data"
  }
  clientId: "\000\000\000\000\000\000\000\000\000\000\000\000\000\000\000\023"
  callId: 14903
}
, term: 3
index: 123
stateMachineLogEntry {
  logData: "m81"
  stateMachineEntry {
    stateMachineData: "StateMachine Data"
  }
  clientId: "\000\000\000\000\000\000\000\000\000\000\000\000\000\000\000\023"
  callId: 14907
}
, term: 3
index: 125
stateMachineLogEntry {
  logData: "m80"
  stateMachineEntry {
    stateMachineData: "StateMachine Data"
  }
  clientId: "\000\000\000\000\000\000\000\000\000\000\000\000\000\000\000\023"
  callId: 14906
}
, term: 3
index: 127
stateMachineLogEntry {
  logData: "m84"
  stateMachineEntry {
    stateMachineData: "StateMachine Data"
  }
  clientId: "\000\000\000\000\000\000\000\000\000\000\000\000\000\000\000\023"
  callId: 14910
}
, term: 3
index: 129
stateMachineLogEntry {
  logData: "m78"
  stateMachineEntry {
    stateMachineData: "StateMachine Data"
  }
  clientId: "\000\000\000\000\000\000\000\000\000\000\000\000\000\000\000\023"
  callId: 14904
}
, term: 3
index: 131
stateMachineLogEntry {
  logData: "m82"
  stateMachineEntry {
    stateMachineData: "StateMachine Data"
  }
  clientId: "\000\000\000\000\000\000\000\000\000\000\000\000\000\000\000\023"
  callId: 14908
}
, term: 3
index: 133
stateMachineLogEntry {
  logData: "m90"
  stateMachineEntry {
    stateMachineData: "StateMachine Data"
  }
  clientId: "\000\000\000\000\000\000\000\000\000\000\000\000\000\000\000\023"
  callId: 14916
}
, term: 3
index: 135
stateMachineLogEntry {
  logData: "m86"
  stateMachineEntry {
    stateMachineData: "StateMachine Data"
  }
  clientId: "\000\000\000\000\000\000\000\000\000\000\000\000\000\000\000\023"
  callId: 14912
}
, term: 3
index: 137
stateMachineLogEntry {
  logData: "m91"
  stateMachineEntry {
    stateMachineData: "StateMachine Data"
  }
  clientId: "\000\000\000\000\000\000\000\000\000\000\000\000\000\000\000\023"
  callId: 14917
}
, term: 3
index: 139
stateMachineLogEntry {
  logData: "m87"
  stateMachineEntry {
    stateMachineData: "StateMachine Data"
  }
  clientId: "\000\000\000\000\000\000\000\000\000\000\000\000\000\000\000\023"
  callId: 14913
}
, term: 3
index: 141
stateMachineLogEntry {
  logData: "m92"
  stateMachineEntry {
    stateMachineData: "StateMachine Data"
  }
  clientId: "\000\000\000\000\000\000\000\000\000\000\000\000\000\000\000\023"
  callId: 14918
}
, term: 3
index: 143
stateMachineLogEntry {
  logData: "m88"
  stateMachineEntry {
    stateMachineData: "StateMachine Data"
  }
  clientId: "\000\000\000\000\000\000\000\000\000\000\000\000\000\000\000\023"
  callId: 14914
}
, term: 3
index: 145
stateMachineLogEntry {
  logData: "m95"
  stateMachineEntry {
    stateMachineData: "StateMachine Data"
  }
  clientId: "\000\000\000\000\000\000\000\000\000\000\000\000\000\000\000\023"
  callId: 14921
}
, term: 3
index: 147
stateMachineLogEntry {
  logData: "m99"
  stateMachineEntry {
    stateMachineData: "StateMachine Data"
  }
  clientId: "\000\000\000\000\000\000\000\000\000\000\000\000\000\000\000\023"
  callId: 14943
}
, term: 3
index: 149
stateMachineLogEntry {
  logData: "m8"
  stateMachineEntry {
    stateMachineData: "StateMachine Data"
  }
  clientId: "\000\000\000\000\000\000\000\000\000\000\000\000\000\000\000\023"
  callId: 14834
}
, term: 3
index: 151
stateMachineLogEntry {
  logData: "m12"
  stateMachineEntry {
    stateMachineData: "StateMachine Data"
  }
  clientId: "\000\000\000\000\000\000\000\000\000\000\000\000\000\000\000\023"
  callId: 14838
}
, term: 3
index: 153
stateMachineLogEntry {
  logData: "m4"
  stateMachineEntry {
    stateMachineData: "StateMachine Data"
  }
  clientId: "\000\000\000\000\000\000\000\000\000\000\000\000\000\000\000\023"
  callId: 14830
}
, term: 3
index: 155
stateMachineLogEntry {
  logData: "m96"
  stateMachineEntry {
    stateMachineData: "StateMachine Data"
  }
  clientId: "\000\000\000\000\000\000\000\000\000\000\000\000\000\000\000\023"
  callId: 14922
}
, term: 3
index: 157
stateMachineLogEntry {
  logData: "m1"
  stateMachineEntry {
    stateMachineData: "StateMachine Data"
  }
  clientId: "\000\000\000\000\000\000\000\000\000\000\000\000\000\000\000\023"
  callId: 14827
}
, term: 3
index: 159
stateMachineLogEntry {
  logData: "m9"
  stateMachineEntry {
    stateMachineData: "StateMachine Data"
  }
  clientId: "\000\000\000\000\000\000\000\000\000\000\000\000\000\000\000\023"
  callId: 14835
}
, term: 3
index: 161
stateMachineLogEntry {
  logData: "m5"
  stateMachineEntry {
    stateMachineData: "StateMachine Data"
  }
  clientId: "\000\000\000\000\000\000\000\000\000\000\000\000\000\000\000\023"
  callId: 14831
}
, term: 3
index: 163
stateMachineLogEntry {
  logData: "m13"
  stateMachineEntry {
    stateMachineData: "StateMachine Data"
  }
  clientId: "\000\000\000\000\000\000\000\000\000\000\000\000\000\000\000\023"
  callId: 14839
}
, term: 3
index: 165
stateMachineLogEntry {
  logData: "m85"
  stateMachineEntry {
    stateMachineData: "StateMachine Data"
  }
  clientId: "\000\000\000\000\000\000\000\000\000\000\000\000\000\000\000\023"
  callId: 14911
}
, term: 3
index: 167
stateMachineLogEntry {
  logData: "m89"
  stateMachineEntry {
    stateMachineData: "StateMachine Data"
  }
  clientId: "\000\000\000\000\000\000\000\000\000\000\000\000\000\000\000\023"
  callId: 14915
}
, term: 3
index: 169
stateMachineLogEntry {
  logData: "m97"
  stateMachineEntry {
    stateMachineData: "StateMachine Data"
  }
  clientId: "\000\000\000\000\000\000\000\000\000\000\000\000\000\000\000\023"
  callId: 14923
}
, term: 3
index: 171
stateMachineLogEntry {
  logData: "m2"
  stateMachineEntry {
    stateMachineData: "StateMachine Data"
  }
  clientId: "\000\000\000\000\000\000\000\000\000\000\000\000\000\000\000\023"
  callId: 14828
}
, term: 3
index: 173
stateMachineLogEntry {
  logData: "m93"
  stateMachineEntry {
    stateMachineData: "StateMachine Data"
  }
  clientId: "\000\000\000\000\000\000\000\000\000\000\000\000\000\000\000\023"
  callId: 14919
}
, term: 3
index: 175
stateMachineLogEntry {
  logData: "m6"
  stateMachineEntry {
    stateMachineData: "StateMachine Data"
  }
  clientId: "\000\000\000\000\000\000\000\000\000\000\000\000\000\000\000\023"
  callId: 14832
}
, term: 3
index: 177
stateMachineLogEntry {
  logData: "m10"
  stateMachineEntry {
    stateMachineData: "StateMachine Data"
  }
  clientId: "\000\000\000\000\000\000\000\000\000\000\000\000\000\000\000\023"
  callId: 14836
}
, term: 3
index: 179
stateMachineLogEntry {
  logData: "m94"
  stateMachineEntry {
    stateMachineData: "StateMachine Data"
  }
  clientId: "\000\000\000\000\000\000\000\000\000\000\000\000\000\000\000\023"
  callId: 14920
}
, term: 3
index: 181
stateMachineLogEntry {
  logData: "m98"
  stateMachineEntry {
    stateMachineData: "StateMachine Data"
  }
  clientId: "\000\000\000\000\000\000\000\000\000\000\000\000\000\000\000\023"
  callId: 14924
}
, term: 3
index: 183
stateMachineLogEntry {
  logData: "m3"
  stateMachineEntry {
    stateMachineData: "StateMachine Data"
  }
  clientId: "\000\000\000\000\000\000\000\000\000\000\000\000\000\000\000\023"
  callId: 14829
}
, term: 3
index: 185
stateMachineLogEntry {
  logData: "m7"
  stateMachineEntry {
    stateMachineData: "StateMachine Data"
  }
  clientId: "\000\000\000\000\000\000\000\000\000\000\000\000\000\000\000\023"
  callId: 14833
}
, term: 3
index: 187
stateMachineLogEntry {
  logData: "m11"
  stateMachineEntry {
    stateMachineData: "StateMachine Data"
  }
  clientId: "\000\000\000\000\000\000\000\000\000\000\000\000\000\000\000\023"
  callId: 14837
}
, term: 3
index: 189
stateMachineLogEntry {
  logData: "m19"
  stateMachineEntry {
    stateMachineData: "StateMachine Data"
  }
  clientId: "\000\000\000\000\000\000\000\000\000\000\000\000\000\000\000\023"
  callId: 14845
}
, term: 3
index: 191
stateMachineLogEntry {
  logData: "m15"
  stateMachineEntry {
    stateMachineData: "StateMachine Data"
  }
  clientId: "\000\000\000\000\000\000\000\000\000\000\000\000\000\000\000\023"
  callId: 14841
}
, term: 3
index: 193
stateMachineLogEntry {
  logData: "m16"
  stateMachineEntry {
    stateMachineData: "StateMachine Data"
  }
  clientId: "\000\000\000\000\000\000\000\000\000\000\000\000\000\000\000\023"
  callId: 14842
}
, term: 3
index: 195
stateMachineLogEntry {
  logData: "m20"
  stateMachineEntry {
    stateMachineData: "StateMachine Data"
  }
  clientId: "\000\000\000\000\000\000\000\000\000\000\000\000\000\000\000\023"
  callId: 14846
}
, term: 3
index: 197
stateMachineLogEntry {
  logData: "m21"
  stateMachineEntry {
    stateMachineData: "StateMachine Data"
  }
  clientId: "\000\000\000\000\000\000\000\000\000\000\000\000\000\000\000\023"
  callId: 14847
}
, term: 3
index: 199
stateMachineLogEntry {
  logData: "m17"
  stateMachineEntry {
    stateMachineData: "StateMachine Data"
  }
  clientId: "\000\000\000\000\000\000\000\000\000\000\000\000\000\000\000\023"
  callId: 14843
}
, term: 3
index: 201
stateMachineLogEntry {
  logData: "m14"
  stateMachineEntry {
    stateMachineData: "StateMachine Data"
  }
  clientId: "\000\000\000\000\000\000\000\000\000\000\000\000\000\000\000\023"
  callId: 14840
}
, term: 3
index: 203
stateMachineLogEntry {
  logData: "m18"
  stateMachineEntry {
    stateMachineData: "StateMachine Data"
  }
  clientId: "\000\000\000\000\000\000\000\000\000\000\000\000\000\000\000\023"
  callId: 14844
}
] ==> expected: <true> but was: <false>
[ERROR]   Run 3: TestRaftAsyncWithNetty>RaftAsyncTests.testBasicAppendEntriesAsyncKillLeader:278->RaftAsyncTests.runTestBasicAppendEntriesAsync:267->RaftAsyncTests.lambda$runTestBasicAppendEntriesAsync$0:268 Failed to find m7 in entries [term: 3
index: 5
stateMachineLogEntry {
  logData: "m0"
  stateMachineEntry {
    stateMachineData: "StateMachine Data"
  }
  clientId: "\000\000\000\000\000\000\000\000\000\000\000\000\000\000\000\024"
  callId: 21404
}
, term: 3
index: 7
stateMachineLogEntry {
  logData: "m99"
  stateMachineEntry {
    stateMachineData: "StateMachine Data"
  }
  clientId: "\000\000\000\000\000\000\000\000\000\000\000\000\000\000\000\024"
  callId: 21515
}
, term: 3
index: 9
stateMachineLogEntry {
  logData: "m1"
  stateMachineEntry {
    stateMachineData: "StateMachine Data"
  }
  clientId: "\000\000\000\000\000\000\000\000\000\000\000\000\000\000\000\024"
  callId: 21405
}
, term: 3
index: 11
stateMachineLogEntry {
  logData: "m2"
  stateMachineEntry {
    stateMachineData: "StateMachine Data"
  }
  clientId: "\000\000\000\000\000\000\000\000\000\000\000\000\000\000\000\024"
  callId: 21406
}
, term: 3
index: 13
stateMachineLogEntry {
  logData: "m3"
  stateMachineEntry {
    stateMachineData: "StateMachine Data"
  }
  clientId: "\000\000\000\000\000\000\000\000\000\000\000\000\000\000\000\024"
  callId: 21407
}
, term: 3
index: 15
stateMachineLogEntry {
  logData: "m11"
  stateMachineEntry {
    stateMachineData: "StateMachine Data"
  }
  clientId: "\000\000\000\000\000\000\000\000\000\000\000\000\000\000\000\024"
  callId: 21415
}
, term: 3
index: 17
stateMachineLogEntry {
  logData: "m8"
  stateMachineEntry {
    stateMachineData: "StateMachine Data"
  }
  clientId: "\000\000\000\000\000\000\000\000\000\000\000\000\000\000\000\024"
  callId: 21412
}
, term: 3
index: 19
stateMachineLogEntry {
  logData: "m7"
  stateMachineEntry {
    stateMachineData: "StateMachine Data"
  }
  clientId: "\000\000\000\000\000\000\000\000\000\000\000\000\000\000\000\024"
  callId: 21411
}
, term: 3
index: 21
stateMachineLogEntry {
  logData: "m4"
  stateMachineEntry {
    stateMachineData: "StateMachine Data"
  }
  clientId: "\000\000\000\000\000\000\000\000\000\000\000\000\000\000\000\024"
  callId: 21408
}
, term: 3
index: 23
stateMachineLogEntry {
  logData: "m5"
  stateMachineEntry {
    stateMachineData: "StateMachine Data"
  }
  clientId: "\000\000\000\000\000\000\000\000\000\000\000\000\000\000\000\024"
  callId: 21409
}
, term: 3
index: 25
stateMachineLogEntry {
  logData: "m9"
  stateMachineEntry {
    stateMachineData: "StateMachine Data"
  }
  clientId: "\000\000\000\000\000\000\000\000\000\000\000\000\000\000\000\024"
  callId: 21413
}
, term: 3
index: 27
stateMachineLogEntry {
  logData: "m10"
  stateMachineEntry {
    stateMachineData: "StateMachine Data"
  }
  clientId: "\000\000\000\000\000\000\000\000\000\000\000\000\000\000\000\024"
  callId: 21414
}
, term: 3
index: 29
stateMachineLogEntry {
  logData: "m6"
  stateMachineEntry {
    stateMachineData: "StateMachine Data"
  }
  clientId: "\000\000\000\000\000\000\000\000\000\000\000\000\000\000\000\024"
  callId: 21410
}
, term: 3
index: 31
stateMachineLogEntry {
  logData: "m15"
  stateMachineEntry {
    stateMachineData: "StateMachine Data"
  }
  clientId: "\000\000\000\000\000\000\000\000\000\000\000\000\000\000\000\024"
  callId: 21419
}
, term: 3
index: 33
stateMachineLogEntry {
  logData: "m13"
  stateMachineEntry {
    stateMachineData: "StateMachine Data"
  }
  clientId: "\000\000\000\000\000\000\000\000\000\000\000\000\000\000\000\024"
  callId: 21417
}
, term: 3
index: 35
stateMachineLogEntry {
  logData: "m19"
  stateMachineEntry {
    stateMachineData: "StateMachine Data"
  }
  clientId: "\000\000\000\000\000\000\000\000\000\000\000\000\000\000\000\024"
  callId: 21423
}
, term: 3
index: 37
stateMachineLogEntry {
  logData: "m17"
  stateMachineEntry {
    stateMachineData: "StateMachine Data"
  }
  clientId: "\000\000\000\000\000\000\000\000\000\000\000\000\000\000\000\024"
  callId: 21421
}
, term: 3
index: 39
stateMachineLogEntry {
  logData: "m21"
  stateMachineEntry {
    stateMachineData: "StateMachine Data"
  }
  clientId: "\000\000\000\000\000\000\000\000\000\000\000\000\000\000\000\024"
  callId: 21425
}
, term: 3
index: 41
stateMachineLogEntry {
  logData: "m12"
  stateMachineEntry {
    stateMachineData: "StateMachine Data"
  }
  clientId: "\000\000\000\000\000\000\000\000\000\000\000\000\000\000\000\024"
  callId: 21416
}
, term: 3
index: 43
stateMachineLogEntry {
  logData: "m16"
  stateMachineEntry {
    stateMachineData: "StateMachine Data"
  }
  clientId: "\000\000\000\000\000\000\000\000\000\000\000\000\000\000\000\024"
  callId: 21420
}
, term: 3
index: 45
stateMachineLogEntry {
  logData: "m20"
  stateMachineEntry {
    stateMachineData: "StateMachine Data"
  }
  clientId: "\000\000\000\000\000\000\000\000\000\000\000\000\000\000\000\024"
  callId: 21424
}
, term: 3
index: 47
stateMachineLogEntry {
  logData: "m24"
  stateMachineEntry {
    stateMachineData: "StateMachine Data"
  }
  clientId: "\000\000\000\000\000\000\000\000\000\000\000\000\000\000\000\024"
  callId: 21428
}
, term: 3
index: 49
stateMachineLogEntry {
  logData: "m28"
  stateMachineEntry {
    stateMachineData: "StateMachine Data"
  }
  clientId: "\000\000\000\000\000\000\000\000\000\000\000\000\000\000\000\024"
  callId: 21432
}
, term: 3
index: 51
stateMachineLogEntry {
  logData: "m32"
  stateMachineEntry {
    stateMachineData: "StateMachine Data"
  }
  clientId: "\000\000\000\000\000\000\000\000\000\000\000\000\000\000\000\024"
  callId: 21436
}
, term: 3
index: 53
stateMachineLogEntry {
  logData: "m14"
  stateMachineEntry {
    stateMachineData: "StateMachine Data"
  }
  clientId: "\000\000\000\000\000\000\000\000\000\000\000\000\000\000\000\024"
  callId: 21418
}
, term: 3
index: 55
stateMachineLogEntry {
  logData: "m18"
  stateMachineEntry {
    stateMachineData: "StateMachine Data"
  }
  clientId: "\000\000\000\000\000\000\000\000\000\000\000\000\000\000\000\024"
  callId: 21422
}
, term: 3
index: 57
stateMachineLogEntry {
  logData: "m22"
  stateMachineEntry {
    stateMachineData: "StateMachine Data"
  }
  clientId: "\000\000\000\000\000\000\000\000\000\000\000\000\000\000\000\024"
  callId: 21426
}
, term: 3
index: 59
stateMachineLogEntry {
  logData: "m26"
  stateMachineEntry {
    stateMachineData: "StateMachine Data"
  }
  clientId: "\000\000\000\000\000\000\000\000\000\000\000\000\000\000\000\024"
  callId: 21430
}
, term: 3
index: 61
stateMachineLogEntry {
  logData: "m30"
  stateMachineEntry {
    stateMachineData: "StateMachine Data"
  }
  clientId: "\000\000\000\000\000\000\000\000\000\000\000\000\000\000\000\024"
  callId: 21434
}
, term: 3
index: 63
stateMachineLogEntry {
  logData: "m23"
  stateMachineEntry {
    stateMachineData: "StateMachine Data"
  }
  clientId: "\000\000\000\000\000\000\000\000\000\000\000\000\000\000\000\024"
  callId: 21427
}
, term: 3
index: 65
stateMachineLogEntry {
  logData: "m27"
  stateMachineEntry {
    stateMachineData: "StateMachine Data"
  }
  clientId: "\000\000\000\000\000\000\000\000\000\000\000\000\000\000\000\024"
  callId: 21431
}
, term: 3
index: 67
stateMachineLogEntry {
  logData: "m31"
  stateMachineEntry {
    stateMachineData: "StateMachine Data"
  }
  clientId: "\000\000\000\000\000\000\000\000\000\000\000\000\000\000\000\024"
  callId: 21435
}
, term: 3
index: 69
stateMachineLogEntry {
  logData: "m35"
  stateMachineEntry {
    stateMachineData: "StateMachine Data"
  }
  clientId: "\000\000\000\000\000\000\000\000\000\000\000\000\000\000\000\024"
  callId: 21439
}
, term: 3
index: 71
stateMachineLogEntry {
  logData: "m39"
  stateMachineEntry {
    stateMachineData: "StateMachine Data"
  }
  clientId: "\000\000\000\000\000\000\000\000\000\000\000\000\000\000\000\024"
  callId: 21443
}
, term: 3
index: 73
stateMachineLogEntry {
  logData: "m43"
  stateMachineEntry {
    stateMachineData: "StateMachine Data"
  }
  clientId: "\000\000\000\000\000\000\000\000\000\000\000\000\000\000\000\024"
  callId: 21447
}
, term: 3
index: 75
stateMachineLogEntry {
  logData: "m36"
  stateMachineEntry {
    stateMachineData: "StateMachine Data"
  }
  clientId: "\000\000\000\000\000\000\000\000\000\000\000\000\000\000\000\024"
  callId: 21440
}
, term: 3
index: 77
stateMachineLogEntry {
  logData: "m40"
  stateMachineEntry {
    stateMachineData: "StateMachine Data"
  }
  clientId: "\000\000\000\000\000\000\000\000\000\000\000\000\000\000\000\024"
  callId: 21444
}
, term: 3
index: 79
stateMachineLogEntry {
  logData: "m34"
  stateMachineEntry {
    stateMachineData: "StateMachine Data"
  }
  clientId: "\000\000\000\000\000\000\000\000\000\000\000\000\000\000\000\024"
  callId: 21438
}
, term: 3
index: 81
stateMachineLogEntry {
  logData: "m38"
  stateMachineEntry {
    stateMachineData: "StateMachine Data"
  }
  clientId: "\000\000\000\000\000\000\000\000\000\000\000\000\000\000\000\024"
  callId: 21442
}
, term: 3
index: 83
stateMachineLogEntry {
  logData: "m42"
  stateMachineEntry {
    stateMachineData: "StateMachine Data"
  }
  clientId: "\000\000\000\000\000\000\000\000\000\000\000\000\000\000\000\024"
  callId: 21446
}
, term: 3
index: 85
stateMachineLogEntry {
  logData: "m25"
  stateMachineEntry {
    stateMachineData: "StateMachine Data"
  }
  clientId: "\000\000\000\000\000\000\000\000\000\000\000\000\000\000\000\024"
  callId: 21429
}
, term: 3
index: 87
stateMachineLogEntry {
  logData: "m29"
  stateMachineEntry {
    stateMachineData: "StateMachine Data"
  }
  clientId: "\000\000\000\000\000\000\000\000\000\000\000\000\000\000\000\024"
  callId: 21433
}
, term: 3
index: 89
stateMachineLogEntry {
  logData: "m33"
  stateMachineEntry {
    stateMachineData: "StateMachine Data"
  }
  clientId: "\000\000\000\000\000\000\000\000\000\000\000\000\000\000\000\024"
  callId: 21437
}
, term: 3
index: 91
stateMachineLogEntry {
  logData: "m37"
  stateMachineEntry {
    stateMachineData: "StateMachine Data"
  }
  clientId: "\000\000\000\000\000\000\000\000\000\000\000\000\000\000\000\024"
  callId: 21441
}
, term: 3
index: 93
stateMachineLogEntry {
  logData: "m41"
  stateMachineEntry {
    stateMachineData: "StateMachine Data"
  }
  clientId: "\000\000\000\000\000\000\000\000\000\000\000\000\000\000\000\024"
  callId: 21445
}
, term: 3
index: 95
stateMachineLogEntry {
  logData: "m45"
  stateMachineEntry {
    stateMachineData: "StateMachine Data"
  }
  clientId: "\000\000\000\000\000\000\000\000\000\000\000\000\000\000\000\024"
  callId: 21449
}
, term: 3
index: 97
stateMachineLogEntry {
  logData: "m49"
  stateMachineEntry {
    stateMachineData: "StateMachine Data"
  }
  clientId: "\000\000\000\000\000\000\000\000\000\000\000\000\000\000\000\024"
  callId: 21453
}
, term: 3
index: 99
stateMachineLogEntry {
  logData: "m53"
  stateMachineEntry {
    stateMachineData: "StateMachine Data"
  }
  clientId: "\000\000\000\000\000\000\000\000\000\000\000\000\000\000\000\024"
  callId: 21457
}
, term: 3
index: 101
stateMachineLogEntry {
  logData: "m57"
  stateMachineEntry {
    stateMachineData: "StateMachine Data"
  }
  clientId: "\000\000\000\000\000\000\000\000\000\000\000\000\000\000\000\024"
  callId: 21461
}
, term: 3
index: 103
stateMachineLogEntry {
  logData: "m47"
  stateMachineEntry {
    stateMachineData: "StateMachine Data"
  }
  clientId: "\000\000\000\000\000\000\000\000\000\000\000\000\000\000\000\024"
  callId: 21451
}
, term: 3
index: 105
stateMachineLogEntry {
  logData: "m51"
  stateMachineEntry {
    stateMachineData: "StateMachine Data"
  }
  clientId: "\000\000\000\000\000\000\000\000\000\000\000\000\000\000\000\024"
  callId: 21455
}
, term: 3
index: 107
stateMachineLogEntry {
  logData: "m55"
  stateMachineEntry {
    stateMachineData: "StateMachine Data"
  }
  clientId: "\000\000\000\000\000\000\000\000\000\000\000\000\000\000\000\024"
  callId: 21459
}
, term: 3
index: 109
stateMachineLogEntry {
  logData: "m59"
  stateMachineEntry {
    stateMachineData: "StateMachine Data"
  }
  clientId: "\000\000\000\000\000\000\000\000\000\000\000\000\000\000\000\024"
  callId: 21463
}
, term: 3
index: 111
stateMachineLogEntry {
  logData: "m44"
  stateMachineEntry {
    stateMachineData: "StateMachine Data"
  }
  clientId: "\000\000\000\000\000\000\000\000\000\000\000\000\000\000\000\024"
  callId: 21448
}
, term: 3
index: 113
stateMachineLogEntry {
  logData: "m48"
  stateMachineEntry {
    stateMachineData: "StateMachine Data"
  }
  clientId: "\000\000\000\000\000\000\000\000\000\000\000\000\000\000\000\024"
  callId: 21452
}
, term: 3
index: 115
stateMachineLogEntry {
  logData: "m52"
  stateMachineEntry {
    stateMachineData: "StateMachine Data"
  }
  clientId: "\000\000\000\000\000\000\000\000\000\000\000\000\000\000\000\024"
  callId: 21456
}
, term: 3
index: 117
stateMachineLogEntry {
  logData: "m56"
  stateMachineEntry {
    stateMachineData: "StateMachine Data"
  }
  clientId: "\000\000\000\000\000\000\000\000\000\000\000\000\000\000\000\024"
  callId: 21460
}
, term: 3
index: 119
stateMachineLogEntry {
  logData: "m60"
  stateMachineEntry {
    stateMachineData: "StateMachine Data"
  }
  clientId: "\000\000\000\000\000\000\000\000\000\000\000\000\000\000\000\024"
  callId: 21464
}
, term: 3
index: 121
stateMachineLogEntry {
  logData: "m46"
  stateMachineEntry {
    stateMachineData: "StateMachine Data"
  }
  clientId: "\000\000\000\000\000\000\000\000\000\000\000\000\000\000\000\024"
  callId: 21450
}
, term: 3
index: 123
stateMachineLogEntry {
  logData: "m50"
  stateMachineEntry {
    stateMachineData: "StateMachine Data"
  }
  clientId: "\000\000\000\000\000\000\000\000\000\000\000\000\000\000\000\024"
  callId: 21454
}
, term: 3
index: 125
stateMachineLogEntry {
  logData: "m54"
  stateMachineEntry {
    stateMachineData: "StateMachine Data"
  }
  clientId: "\000\000\000\000\000\000\000\000\000\000\000\000\000\000\000\024"
  callId: 21458
}
, term: 3
index: 127
stateMachineLogEntry {
  logData: "m58"
  stateMachineEntry {
    stateMachineData: "StateMachine Data"
  }
  clientId: "\000\000\000\000\000\000\000\000\000\000\000\000\000\000\000\024"
  callId: 21462
}
, term: 3
index: 129
stateMachineLogEntry {
  logData: "m74"
  stateMachineEntry {
    stateMachineData: "StateMachine Data"
  }
  clientId: "\000\000\000\000\000\000\000\000\000\000\000\000\000\000\000\024"
  callId: 21478
}
, term: 3
index: 131
stateMachineLogEntry {
  logData: "m78"
  stateMachineEntry {
    stateMachineData: "StateMachine Data"
  }
  clientId: "\000\000\000\000\000\000\000\000\000\000\000\000\000\000\000\024"
  callId: 21482
}
, term: 3
index: 133
stateMachineLogEntry {
  logData: "m70"
  stateMachineEntry {
    stateMachineData: "StateMachine Data"
  }
  clientId: "\000\000\000\000\000\000\000\000\000\000\000\000\000\000\000\024"
  callId: 21474
}
, term: 3
index: 135
stateMachineLogEntry {
  logData: "m62"
  stateMachineEntry {
    stateMachineData: "StateMachine Data"
  }
  clientId: "\000\000\000\000\000\000\000\000\000\000\000\000\000\000\000\024"
  callId: 21466
}
, term: 3
index: 137
stateMachineLogEntry {
  logData: "m66"
  stateMachineEntry {
    stateMachineData: "StateMachine Data"
  }
  clientId: "\000\000\000\000\000\000\000\000\000\000\000\000\000\000\000\024"
  callId: 21470
}
, term: 3
index: 139
stateMachineLogEntry {
  logData: "m69"
  stateMachineEntry {
    stateMachineData: "StateMachine Data"
  }
  clientId: "\000\000\000\000\000\000\000\000\000\000\000\000\000\000\000\024"
  callId: 21473
}
, term: 3
index: 141
stateMachineLogEntry {
  logData: "m73"
  stateMachineEntry {
    stateMachineData: "StateMachine Data"
  }
  clientId: "\000\000\000\000\000\000\000\000\000\000\000\000\000\000\000\024"
  callId: 21477
}
, term: 3
index: 143
stateMachineLogEntry {
  logData: "m77"
  stateMachineEntry {
    stateMachineData: "StateMachine Data"
  }
  clientId: "\000\000\000\000\000\000\000\000\000\000\000\000\000\000\000\024"
  callId: 21481
}
, term: 3
index: 145
stateMachineLogEntry {
  logData: "m65"
  stateMachineEntry {
    stateMachineData: "StateMachine Data"
  }
  clientId: "\000\000\000\000\000\000\000\000\000\000\000\000\000\000\000\024"
  callId: 21469
}
, term: 3
index: 147
stateMachineLogEntry {
  logData: "m61"
  stateMachineEntry {
    stateMachineData: "StateMachine Data"
  }
  clientId: "\000\000\000\000\000\000\000\000\000\000\000\000\000\000\000\024"
  callId: 21465
}
, term: 3
index: 149
stateMachineLogEntry {
  logData: "m72"
  stateMachineEntry {
    stateMachineData: "StateMachine Data"
  }
  clientId: "\000\000\000\000\000\000\000\000\000\000\000\000\000\000\000\024"
  callId: 21476
}
, term: 3
index: 151
stateMachineLogEntry {
  logData: "m76"
  stateMachineEntry {
    stateMachineData: "StateMachine Data"
  }
  clientId: "\000\000\000\000\000\000\000\000\000\000\000\000\000\000\000\024"
  callId: 21480
}
, term: 3
index: 153
stateMachineLogEntry {
  logData: "m68"
  stateMachineEntry {
    stateMachineData: "StateMachine Data"
  }
  clientId: "\000\000\000\000\000\000\000\000\000\000\000\000\000\000\000\024"
  callId: 21472
}
, term: 3
index: 155
stateMachineLogEntry {
  logData: "m64"
  stateMachineEntry {
    stateMachineData: "StateMachine Data"
  }
  clientId: "\000\000\000\000\000\000\000\000\000\000\000\000\000\000\000\024"
  callId: 21468
}
, term: 3
index: 157
stateMachineLogEntry {
  logData: "m75"
  stateMachineEntry {
    stateMachineData: "StateMachine Data"
  }
  clientId: "\000\000\000\000\000\000\000\000\000\000\000\000\000\000\000\024"
  callId: 21479
}
, term: 3
index: 159
stateMachineLogEntry {
  logData: "m63"
  stateMachineEntry {
    stateMachineData: "StateMachine Data"
  }
  clientId: "\000\000\000\000\000\000\000\000\000\000\000\000\000\000\000\024"
  callId: 21467
}
, term: 3
index: 161
stateMachineLogEntry {
  logData: "m67"
  stateMachineEntry {
    stateMachineData: "StateMachine Data"
  }
  clientId: "\000\000\000\000\000\000\000\000\000\000\000\000\000\000\000\024"
  callId: 21471
}
, term: 3
index: 163
stateMachineLogEntry {
  logData: "m71"
  stateMachineEntry {
    stateMachineData: "StateMachine Data"
  }
  clientId: "\000\000\000\000\000\000\000\000\000\000\000\000\000\000\000\024"
  callId: 21475
}
, term: 3
index: 165
stateMachineLogEntry {
  logData: "m98"
  stateMachineEntry {
    stateMachineData: "StateMachine Data"
  }
  clientId: "\000\000\000\000\000\000\000\000\000\000\000\000\000\000\000\024"
  callId: 21502
}
, term: 3
index: 167
stateMachineLogEntry {
  logData: "m86"
  stateMachineEntry {
    stateMachineData: "StateMachine Data"
  }
  clientId: "\000\000\000\000\000\000\000\000\000\000\000\000\000\000\000\024"
  callId: 21490
}
, term: 3
index: 169
stateMachineLogEntry {
  logData: "m82"
  stateMachineEntry {
    stateMachineData: "StateMachine Data"
  }
  clientId: "\000\000\000\000\000\000\000\000\000\000\000\000\000\000\000\024"
  callId: 21486
}
, term: 3
index: 171
stateMachineLogEntry {
  logData: "m90"
  stateMachineEntry {
    stateMachineData: "StateMachine Data"
  }
  clientId: "\000\000\000\000\000\000\000\000\000\000\000\000\000\000\000\024"
  callId: 21494
}
, term: 3
index: 173
stateMachineLogEntry {
  logData: "m94"
  stateMachineEntry {
    stateMachineData: "StateMachine Data"
  }
  clientId: "\000\000\000\000\000\000\000\000\000\000\000\000\000\000\000\024"
  callId: 21498
}
, term: 3
index: 175
stateMachineLogEntry {
  logData: "m89"
  stateMachineEntry {
    stateMachineData: "StateMachine Data"
  }
  clientId: "\000\000\000\000\000\000\000\000\000\000\000\000\000\000\000\024"
  callId: 21493
}
, term: 3
index: 177
stateMachineLogEntry {
  logData: "m93"
  stateMachineEntry {
    stateMachineData: "StateMachine Data"
  }
  clientId: "\000\000\000\000\000\000\000\000\000\000\000\000\000\000\000\024"
  callId: 21497
}
, term: 3
index: 179
stateMachineLogEntry {
  logData: "m85"
  stateMachineEntry {
    stateMachineData: "StateMachine Data"
  }
  clientId: "\000\000\000\000\000\000\000\000\000\000\000\000\000\000\000\024"
  callId: 21489
}
, term: 3
index: 181
stateMachineLogEntry {
  logData: "m97"
  stateMachineEntry {
    stateMachineData: "StateMachine Data"
  }
  clientId: "\000\000\000\000\000\000\000\000\000\000\000\000\000\000\000\024"
  callId: 21501
}
, term: 3
index: 183
stateMachineLogEntry {
  logData: "m81"
  stateMachineEntry {
    stateMachineData: "StateMachine Data"
  }
  clientId: "\000\000\000\000\000\000\000\000\000\000\000\000\000\000\000\024"
  callId: 21485
}
, term: 3
index: 185
stateMachineLogEntry {
  logData: "m79"
  stateMachineEntry {
    stateMachineData: "StateMachine Data"
  }
  clientId: "\000\000\000\000\000\000\000\000\000\000\000\000\000\000\000\024"
  callId: 21483
}
, term: 3
index: 187
stateMachineLogEntry {
  logData: "m83"
  stateMachineEntry {
    stateMachineData: "StateMachine Data"
  }
  clientId: "\000\000\000\000\000\000\000\000\000\000\000\000\000\000\000\024"
  callId: 21487
}
, term: 3
index: 189
stateMachineLogEntry {
  logData: "m87"
  stateMachineEntry {
    stateMachineData: "StateMachine Data"
  }
  clientId: "\000\000\000\000\000\000\000\000\000\000\000\000\000\000\000\024"
  callId: 21491
}
, term: 3
index: 191
stateMachineLogEntry {
  logData: "m91"
  stateMachineEntry {
    stateMachineData: "StateMachine Data"
  }
  clientId: "\000\000\000\000\000\000\000\000\000\000\000\000\000\000\000\024"
  callId: 21495
}
, term: 3
index: 193
stateMachineLogEntry {
  logData: "m95"
  stateMachineEntry {
    stateMachineData: "StateMachine Data"
  }
  clientId: "\000\000\000\000\000\000\000\000\000\000\000\000\000\000\000\024"
  callId: 21499
}
, term: 3
index: 195
stateMachineLogEntry {
  logData: "m96"
  stateMachineEntry {
    stateMachineData: "StateMachine Data"
  }
  clientId: "\000\000\000\000\000\000\000\000\000\000\000\000\000\000\000\024"
  callId: 21500
}
, term: 3
index: 197
stateMachineLogEntry {
  logData: "m84"
  stateMachineEntry {
    stateMachineData: "StateMachine Data"
  }
  clientId: "\000\000\000\000\000\000\000\000\000\000\000\000\000\000\000\024"
  callId: 21488
}
, term: 3
index: 199
stateMachineLogEntry {
  logData: "m80"
  stateMachineEntry {
    stateMachineData: "StateMachine Data"
  }
  clientId: "\000\000\000\000\000\000\000\000\000\000\000\000\000\000\000\024"
  callId: 21484
}
, term: 3
index: 201
stateMachineLogEntry {
  logData: "m88"
  stateMachineEntry {
    stateMachineData: "StateMachine Data"
  }
  clientId: "\000\000\000\000\000\000\000\000\000\000\000\000\000\000\000\024"
  callId: 21492
}
, term: 3
index: 203
stateMachineLogEntry {
  logData: "m92"
  stateMachineEntry {
    stateMachineData: "StateMachine Data"
  }
  clientId: "\000\000\000\000\000\000\000\000\000\000\000\000\000\000\000\024"
  callId: 21496
}
] ==> expected: <true> but was: <false>
[ERROR]   Run 4: TestRaftAsyncWithNetty>RaftAsyncTests.testBasicAppendEntriesAsyncKillLeader:278->RaftAsyncTests.runTestBasicAppendEntriesAsync:267->RaftAsyncTests.lambda$runTestBasicAppendEntriesAsync$0:268 Failed to find m4 in entries [term: 2
index: 3
stateMachineLogEntry {
  logData: "m0"
  stateMachineEntry {
    stateMachineData: "StateMachine Data"
  }
  clientId: "\000\000\000\000\000\000\000\000\000\000\000\000\000\000\000\025"
  callId: 28104
}
, term: 2
index: 5
stateMachineLogEntry {
  logData: "m99"
  stateMachineEntry {
    stateMachineData: "StateMachine Data"
  }
  clientId: "\000\000\000\000\000\000\000\000\000\000\000\000\000\000\000\025"
  callId: 28220
}
, term: 2
index: 7
stateMachineLogEntry {
  logData: "m56"
  stateMachineEntry {
    stateMachineData: "StateMachine Data"
  }
  clientId: "\000\000\000\000\000\000\000\000\000\000\000\000\000\000\000\025"
  callId: 28160
}
, term: 2
index: 9
stateMachineLogEntry {
  logData: "m57"
  stateMachineEntry {
    stateMachineData: "StateMachine Data"
  }
  clientId: "\000\000\000\000\000\000\000\000\000\000\000\000\000\000\000\025"
  callId: 28161
}
, term: 2
index: 11
stateMachineLogEntry {
  logData: "m61"
  stateMachineEntry {
    stateMachineData: "StateMachine Data"
  }
  clientId: "\000\000\000\000\000\000\000\000\000\000\000\000\000\000\000\025"
  callId: 28165
}
, term: 2
index: 13
stateMachineLogEntry {
  logData: "m65"
  stateMachineEntry {
    stateMachineData: "StateMachine Data"
  }
  clientId: "\000\000\000\000\000\000\000\000\000\000\000\000\000\000\000\025"
  callId: 28169
}
, term: 2
index: 15
stateMachineLogEntry {
  logData: "m60"
  stateMachineEntry {
    stateMachineData: "StateMachine Data"
  }
  clientId: "\000\000\000\000\000\000\000\000\000\000\000\000\000\000\000\025"
  callId: 28164
}
, term: 2
index: 17
stateMachineLogEntry {
  logData: "m64"
  stateMachineEntry {
    stateMachineData: "StateMachine Data"
  }
  clientId: "\000\000\000\000\000\000\000\000\000\000\000\000\000\000\000\025"
  callId: 28168
}
, term: 2
index: 19
stateMachineLogEntry {
  logData: "m59"
  stateMachineEntry {
    stateMachineData: "StateMachine Data"
  }
  clientId: "\000\000\000\000\000\000\000\000\000\000\000\000\000\000\000\025"
  callId: 28163
}
, term: 2
index: 21
stateMachineLogEntry {
  logData: "m63"
  stateMachineEntry {
    stateMachineData: "StateMachine Data"
  }
  clientId: "\000\000\000\000\000\000\000\000\000\000\000\000\000\000\000\025"
  callId: 28167
}
, term: 2
index: 23
stateMachineLogEntry {
  logData: "m58"
  stateMachineEntry {
    stateMachineData: "StateMachine Data"
  }
  clientId: "\000\000\000\000\000\000\000\000\000\000\000\000\000\000\000\025"
  callId: 28162
}
, term: 2
index: 25
stateMachineLogEntry {
  logData: "m62"
  stateMachineEntry {
    stateMachineData: "StateMachine Data"
  }
  clientId: "\000\000\000\000\000\000\000\000\000\000\000\000\000\000\000\025"
  callId: 28166
}
, term: 2
index: 27
stateMachineLogEntry {
  logData: "m69"
  stateMachineEntry {
    stateMachineData: "StateMachine Data"
  }
  clientId: "\000\000\000\000\000\000\000\000\000\000\000\000\000\000\000\025"
  callId: 28173
}
, term: 2
index: 29
stateMachineLogEntry {
  logData: "m73"
  stateMachineEntry {
    stateMachineData: "StateMachine Data"
  }
  clientId: "\000\000\000\000\000\000\000\000\000\000\000\000\000\000\000\025"
  callId: 28177
}
, term: 2
index: 31
stateMachineLogEntry {
  logData: "m68"
  stateMachineEntry {
    stateMachineData: "StateMachine Data"
  }
  clientId: "\000\000\000\000\000\000\000\000\000\000\000\000\000\000\000\025"
  callId: 28172
}
, term: 2
index: 33
stateMachineLogEntry {
  logData: "m72"
  stateMachineEntry {
    stateMachineData: "StateMachine Data"
  }
  clientId: "\000\000\000\000\000\000\000\000\000\000\000\000\000\000\000\025"
  callId: 28176
}
, term: 2
index: 35
stateMachineLogEntry {
  logData: "m67"
  stateMachineEntry {
    stateMachineData: "StateMachine Data"
  }
  clientId: "\000\000\000\000\000\000\000\000\000\000\000\000\000\000\000\025"
  callId: 28171
}
, term: 2
index: 37
stateMachineLogEntry {
  logData: "m71"
  stateMachineEntry {
    stateMachineData: "StateMachine Data"
  }
  clientId: "\000\000\000\000\000\000\000\000\000\000\000\000\000\000\000\025"
  callId: 28175
}
, term: 2
index: 39
stateMachineLogEntry {
  logData: "m66"
  stateMachineEntry {
    stateMachineData: "StateMachine Data"
  }
  clientId: "\000\000\000\000\000\000\000\000\000\000\000\000\000\000\000\025"
  callId: 28170
}
, term: 2
index: 41
stateMachineLogEntry {
  logData: "m70"
  stateMachineEntry {
    stateMachineData: "StateMachine Data"
  }
  clientId: "\000\000\000\000\000\000\000\000\000\000\000\000\000\000\000\025"
  callId: 28174
}
, term: 2
index: 43
stateMachineLogEntry {
  logData: "m74"
  stateMachineEntry {
    stateMachineData: "StateMachine Data"
  }
  clientId: "\000\000\000\000\000\000\000\000\000\000\000\000\000\000\000\025"
  callId: 28178
}
, term: 2
index: 45
stateMachineLogEntry {
  logData: "m77"
  stateMachineEntry {
    stateMachineData: "StateMachine Data"
  }
  clientId: "\000\000\000\000\000\000\000\000\000\000\000\000\000\000\000\025"
  callId: 28181
}
, term: 2
index: 47
stateMachineLogEntry {
  logData: "m81"
  stateMachineEntry {
    stateMachineData: "StateMachine Data"
  }
  clientId: "\000\000\000\000\000\000\000\000\000\000\000\000\000\000\000\025"
  callId: 28185
}
, term: 2
index: 49
stateMachineLogEntry {
  logData: "m75"
  stateMachineEntry {
    stateMachineData: "StateMachine Data"
  }
  clientId: "\000\000\000\000\000\000\000\000\000\000\000\000\000\000\000\025"
  callId: 28179
}
, term: 2
index: 51
stateMachineLogEntry {
  logData: "m79"
  stateMachineEntry {
    stateMachineData: "StateMachine Data"
  }
  clientId: "\000\000\000\000\000\000\000\000\000\000\000\000\000\000\000\025"
  callId: 28183
}
, term: 2
index: 53
stateMachineLogEntry {
  logData: "m83"
  stateMachineEntry {
    stateMachineData: "StateMachine Data"
  }
  clientId: "\000\000\000\000\000\000\000\000\000\000\000\000\000\000\000\025"
  callId: 28187
}
, term: 2
index: 55
stateMachineLogEntry {
  logData: "m87"
  stateMachineEntry {
    stateMachineData: "StateMachine Data"
  }
  clientId: "\000\000\000\000\000\000\000\000\000\000\000\000\000\000\000\025"
  callId: 28191
}
, term: 2
index: 57
stateMachineLogEntry {
  logData: "m91"
  stateMachineEntry {
    stateMachineData: "StateMachine Data"
  }
  clientId: "\000\000\000\000\000\000\000\000\000\000\000\000\000\000\000\025"
  callId: 28195
}
, term: 2
index: 59
stateMachineLogEntry {
  logData: "m76"
  stateMachineEntry {
    stateMachineData: "StateMachine Data"
  }
  clientId: "\000\000\000\000\000\000\000\000\000\000\000\000\000\000\000\025"
  callId: 28180
}
, term: 2
index: 61
stateMachineLogEntry {
  logData: "m80"
  stateMachineEntry {
    stateMachineData: "StateMachine Data"
  }
  clientId: "\000\000\000\000\000\000\000\000\000\000\000\000\000\000\000\025"
  callId: 28184
}
, term: 2
index: 63
stateMachineLogEntry {
  logData: "m84"
  stateMachineEntry {
    stateMachineData: "StateMachine Data"
  }
  clientId: "\000\000\000\000\000\000\000\000\000\000\000\000\000\000\000\025"
  callId: 28188
}
, term: 2
index: 65
stateMachineLogEntry {
  logData: "m88"
  stateMachineEntry {
    stateMachineData: "StateMachine Data"
  }
  clientId: "\000\000\000\000\000\000\000\000\000\000\000\000\000\000\000\025"
  callId: 28192
}
, term: 2
index: 67
stateMachineLogEntry {
  logData: "m92"
  stateMachineEntry {
    stateMachineData: "StateMachine Data"
  }
  clientId: "\000\000\000\000\000\000\000\000\000\000\000\000\000\000\000\025"
  callId: 28196
}
, term: 2
index: 69
stateMachineLogEntry {
  logData: "m85"
  stateMachineEntry {
    stateMachineData: "StateMachine Data"
  }
  clientId: "\000\000\000\000\000\000\000\000\000\000\000\000\000\000\000\025"
  callId: 28189
}
, term: 2
index: 71
stateMachineLogEntry {
  logData: "m89"
  stateMachineEntry {
    stateMachineData: "StateMachine Data"
  }
  clientId: "\000\000\000\000\000\000\000\000\000\000\000\000\000\000\000\025"
  callId: 28193
}
, term: 2
index: 73
stateMachineLogEntry {
  logData: "m93"
  stateMachineEntry {
    stateMachineData: "StateMachine Data"
  }
  clientId: "\000\000\000\000\000\000\000\000\000\000\000\000\000\000\000\025"
  callId: 28197
}
, term: 2
index: 75
stateMachineLogEntry {
  logData: "m78"
  stateMachineEntry {
    stateMachineData: "StateMachine Data"
  }
  clientId: "\000\000\000\000\000\000\000\000\000\000\000\000\000\000\000\025"
  callId: 28182
}
, term: 2
index: 77
stateMachineLogEntry {
  logData: "m82"
  stateMachineEntry {
    stateMachineData: "StateMachine Data"
  }
  clientId: "\000\000\000\000\000\000\000\000\000\000\000\000\000\000\000\025"
  callId: 28186
}
, term: 2
index: 79
stateMachineLogEntry {
  logData: "m86"
  stateMachineEntry {
    stateMachineData: "StateMachine Data"
  }
  clientId: "\000\000\000\000\000\000\000\000\000\000\000\000\000\000\000\025"
  callId: 28190
}
, term: 2
index: 81
stateMachineLogEntry {
  logData: "m90"
  stateMachineEntry {
    stateMachineData: "StateMachine Data"
  }
  clientId: "\000\000\000\000\000\000\000\000\000\000\000\000\000\000\000\025"
  callId: 28194
}
, term: 2
index: 83
stateMachineLogEntry {
  logData: "m94"
  stateMachineEntry {
    stateMachineData: "StateMachine Data"
  }
  clientId: "\000\000\000\000\000\000\000\000\000\000\000\000\000\000\000\025"
  callId: 28198
}
, term: 2
index: 85
stateMachineLogEntry {
  logData: "m98"
  stateMachineEntry {
    stateMachineData: "StateMachine Data"
  }
  clientId: "\000\000\000\000\000\000\000\000\000\000\000\000\000\000\000\025"
  callId: 28202
}
, term: 2
index: 87
stateMachineLogEntry {
  logData: "m4"
  stateMachineEntry {
    stateMachineData: "StateMachine Data"
  }
  clientId: "\000\000\000\000\000\000\000\000\000\000\000\000\000\000\000\025"
  callId: 28108
}
, term: 2
index: 89
stateMachineLogEntry {
  logData: "m8"
  stateMachineEntry {
    stateMachineData: "StateMachine Data"
  }
  clientId: "\000\000\000\000\000\000\000\000\000\000\000\000\000\000\000\025"
  callId: 28112
}
, term: 2
index: 91
stateMachineLogEntry {
  logData: "m12"
  stateMachineEntry {
    stateMachineData: "StateMachine Data"
  }
  clientId: "\000\000\000\000\000\000\000\000\000\000\000\000\000\000\000\025"
  callId: 28116
}
, term: 2
index: 93
stateMachineLogEntry {
  logData: "m95"
  stateMachineEntry {
    stateMachineData: "StateMachine Data"
  }
  clientId: "\000\000\000\000\000\000\000\000\000\000\000\000\000\000\000\025"
  callId: 28199
}
, term: 2
index: 95
stateMachineLogEntry {
  logData: "m1"
  stateMachineEntry {
    stateMachineData: "StateMachine Data"
  }
  clientId: "\000\000\000\000\000\000\000\000\000\000\000\000\000\000\000\025"
  callId: 28105
}
, term: 2
index: 97
stateMachineLogEntry {
  logData: "m5"
  stateMachineEntry {
    stateMachineData: "StateMachine Data"
  }
  clientId: "\000\000\000\000\000\000\000\000\000\000\000\000\000\000\000\025"
  callId: 28109
}
, term: 2
index: 99
stateMachineLogEntry {
  logData: "m9"
  stateMachineEntry {
    stateMachineData: "StateMachine Data"
  }
  clientId: "\000\000\000\000\000\000\000\000\000\000\000\000\000\000\000\025"
  callId: 28113
}
, term: 2
index: 101
stateMachineLogEntry {
  logData: "m13"
  stateMachineEntry {
    stateMachineData: "StateMachine Data"
  }
  clientId: "\000\000\000\000\000\000\000\000\000\000\000\000\000\000\000\025"
  callId: 28117
}
, term: 2
index: 103
stateMachineLogEntry {
  logData: "m96"
  stateMachineEntry {
    stateMachineData: "StateMachine Data"
  }
  clientId: "\000\000\000\000\000\000\000\000\000\000\000\000\000\000\000\025"
  callId: 28200
}
, term: 2
index: 105
stateMachineLogEntry {
  logData: "m14"
  stateMachineEntry {
    stateMachineData: "StateMachine Data"
  }
  clientId: "\000\000\000\000\000\000\000\000\000\000\000\000\000\000\000\025"
  callId: 28118
}
, term: 2
index: 107
stateMachineLogEntry {
  logData: "m2"
  stateMachineEntry {
    stateMachineData: "StateMachine Data"
  }
  clientId: "\000\000\000\000\000\000\000\000\000\000\000\000\000\000\000\025"
  callId: 28106
}
, term: 2
index: 109
stateMachineLogEntry {
  logData: "m6"
  stateMachineEntry {
    stateMachineData: "StateMachine Data"
  }
  clientId: "\000\000\000\000\000\000\000\000\000\000\000\000\000\000\000\025"
  callId: 28110
}
, term: 2
index: 111
stateMachineLogEntry {
  logData: "m10"
  stateMachineEntry {
    stateMachineData: "StateMachine Data"
  }
  clientId: "\000\000\000\000\000\000\000\000\000\000\000\000\000\000\000\025"
  callId: 28114
}
, term: 2
index: 113
stateMachineLogEntry {
  logData: "m97"
  stateMachineEntry {
    stateMachineData: "StateMachine Data"
  }
  clientId: "\000\000\000\000\000\000\000\000\000\000\000\000\000\000\000\025"
  callId: 28201
}
, term: 2
index: 115
stateMachineLogEntry {
  logData: "m3"
  stateMachineEntry {
    stateMachineData: "StateMachine Data"
  }
  clientId: "\000\000\000\000\000\000\000\000\000\000\000\000\000\000\000\025"
  callId: 28107
}
, term: 2
index: 117
stateMachineLogEntry {
  logData: "m7"
  stateMachineEntry {
    stateMachineData: "StateMachine Data"
  }
  clientId: "\000\000\000\000\000\000\000\000\000\000\000\000\000\000\000\025"
  callId: 28111
}
, term: 2
index: 119
stateMachineLogEntry {
  logData: "m11"
  stateMachineEntry {
    stateMachineData: "StateMachine Data"
  }
  clientId: "\000\000\000\000\000\000\000\000\000\000\000\000\000\000\000\025"
  callId: 28115
}
, term: 2
index: 121
stateMachineLogEntry {
  logData: "m35"
  stateMachineEntry {
    stateMachineData: "StateMachine Data"
  }
  clientId: "\000\000\000\000\000\000\000\000\000\000\000\000\000\000\000\025"
  callId: 28139
}
, term: 2
index: 123
stateMachineLogEntry {
  logData: "m31"
  stateMachineEntry {
    stateMachineData: "StateMachine Data"
  }
  clientId: "\000\000\000\000\000\000\000\000\000\000\000\000\000\000\000\025"
  callId: 28135
}
, term: 2
index: 125
stateMachineLogEntry {
  logData: "m15"
  stateMachineEntry {
    stateMachineData: "StateMachine Data"
  }
  clientId: "\000\000\000\000\000\000\000\000\000\000\000\000\000\000\000\025"
  callId: 28119
}
, term: 2
index: 127
stateMachineLogEntry {
  logData: "m19"
  stateMachineEntry {
    stateMachineData: "StateMachine Data"
  }
  clientId: "\000\000\000\000\000\000\000\000\000\000\000\000\000\000\000\025"
  callId: 28123
}
, term: 2
index: 129
stateMachineLogEntry {
  logData: "m23"
  stateMachineEntry {
    stateMachineData: "StateMachine Data"
  }
  clientId: "\000\000\000\000\000\000\000\000\000\000\000\000\000\000\000\025"
  callId: 28127
}
, term: 2
index: 131
stateMachineLogEntry {
  logData: "m27"
  stateMachineEntry {
    stateMachineData: "StateMachine Data"
  }
  clientId: "\000\000\000\000\000\000\000\000\000\000\000\000\000\000\000\025"
  callId: 28131
}
, term: 2
index: 133
stateMachineLogEntry {
  logData: "m28"
  stateMachineEntry {
    stateMachineData: "StateMachine Data"
  }
  clientId: "\000\000\000\000\000\000\000\000\000\000\000\000\000\000\000\025"
  callId: 28132
}
, term: 2
index: 135
stateMachineLogEntry {
  logData: "m32"
  stateMachineEntry {
    stateMachineData: "StateMachine Data"
  }
  clientId: "\000\000\000\000\000\000\000\000\000\000\000\000\000\000\000\025"
  callId: 28136
}
, term: 2
index: 137
stateMachineLogEntry {
  logData: "m16"
  stateMachineEntry {
    stateMachineData: "StateMachine Data"
  }
  clientId: "\000\000\000\000\000\000\000\000\000\000\000\000\000\000\000\025"
  callId: 28120
}
, term: 2
index: 139
stateMachineLogEntry {
  logData: "m20"
  stateMachineEntry {
    stateMachineData: "StateMachine Data"
  }
  clientId: "\000\000\000\000\000\000\000\000\000\000\000\000\000\000\000\025"
  callId: 28124
}
, term: 2
index: 141
stateMachineLogEntry {
  logData: "m24"
  stateMachineEntry {
    stateMachineData: "StateMachine Data"
  }
  clientId: "\000\000\000\000\000\000\000\000\000\000\000\000\000\000\000\025"
  callId: 28128
}
, term: 2
index: 143
stateMachineLogEntry {
  logData: "m33"
  stateMachineEntry {
    stateMachineData: "StateMachine Data"
  }
  clientId: "\000\000\000\000\000\000\000\000\000\000\000\000\000\000\000\025"
  callId: 28137
}
, term: 2
index: 145
stateMachineLogEntry {
  logData: "m29"
  stateMachineEntry {
    stateMachineData: "StateMachine Data"
  }
  clientId: "\000\000\000\000\000\000\000\000\000\000\000\000\000\000\000\025"
  callId: 28133
}
, term: 2
index: 147
stateMachineLogEntry {
  logData: "m17"
  stateMachineEntry {
    stateMachineData: "StateMachine Data"
  }
  clientId: "\000\000\000\000\000\000\000\000\000\000\000\000\000\000\000\025"
  callId: 28121
}
, term: 2
index: 149
stateMachineLogEntry {
  logData: "m21"
  stateMachineEntry {
    stateMachineData: "StateMachine Data"
  }
  clientId: "\000\000\000\000\000\000\000\000\000\000\000\000\000\000\000\025"
  callId: 28125
}
, term: 2
index: 151
stateMachineLogEntry {
  logData: "m25"
  stateMachineEntry {
    stateMachineData: "StateMachine Data"
  }
  clientId: "\000\000\000\000\000\000\000\000\000\000\000\000\000\000\000\025"
  callId: 28129
}
, term: 2
index: 153
stateMachineLogEntry {
  logData: "m34"
  stateMachineEntry {
    stateMachineData: "StateMachine Data"
  }
  clientId: "\000\000\000\000\000\000\000\000\000\000\000\000\000\000\000\025"
  callId: 28138
}
, term: 2
index: 155
stateMachineLogEntry {
  logData: "m30"
  stateMachineEntry {
    stateMachineData: "StateMachine Data"
  }
  clientId: "\000\000\000\000\000\000\000\000\000\000\000\000\000\000\000\025"
  callId: 28134
}
, term: 2
index: 157
stateMachineLogEntry {
  logData: "m18"
  stateMachineEntry {
    stateMachineData: "StateMachine Data"
  }
  clientId: "\000\000\000\000\000\000\000\000\000\000\000\000\000\000\000\025"
  callId: 28122
}
, term: 2
index: 159
stateMachineLogEntry {
  logData: "m22"
  stateMachineEntry {
    stateMachineData: "StateMachine Data"
  }
  clientId: "\000\000\000\000\000\000\000\000\000\000\000\000\000\000\000\025"
  callId: 28126
}
, term: 2
index: 161
stateMachineLogEntry {
  logData: "m26"
  stateMachineEntry {
    stateMachineData: "StateMachine Data"
  }
  clientId: "\000\000\000\000\000\000\000\000\000\000\000\000\000\000\000\025"
  callId: 28130
}
, term: 2
index: 163
stateMachineLogEntry {
  logData: "m39"
  stateMachineEntry {
    stateMachineData: "StateMachine Data"
  }
  clientId: "\000\000\000\000\000\000\000\000\000\000\000\000\000\000\000\025"
  callId: 28143
}
, term: 2
index: 165
stateMachineLogEntry {
  logData: "m43"
  stateMachineEntry {
    stateMachineData: "StateMachine Data"
  }
  clientId: "\000\000\000\000\000\000\000\000\000\000\000\000\000\000\000\025"
  callId: 28147
}
, term: 2
index: 167
stateMachineLogEntry {
  logData: "m51"
  stateMachineEntry {
    stateMachineData: "StateMachine Data"
  }
  clientId: "\000\000\000\000\000\000\000\000\000\000\000\000\000\000\000\025"
  callId: 28155
}
, term: 2
index: 169
stateMachineLogEntry {
  logData: "m55"
  stateMachineEntry {
    stateMachineData: "StateMachine Data"
  }
  clientId: "\000\000\000\000\000\000\000\000\000\000\000\000\000\000\000\025"
  callId: 28159
}
, term: 2
index: 171
stateMachineLogEntry {
  logData: "m47"
  stateMachineEntry {
    stateMachineData: "StateMachine Data"
  }
  clientId: "\000\000\000\000\000\000\000\000\000\000\000\000\000\000\000\025"
  callId: 28151
}
, term: 2
index: 173
stateMachineLogEntry {
  logData: "m36"
  stateMachineEntry {
    stateMachineData: "StateMachine Data"
  }
  clientId: "\000\000\000\000\000\000\000\000\000\000\000\000\000\000\000\025"
  callId: 28140
}
, term: 2
index: 175
stateMachineLogEntry {
  logData: "m40"
  stateMachineEntry {
    stateMachineData: "StateMachine Data"
  }
  clientId: "\000\000\000\000\000\000\000\000\000\000\000\000\000\000\000\025"
  callId: 28144
}
, term: 2
index: 177
stateMachineLogEntry {
  logData: "m52"
  stateMachineEntry {
    stateMachineData: "StateMachine Data"
  }
  clientId: "\000\000\000\000\000\000\000\000\000\000\000\000\000\000\000\025"
  callId: 28156
}
, term: 2
index: 179
stateMachineLogEntry {
  logData: "m48"
  stateMachineEntry {
    stateMachineData: "StateMachine Data"
  }
  clientId: "\000\000\000\000\000\000\000\000\000\000\000\000\000\000\000\025"
  callId: 28152
}
, term: 2
index: 181
stateMachineLogEntry {
  logData: "m44"
  stateMachineEntry {
    stateMachineData: "StateMachine Data"
  }
  clientId: "\000\000\000\000\000\000\000\000\000\000\000\000\000\000\000\025"
  callId: 28148
}
, term: 2
index: 183
stateMachineLogEntry {
  logData: "m37"
  stateMachineEntry {
    stateMachineData: "StateMachine Data"
  }
  clientId: "\000\000\000\000\000\000\000\000\000\000\000\000\000\000\000\025"
  callId: 28141
}
, term: 2
index: 185
stateMachineLogEntry {
  logData: "m41"
  stateMachineEntry {
    stateMachineData: "StateMachine Data"
  }
  clientId: "\000\000\000\000\000\000\000\000\000\000\000\000\000\000\000\025"
  callId: 28145
}
, term: 2
index: 187
stateMachineLogEntry {
  logData: "m45"
  stateMachineEntry {
    stateMachineData: "StateMachine Data"
  }
  clientId: "\000\000\000\000\000\000\000\000\000\000\000\000\000\000\000\025"
  callId: 28149
}
, term: 2
index: 189
stateMachineLogEntry {
  logData: "m49"
  stateMachineEntry {
    stateMachineData: "StateMachine Data"
  }
  clientId: "\000\000\000\000\000\000\000\000\000\000\000\000\000\000\000\025"
  callId: 28153
}
, term: 2
index: 191
stateMachineLogEntry {
  logData: "m53"
  stateMachineEntry {
    stateMachineData: "StateMachine Data"
  }
  clientId: "\000\000\000\000\000\000\000\000\000\000\000\000\000\000\000\025"
  callId: 28157
}
, term: 2
index: 193
stateMachineLogEntry {
  logData: "m38"
  stateMachineEntry {
    stateMachineData: "StateMachine Data"
  }
  clientId: "\000\000\000\000\000\000\000\000\000\000\000\000\000\000\000\025"
  callId: 28142
}
, term: 2
index: 195
stateMachineLogEntry {
  logData: "m42"
  stateMachineEntry {
    stateMachineData: "StateMachine Data"
  }
  clientId: "\000\000\000\000\000\000\000\000\000\000\000\000\000\000\000\025"
  callId: 28146
}
, term: 2
index: 197
stateMachineLogEntry {
  logData: "m50"
  stateMachineEntry {
    stateMachineData: "StateMachine Data"
  }
  clientId: "\000\000\000\000\000\000\000\000\000\000\000\000\000\000\000\025"
  callId: 28154
}
, term: 2
index: 199
stateMachineLogEntry {
  logData: "m54"
  stateMachineEntry {
    stateMachineData: "StateMachine Data"
  }
  clientId: "\000\000\000\000\000\000\000\000\000\000\000\000\000\000\000\025"
  callId: 28158
}
, term: 2
index: 201
stateMachineLogEntry {
  logData: "m46"
  stateMachineEntry {
    stateMachineData: "StateMachine Data"
  }
  clientId: "\000\000\000\000\000\000\000\000\000\000\000\000\000\000\000\025"
  callId: 28150
}
] ==> expected: <true> but was: <false>
[ERROR]   Run 5: TestRaftAsyncWithNetty>RaftAsyncTests.testBasicAppendEntriesAsyncKillLeader:278->RaftAsyncTests.runTestBasicAppendEntriesAsync:267->RaftAsyncTests.lambda$runTestBasicAppendEntriesAsync$0:268 Failed to find m5 in entries [term: 3
index: 5
stateMachineLogEntry {
  logData: "m0"
  stateMachineEntry {
    stateMachineData: "StateMachine Data"
  }
  clientId: "\000\000\000\000\000\000\000\000\000\000\000\000\000\000\000\026"
  callId: 34758
}
, term: 3
index: 7
stateMachineLogEntry {
  logData: "m58"
  stateMachineEntry {
    stateMachineData: "StateMachine Data"
  }
  clientId: "\000\000\000\000\000\000\000\000\000\000\000\000\000\000\000\026"
  callId: 34816
}
, term: 3
index: 9
stateMachineLogEntry {
  logData: "m59"
  stateMachineEntry {
    stateMachineData: "StateMachine Data"
  }
  clientId: "\000\000\000\000\000\000\000\000\000\000\000\000\000\000\000\026"
  callId: 34817
}
, term: 3
index: 11
stateMachineLogEntry {
  logData: "m62"
  stateMachineEntry {
    stateMachineData: "StateMachine Data"
  }
  clientId: "\000\000\000\000\000\000\000\000\000\000\000\000\000\000\000\026"
  callId: 34820
}
, term: 3
index: 13
stateMachineLogEntry {
  logData: "m63"
  stateMachineEntry {
    stateMachineData: "StateMachine Data"
  }
  clientId: "\000\000\000\000\000\000\000\000\000\000\000\000\000\000\000\026"
  callId: 34821
}
, term: 3
index: 15
stateMachineLogEntry {
  logData: "m60"
  stateMachineEntry {
    stateMachineData: "StateMachine Data"
  }
  clientId: "\000\000\000\000\000\000\000\000\000\000\000\000\000\000\000\026"
  callId: 34818
}
, term: 3
index: 17
stateMachineLogEntry {
  logData: "m64"
  stateMachineEntry {
    stateMachineData: "StateMachine Data"
  }
  clientId: "\000\000\000\000\000\000\000\000\000\000\000\000\000\000\000\026"
  callId: 34822
}
, term: 3
index: 19
stateMachineLogEntry {
  logData: "m61"
  stateMachineEntry {
    stateMachineData: "StateMachine Data"
  }
  clientId: "\000\000\000\000\000\000\000\000\000\000\000\000\000\000\000\026"
  callId: 34819
}
, term: 3
index: 21
stateMachineLogEntry {
  logData: "m69"
  stateMachineEntry {
    stateMachineData: "StateMachine Data"
  }
  clientId: "\000\000\000\000\000\000\000\000\000\000\000\000\000\000\000\026"
  callId: 34827
}
, term: 3
index: 23
stateMachineLogEntry {
  logData: "m73"
  stateMachineEntry {
    stateMachineData: "StateMachine Data"
  }
  clientId: "\000\000\000\000\000\000\000\000\000\000\000\000\000\000\000\026"
  callId: 34831
}
, term: 3
index: 25
stateMachineLogEntry {
  logData: "m65"
  stateMachineEntry {
    stateMachineData: "StateMachine Data"
  }
  clientId: "\000\000\000\000\000\000\000\000\000\000\000\000\000\000\000\026"
  callId: 34823
}
, term: 3
index: 27
stateMachineLogEntry {
  logData: "m67"
  stateMachineEntry {
    stateMachineData: "StateMachine Data"
  }
  clientId: "\000\000\000\000\000\000\000\000\000\000\000\000\000\000\000\026"
  callId: 34825
}
, term: 3
index: 29
stateMachineLogEntry {
  logData: "m66"
  stateMachineEntry {
    stateMachineData: "StateMachine Data"
  }
  clientId: "\000\000\000\000\000\000\000\000\000\000\000\000\000\000\000\026"
  callId: 34824
}
, term: 3
index: 31
stateMachineLogEntry {
  logData: "m71"
  stateMachineEntry {
    stateMachineData: "StateMachine Data"
  }
  clientId: "\000\000\000\000\000\000\000\000\000\000\000\000\000\000\000\026"
  callId: 34829
}
, term: 3
index: 33
stateMachineLogEntry {
  logData: "m70"
  stateMachineEntry {
    stateMachineData: "StateMachine Data"
  }
  clientId: "\000\000\000\000\000\000\000\000\000\000\000\000\000\000\000\026"
  callId: 34828
}
, term: 3
index: 35
stateMachineLogEntry {
  logData: "m74"
  stateMachineEntry {
    stateMachineData: "StateMachine Data"
  }
  clientId: "\000\000\000\000\000\000\000\000\000\000\000\000\000\000\000\026"
  callId: 34832
}
, term: 3
index: 37
stateMachineLogEntry {
  logData: "m68"
  stateMachineEntry {
    stateMachineData: "StateMachine Data"
  }
  clientId: "\000\000\000\000\000\000\000\000\000\000\000\000\000\000\000\026"
  callId: 34826
}
, term: 3
index: 39
stateMachineLogEntry {
  logData: "m72"
  stateMachineEntry {
    stateMachineData: "StateMachine Data"
  }
  clientId: "\000\000\000\000\000\000\000\000\000\000\000\000\000\000\000\026"
  callId: 34830
}
, term: 3
index: 41
stateMachineLogEntry {
  logData: "m77"
  stateMachineEntry {
    stateMachineData: "StateMachine Data"
  }
  clientId: "\000\000\000\000\000\000\000\000\000\000\000\000\000\000\000\026"
  callId: 34835
}
, term: 3
index: 43
stateMachineLogEntry {
  logData: "m81"
  stateMachineEntry {
    stateMachineData: "StateMachine Data"
  }
  clientId: "\000\000\000\000\000\000\000\000\000\000\000\000\000\000\000\026"
  callId: 34839
}
, term: 3
index: 45
stateMachineLogEntry {
  logData: "m85"
  stateMachineEntry {
    stateMachineData: "StateMachine Data"
  }
  clientId: "\000\000\000\000\000\000\000\000\000\000\000\000\000\000\000\026"
  callId: 34843
}
, term: 3
index: 47
stateMachineLogEntry {
  logData: "m89"
  stateMachineEntry {
    stateMachineData: "StateMachine Data"
  }
  clientId: "\000\000\000\000\000\000\000\000\000\000\000\000\000\000\000\026"
  callId: 34847
}
, term: 3
index: 49
stateMachineLogEntry {
  logData: "m75"
  stateMachineEntry {
    stateMachineData: "StateMachine Data"
  }
  clientId: "\000\000\000\000\000\000\000\000\000\000\000\000\000\000\000\026"
  callId: 34833
}
, term: 3
index: 51
stateMachineLogEntry {
  logData: "m78"
  stateMachineEntry {
    stateMachineData: "StateMachine Data"
  }
  clientId: "\000\000\000\000\000\000\000\000\000\000\000\000\000\000\000\026"
  callId: 34836
}
, term: 3
index: 53
stateMachineLogEntry {
  logData: "m79"
  stateMachineEntry {
    stateMachineData: "StateMachine Data"
  }
  clientId: "\000\000\000\000\000\000\000\000\000\000\000\000\000\000\000\026"
  callId: 34837
}
, term: 3
index: 55
stateMachineLogEntry {
  logData: "m82"
  stateMachineEntry {
    stateMachineData: "StateMachine Data"
  }
  clientId: "\000\000\000\000\000\000\000\000\000\000\000\000\000\000\000\026"
  callId: 34840
}
, term: 3
index: 57
stateMachineLogEntry {
  logData: "m83"
  stateMachineEntry {
    stateMachineData: "StateMachine Data"
  }
  clientId: "\000\000\000\000\000\000\000\000\000\000\000\000\000\000\000\026"
  callId: 34841
}
, term: 3
index: 59
stateMachineLogEntry {
  logData: "m86"
  stateMachineEntry {
    stateMachineData: "StateMachine Data"
  }
  clientId: "\000\000\000\000\000\000\000\000\000\000\000\000\000\000\000\026"
  callId: 34844
}
, term: 3
index: 61
stateMachineLogEntry {
  logData: "m87"
  stateMachineEntry {
    stateMachineData: "StateMachine Data"
  }
  clientId: "\000\000\000\000\000\000\000\000\000\000\000\000\000\000\000\026"
  callId: 34845
}
, term: 3
index: 63
stateMachineLogEntry {
  logData: "m76"
  stateMachineEntry {
    stateMachineData: "StateMachine Data"
  }
  clientId: "\000\000\000\000\000\000\000\000\000\000\000\000\000\000\000\026"
  callId: 34834
}
, term: 3
index: 65
stateMachineLogEntry {
  logData: "m80"
  stateMachineEntry {
    stateMachineData: "StateMachine Data"
  }
  clientId: "\000\000\000\000\000\000\000\000\000\000\000\000\000\000\000\026"
  callId: 34838
}
, term: 3
index: 67
stateMachineLogEntry {
  logData: "m84"
  stateMachineEntry {
    stateMachineData: "StateMachine Data"
  }
  clientId: "\000\000\000\000\000\000\000\000\000\000\000\000\000\000\000\026"
  callId: 34842
}
, term: 3
index: 69
stateMachineLogEntry {
  logData: "m88"
  stateMachineEntry {
    stateMachineData: "StateMachine Data"
  }
  clientId: "\000\000\000\000\000\000\000\000\000\000\000\000\000\000\000\026"
  callId: 34846
}
, term: 3
index: 71
stateMachineLogEntry {
  logData: "m92"
  stateMachineEntry {
    stateMachineData: "StateMachine Data"
  }
  clientId: "\000\000\000\000\000\000\000\000\000\000\000\000\000\000\000\026"
  callId: 34850
}
, term: 3
index: 73
stateMachineLogEntry {
  logData: "m96"
  stateMachineEntry {
    stateMachineData: "StateMachine Data"
  }
  clientId: "\000\000\000\000\000\000\000\000\000\000\000\000\000\000\000\026"
  callId: 34854
}
, term: 3
index: 75
stateMachineLogEntry {
  logData: "m1"
  stateMachineEntry {
    stateMachineData: "StateMachine Data"
  }
  clientId: "\000\000\000\000\000\000\000\000\000\000\000\000\000\000\000\026"
  callId: 34759
}
, term: 3
index: 77
stateMachineLogEntry {
  logData: "m5"
  stateMachineEntry {
    stateMachineData: "StateMachine Data"
  }
  clientId: "\000\000\000\000\000\000\000\000\000\000\000\000\000\000\000\026"
  callId: 34763
}
, term: 3
index: 79
stateMachineLogEntry {
  logData: "m9"
  stateMachineEntry {
    stateMachineData: "StateMachine Data"
  }
  clientId: "\000\000\000\000\000\000\000\000\000\000\000\000\000\000\000\026"
  callId: 34767
}
, term: 3
index: 81
stateMachineLogEntry {
  logData: "m93"
  stateMachineEntry {
    stateMachineData: "StateMachine Data"
  }
  clientId: "\000\000\000\000\000\000\000\000\000\000\000\000\000\000\000\026"
  callId: 34851
}
, term: 3
index: 83
stateMachineLogEntry {
  logData: "m97"
  stateMachineEntry {
    stateMachineData: "StateMachine Data"
  }
  clientId: "\000\000\000\000\000\000\000\000\000\000\000\000\000\000\000\026"
  callId: 34855
}
, term: 3
index: 85
stateMachineLogEntry {
  logData: "m2"
  stateMachineEntry {
    stateMachineData: "StateMachine Data"
  }
  clientId: "\000\000\000\000\000\000\000\000\000\000\000\000\000\000\000\026"
  callId: 34760
}
, term: 3
index: 87
stateMachineLogEntry {
  logData: "m6"
  stateMachineEntry {
    stateMachineData: "StateMachine Data"
  }
  clientId: "\000\000\000\000\000\000\000\000\000\000\000\000\000\000\000\026"
  callId: 34764
}
, term: 3
index: 89
stateMachineLogEntry {
  logData: "m90"
  stateMachineEntry {
    stateMachineData: "StateMachine Data"
  }
  clientId: "\000\000\000\000\000\000\000\000\000\000\000\000\000\000\000\026"
  callId: 34848
}
, term: 3
index: 91
stateMachineLogEntry {
  logData: "m94"
  stateMachineEntry {
    stateMachineData: "StateMachine Data"
  }
  clientId: "\000\000\000\000\000\000\000\000\000\000\000\000\000\000\000\026"
  callId: 34852
}
, term: 3
index: 93
stateMachineLogEntry {
  logData: "m98"
  stateMachineEntry {
    stateMachineData: "StateMachine Data"
  }
  clientId: "\000\000\000\000\000\000\000\000\000\000\000\000\000\000\000\026"
  callId: 34856
}
, term: 3
index: 95
stateMachineLogEntry {
  logData: "m3"
  stateMachineEntry {
    stateMachineData: "StateMachine Data"
  }
  clientId: "\000\000\000\000\000\000\000\000\000\000\000\000\000\000\000\026"
  callId: 34761
}
, term: 3
index: 97
stateMachineLogEntry {
  logData: "m7"
  stateMachineEntry {
    stateMachineData: "StateMachine Data"
  }
  clientId: "\000\000\000\000\000\000\000\000\000\000\000\000\000\000\000\026"
  callId: 34765
}
, term: 3
index: 99
stateMachineLogEntry {
  logData: "m27"
  stateMachineEntry {
    stateMachineData: "StateMachine Data"
  }
  clientId: "\000\000\000\000\000\000\000\000\000\000\000\000\000\000\000\026"
  callId: 34785
}
, term: 3
index: 101
stateMachineLogEntry {
  logData: "m11"
  stateMachineEntry {
    stateMachineData: "StateMachine Data"
  }
  clientId: "\000\000\000\000\000\000\000\000\000\000\000\000\000\000\000\026"
  callId: 34769
}
, term: 3
index: 103
stateMachineLogEntry {
  logData: "m15"
  stateMachineEntry {
    stateMachineData: "StateMachine Data"
  }
  clientId: "\000\000\000\000\000\000\000\000\000\000\000\000\000\000\000\026"
  callId: 34773
}
, term: 3
index: 105
stateMachineLogEntry {
  logData: "m19"
  stateMachineEntry {
    stateMachineData: "StateMachine Data"
  }
  clientId: "\000\000\000\000\000\000\000\000\000\000\000\000\000\000\000\026"
  callId: 34777
}
, term: 3
index: 107
stateMachineLogEntry {
  logData: "m23"
  stateMachineEntry {
    stateMachineData: "StateMachine Data"
  }
  clientId: "\000\000\000\000\000\000\000\000\000\000\000\000\000\000\000\026"
  callId: 34781
}
, term: 3
index: 109
stateMachineLogEntry {
  logData: "m91"
  stateMachineEntry {
    stateMachineData: "StateMachine Data"
  }
  clientId: "\000\000\000\000\000\000\000\000\000\000\000\000\000\000\000\026"
  callId: 34849
}
, term: 3
index: 111
stateMachineLogEntry {
  logData: "m95"
  stateMachineEntry {
    stateMachineData: "StateMachine Data"
  }
  clientId: "\000\000\000\000\000\000\000\000\000\000\000\000\000\000\000\026"
  callId: 34853
}
, term: 3
index: 113
stateMachineLogEntry {
  logData: "m99"
  stateMachineEntry {
    stateMachineData: "StateMachine Data"
  }
  clientId: "\000\000\000\000\000\000\000\000\000\000\000\000\000\000\000\026"
  callId: 34870
}
, term: 3
index: 115
stateMachineLogEntry {
  logData: "m4"
  stateMachineEntry {
    stateMachineData: "StateMachine Data"
  }
  clientId: "\000\000\000\000\000\000\000\000\000\000\000\000\000\000\000\026"
  callId: 34762
}
, term: 3
index: 117
stateMachineLogEntry {
  logData: "m8"
  stateMachineEntry {
    stateMachineData: "StateMachine Data"
  }
  clientId: "\000\000\000\000\000\000\000\000\000\000\000\000\000\000\000\026"
  callId: 34766
}
, term: 3
index: 119
stateMachineLogEntry {
  logData: "m24"
  stateMachineEntry {
    stateMachineData: "StateMachine Data"
  }
  clientId: "\000\000\000\000\000\000\000\000\000\000\000\000\000\000\000\026"
  callId: 34782
}
, term: 3
index: 121
stateMachineLogEntry {
  logData: "m12"
  stateMachineEntry {
    stateMachineData: "StateMachine Data"
  }
  clientId: "\000\000\000\000\000\000\000\000\000\000\000\000\000\000\000\026"
  callId: 34770
}
, term: 3
index: 123
stateMachineLogEntry {
  logData: "m16"
  stateMachineEntry {
    stateMachineData: "StateMachine Data"
  }
  clientId: "\000\000\000\000\000\000\000\000\000\000\000\000\000\000\000\026"
  callId: 34774
}
, term: 3
index: 125
stateMachineLogEntry {
  logData: "m20"
  stateMachineEntry {
    stateMachineData: "StateMachine Data"
  }
  clientId: "\000\000\000\000\000\000\000\000\000\000\000\000\000\000\000\026"
  callId: 34778
}
, term: 3
index: 127
stateMachineLogEntry {
  logData: "m10"
  stateMachineEntry {
    stateMachineData: "StateMachine Data"
  }
  clientId: "\000\000\000\000\000\000\000\000\000\000\000\000\000\000\000\026"
  callId: 34768
}
, term: 3
index: 129
stateMachineLogEntry {
  logData: "m14"
  stateMachineEntry {
    stateMachineData: "StateMachine Data"
  }
  clientId: "\000\000\000\000\000\000\000\000\000\000\000\000\000\000\000\026"
  callId: 34772
}
, term: 3
index: 131
stateMachineLogEntry {
  logData: "m18"
  stateMachineEntry {
    stateMachineData: "StateMachine Data"
  }
  clientId: "\000\000\000\000\000\000\000\000\000\000\000\000\000\000\000\026"
  callId: 34776
}
, term: 3
index: 133
stateMachineLogEntry {
  logData: "m22"
  stateMachineEntry {
    stateMachineData: "StateMachine Data"
  }
  clientId: "\000\000\000\000\000\000\000\000\000\000\000\000\000\000\000\026"
  callId: 34780
}
, term: 3
index: 135
stateMachineLogEntry {
  logData: "m26"
  stateMachineEntry {
    stateMachineData: "StateMachine Data"
  }
  clientId: "\000\000\000\000\000\000\000\000\000\000\000\000\000\000\000\026"
  callId: 34784
}
, term: 3
index: 137
stateMachineLogEntry {
  logData: "m34"
  stateMachineEntry {
    stateMachineData: "StateMachine Data"
  }
  clientId: "\000\000\000\000\000\000\000\000\000\000\000\000\000\000\000\026"
  callId: 34792
}
, term: 3
index: 139
stateMachineLogEntry {
  logData: "m38"
  stateMachineEntry {
    stateMachineData: "StateMachine Data"
  }
  clientId: "\000\000\000\000\000\000\000\000\000\000\000\000\000\000\000\026"
  callId: 34796
}
, term: 3
index: 141
stateMachineLogEntry {
  logData: "m42"
  stateMachineEntry {
    stateMachineData: "StateMachine Data"
  }
  clientId: "\000\000\000\000\000\000\000\000\000\000\000\000\000\000\000\026"
  callId: 34800
}
, term: 3
index: 143
stateMachineLogEntry {
  logData: "m30"
  stateMachineEntry {
    stateMachineData: "StateMachine Data"
  }
  clientId: "\000\000\000\000\000\000\000\000\000\000\000\000\000\000\000\026"
  callId: 34788
}
, term: 3
index: 145
stateMachineLogEntry {
  logData: "m13"
  stateMachineEntry {
    stateMachineData: "StateMachine Data"
  }
  clientId: "\000\000\000\000\000\000\000\000\000\000\000\000\000\000\000\026"
  callId: 34771
}
, term: 3
index: 147
stateMachineLogEntry {
  logData: "m17"
  stateMachineEntry {
    stateMachineData: "StateMachine Data"
  }
  clientId: "\000\000\000\000\000\000\000\000\000\000\000\000\000\000\000\026"
  callId: 34775
}
, term: 3
index: 149
stateMachineLogEntry {
  logData: "m21"
  stateMachineEntry {
    stateMachineData: "StateMachine Data"
  }
  clientId: "\000\000\000\000\000\000\000\000\000\000\000\000\000\000\000\026"
  callId: 34779
}
, term: 3
index: 151
stateMachineLogEntry {
  logData: "m25"
  stateMachineEntry {
    stateMachineData: "StateMachine Data"
  }
  clientId: "\000\000\000\000\000\000\000\000\000\000\000\000\000\000\000\026"
  callId: 34783
}
, term: 3
index: 153
stateMachineLogEntry {
  logData: "m33"
  stateMachineEntry {
    stateMachineData: "StateMachine Data"
  }
  clientId: "\000\000\000\000\000\000\000\000\000\000\000\000\000\000\000\026"
  callId: 34791
}
, term: 3
index: 155
stateMachineLogEntry {
  logData: "m37"
  stateMachineEntry {
    stateMachineData: "StateMachine Data"
  }
  clientId: "\000\000\000\000\000\000\000\000\000\000\000\000\000\000\000\026"
  callId: 34795
}
, term: 3
index: 157
stateMachineLogEntry {
  logData: "m41"
  stateMachineEntry {
    stateMachineData: "StateMachine Data"
  }
  clientId: "\000\000\000\000\000\000\000\000\000\000\000\000\000\000\000\026"
  callId: 34799
}
, term: 3
index: 159
stateMachineLogEntry {
  logData: "m29"
  stateMachineEntry {
    stateMachineData: "StateMachine Data"
  }
  clientId: "\000\000\000\000\000\000\000\000\000\000\000\000\000\000\000\026"
  callId: 34787
}
, term: 3
index: 161
stateMachineLogEntry {
  logData: "m28"
  stateMachineEntry {
    stateMachineData: "StateMachine Data"
  }
  clientId: "\000\000\000\000\000\000\000\000\000\000\000\000\000\000\000\026"
  callId: 34786
}
, term: 3
index: 163
stateMachineLogEntry {
  logData: "m32"
  stateMachineEntry {
    stateMachineData: "StateMachine Data"
  }
  clientId: "\000\000\000\000\000\000\000\000\000\000\000\000\000\000\000\026"
  callId: 34790
}
, term: 3
index: 165
stateMachineLogEntry {
  logData: "m36"
  stateMachineEntry {
    stateMachineData: "StateMachine Data"
  }
  clientId: "\000\000\000\000\000\000\000\000\000\000\000\000\000\000\000\026"
  callId: 34794
}
, term: 3
index: 167
stateMachineLogEntry {
  logData: "m40"
  stateMachineEntry {
    stateMachineData: "StateMachine Data"
  }
  clientId: "\000\000\000\000\000\000\000\000\000\000\000\000\000\000\000\026"
  callId: 34798
}
, term: 3
index: 169
stateMachineLogEntry {
  logData: "m43"
  stateMachineEntry {
    stateMachineData: "StateMachine Data"
  }
  clientId: "\000\000\000\000\000\000\000\000\000\000\000\000\000\000\000\026"
  callId: 34801
}
, term: 3
index: 171
stateMachineLogEntry {
  logData: "m31"
  stateMachineEntry {
    stateMachineData: "StateMachine Data"
  }
  clientId: "\000\000\000\000\000\000\000\000\000\000\000\000\000\000\000\026"
  callId: 34789
}
, term: 3
index: 173
stateMachineLogEntry {
  logData: "m35"
  stateMachineEntry {
    stateMachineData: "StateMachine Data"
  }
  clientId: "\000\000\000\000\000\000\000\000\000\000\000\000\000\000\000\026"
  callId: 34793
}
, term: 3
index: 175
stateMachineLogEntry {
  logData: "m39"
  stateMachineEntry {
    stateMachineData: "StateMachine Data"
  }
  clientId: "\000\000\000\000\000\000\000\000\000\000\000\000\000\000\000\026"
  callId: 34797
}
, term: 3
index: 177
stateMachineLogEntry {
  logData: "m46"
  stateMachineEntry {
    stateMachineData: "StateMachine Data"
  }
  clientId: "\000\000\000\000\000\000\000\000\000\000\000\000\000\000\000\026"
  callId: 34804
}
, term: 3
index: 179
stateMachineLogEntry {
  logData: "m50"
  stateMachineEntry {
    stateMachineData: "StateMachine Data"
  }
  clientId: "\000\000\000\000\000\000\000\000\000\000\000\000\000\000\000\026"
  callId: 34808
}
, term: 3
index: 181
stateMachineLogEntry {
  logData: "m54"
  stateMachineEntry {
    stateMachineData: "StateMachine Data"
  }
  clientId: "\000\000\000\000\000\000\000\000\000\000\000\000\000\000\000\026"
  callId: 34812
}
, term: 3
index: 183
stateMachineLogEntry {
  logData: "m53"
  stateMachineEntry {
    stateMachineData: "StateMachine Data"
  }
  clientId: "\000\000\000\000\000\000\000\000\000\000\000\000\000\000\000\026"
  callId: 34811
}
, term: 3
index: 185
stateMachineLogEntry {
  logData: "m45"
  stateMachineEntry {
    stateMachineData: "StateMachine Data"
  }
  clientId: "\000\000\000\000\000\000\000\000\000\000\000\000\000\000\000\026"
  callId: 34803
}
, term: 3
index: 187
stateMachineLogEntry {
  logData: "m49"
  stateMachineEntry {
    stateMachineData: "StateMachine Data"
  }
  clientId: "\000\000\000\000\000\000\000\000\000\000\000\000\000\000\000\026"
  callId: 34807
}
, term: 3
index: 189
stateMachineLogEntry {
  logData: "m57"
  stateMachineEntry {
    stateMachineData: "StateMachine Data"
  }
  clientId: "\000\000\000\000\000\000\000\000\000\000\000\000\000\000\000\026"
  callId: 34815
}
, term: 3
index: 191
stateMachineLogEntry {
  logData: "m56"
  stateMachineEntry {
    stateMachineData: "StateMachine Data"
  }
  clientId: "\000\000\000\000\000\000\000\000\000\000\000\000\000\000\000\026"
  callId: 34814
}
, term: 3
index: 193
stateMachineLogEntry {
  logData: "m48"
  stateMachineEntry {
    stateMachineData: "StateMachine Data"
  }
  clientId: "\000\000\000\000\000\000\000\000\000\000\000\000\000\000\000\026"
  callId: 34806
}
, term: 3
index: 195
stateMachineLogEntry {
  logData: "m52"
  stateMachineEntry {
    stateMachineData: "StateMachine Data"
  }
  clientId: "\000\000\000\000\000\000\000\000\000\000\000\000\000\000\000\026"
  callId: 34810
}
, term: 3
index: 197
stateMachineLogEntry {
  logData: "m44"
  stateMachineEntry {
    stateMachineData: "StateMachine Data"
  }
  clientId: "\000\000\000\000\000\000\000\000\000\000\000\000\000\000\000\026"
  callId: 34802
}
, term: 3
index: 199
stateMachineLogEntry {
  logData: "m51"
  stateMachineEntry {
    stateMachineData: "StateMachine Data"
  }
  clientId: "\000\000\000\000\000\000\000\000\000\000\000\000\000\000\000\026"
  callId: 34809
}
, term: 3
index: 201
stateMachineLogEntry {
  logData: "m47"
  stateMachineEntry {
    stateMachineData: "StateMachine Data"
  }
  clientId: "\000\000\000\000\000\000\000\000\000\000\000\000\000\000\000\026"
  callId: 34805
}
, term: 3
index: 203
stateMachineLogEntry {
  logData: "m55"
  stateMachineEntry {
    stateMachineData: "StateMachine Data"
  }
  clientId: "\000\000\000\000\000\000\000\000\000\000\000\000\000\000\000\026"
  callId: 34813
}
] ==> expected: <true> but was: <false>
[ERROR]   Run 6: TestRaftAsyncWithNetty>RaftAsyncTests.testBasicAppendEntriesAsyncKillLeader:278->RaftAsyncTests.runTestBasicAppendEntriesAsync:267->RaftAsyncTests.lambda$runTestBasicAppendEntriesAsync$0:268 Failed to find m2 in entries [term: 3
index: 5
stateMachineLogEntry {
  logData: "m0"
  stateMachineEntry {
    stateMachineData: "StateMachine Data"
  }
  clientId: "\000\000\000\000\000\000\000\000\000\000\000\000\000\000\000\027"
  callId: 41453
}
, term: 3
index: 7
stateMachineLogEntry {
  logData: "m99"
  stateMachineEntry {
    stateMachineData: "StateMachine Data"
  }
  clientId: "\000\000\000\000\000\000\000\000\000\000\000\000\000\000\000\027"
  callId: 41572
}
, term: 3
index: 9
stateMachineLogEntry {
  logData: "m21"
  stateMachineEntry {
    stateMachineData: "StateMachine Data"
  }
  clientId: "\000\000\000\000\000\000\000\000\000\000\000\000\000\000\000\027"
  callId: 41474
}
, term: 3
index: 11
stateMachineLogEntry {
  logData: "m22"
  stateMachineEntry {
    stateMachineData: "StateMachine Data"
  }
  clientId: "\000\000\000\000\000\000\000\000\000\000\000\000\000\000\000\027"
  callId: 41475
}
, term: 3
index: 13
stateMachineLogEntry {
  logData: "m20"
  stateMachineEntry {
    stateMachineData: "StateMachine Data"
  }
  clientId: "\000\000\000\000\000\000\000\000\000\000\000\000\000\000\000\027"
  callId: 41473
}
, term: 3
index: 15
stateMachineLogEntry {
  logData: "m19"
  stateMachineEntry {
    stateMachineData: "StateMachine Data"
  }
  clientId: "\000\000\000\000\000\000\000\000\000\000\000\000\000\000\000\027"
  callId: 41472
}
, term: 3
index: 17
stateMachineLogEntry {
  logData: "m24"
  stateMachineEntry {
    stateMachineData: "StateMachine Data"
  }
  clientId: "\000\000\000\000\000\000\000\000\000\000\000\000\000\000\000\027"
  callId: 41477
}
, term: 3
index: 19
stateMachineLogEntry {
  logData: "m23"
  stateMachineEntry {
    stateMachineData: "StateMachine Data"
  }
  clientId: "\000\000\000\000\000\000\000\000\000\000\000\000\000\000\000\027"
  callId: 41476
}
, term: 3
index: 21
stateMachineLogEntry {
  logData: "m29"
  stateMachineEntry {
    stateMachineData: "StateMachine Data"
  }
  clientId: "\000\000\000\000\000\000\000\000\000\000\000\000\000\000\000\027"
  callId: 41482
}
, term: 3
index: 23
stateMachineLogEntry {
  logData: "m33"
  stateMachineEntry {
    stateMachineData: "StateMachine Data"
  }
  clientId: "\000\000\000\000\000\000\000\000\000\000\000\000\000\000\000\027"
  callId: 41486
}
, term: 3
index: 25
stateMachineLogEntry {
  logData: "m37"
  stateMachineEntry {
    stateMachineData: "StateMachine Data"
  }
  clientId: "\000\000\000\000\000\000\000\000\000\000\000\000\000\000\000\027"
  callId: 41490
}
, term: 3
index: 27
stateMachineLogEntry {
  logData: "m41"
  stateMachineEntry {
    stateMachineData: "StateMachine Data"
  }
  clientId: "\000\000\000\000\000\000\000\000\000\000\000\000\000\000\000\027"
  callId: 41494
}
, term: 3
index: 29
stateMachineLogEntry {
  logData: "m25"
  stateMachineEntry {
    stateMachineData: "StateMachine Data"
  }
  clientId: "\000\000\000\000\000\000\000\000\000\000\000\000\000\000\000\027"
  callId: 41478
}
, term: 3
index: 31
stateMachineLogEntry {
  logData: "m30"
  stateMachineEntry {
    stateMachineData: "StateMachine Data"
  }
  clientId: "\000\000\000\000\000\000\000\000\000\000\000\000\000\000\000\027"
  callId: 41483
}
, term: 3
index: 33
stateMachineLogEntry {
  logData: "m34"
  stateMachineEntry {
    stateMachineData: "StateMachine Data"
  }
  clientId: "\000\000\000\000\000\000\000\000\000\000\000\000\000\000\000\027"
  callId: 41487
}
, term: 3
index: 35
stateMachineLogEntry {
  logData: "m32"
  stateMachineEntry {
    stateMachineData: "StateMachine Data"
  }
  clientId: "\000\000\000\000\000\000\000\000\000\000\000\000\000\000\000\027"
  callId: 41485
}
, term: 3
index: 37
stateMachineLogEntry {
  logData: "m38"
  stateMachineEntry {
    stateMachineData: "StateMachine Data"
  }
  clientId: "\000\000\000\000\000\000\000\000\000\000\000\000\000\000\000\027"
  callId: 41491
}
, term: 3
index: 39
stateMachineLogEntry {
  logData: "m36"
  stateMachineEntry {
    stateMachineData: "StateMachine Data"
  }
  clientId: "\000\000\000\000\000\000\000\000\000\000\000\000\000\000\000\027"
  callId: 41489
}
, term: 3
index: 41
stateMachineLogEntry {
  logData: "m42"
  stateMachineEntry {
    stateMachineData: "StateMachine Data"
  }
  clientId: "\000\000\000\000\000\000\000\000\000\000\000\000\000\000\000\027"
  callId: 41495
}
, term: 3
index: 43
stateMachineLogEntry {
  logData: "m40"
  stateMachineEntry {
    stateMachineData: "StateMachine Data"
  }
  clientId: "\000\000\000\000\000\000\000\000\000\000\000\000\000\000\000\027"
  callId: 41493
}
, term: 3
index: 45
stateMachineLogEntry {
  logData: "m26"
  stateMachineEntry {
    stateMachineData: "StateMachine Data"
  }
  clientId: "\000\000\000\000\000\000\000\000\000\000\000\000\000\000\000\027"
  callId: 41479
}
, term: 3
index: 47
stateMachineLogEntry {
  logData: "m44"
  stateMachineEntry {
    stateMachineData: "StateMachine Data"
  }
  clientId: "\000\000\000\000\000\000\000\000\000\000\000\000\000\000\000\027"
  callId: 41497
}
, term: 3
index: 49
stateMachineLogEntry {
  logData: "m46"
  stateMachineEntry {
    stateMachineData: "StateMachine Data"
  }
  clientId: "\000\000\000\000\000\000\000\000\000\000\000\000\000\000\000\027"
  callId: 41499
}
, term: 3
index: 51
stateMachineLogEntry {
  logData: "m28"
  stateMachineEntry {
    stateMachineData: "StateMachine Data"
  }
  clientId: "\000\000\000\000\000\000\000\000\000\000\000\000\000\000\000\027"
  callId: 41481
}
, term: 3
index: 53
stateMachineLogEntry {
  logData: "m50"
  stateMachineEntry {
    stateMachineData: "StateMachine Data"
  }
  clientId: "\000\000\000\000\000\000\000\000\000\000\000\000\000\000\000\027"
  callId: 41503
}
, term: 3
index: 55
stateMachineLogEntry {
  logData: "m48"
  stateMachineEntry {
    stateMachineData: "StateMachine Data"
  }
  clientId: "\000\000\000\000\000\000\000\000\000\000\000\000\000\000\000\027"
  callId: 41501
}
, term: 3
index: 57
stateMachineLogEntry {
  logData: "m54"
  stateMachineEntry {
    stateMachineData: "StateMachine Data"
  }
  clientId: "\000\000\000\000\000\000\000\000\000\000\000\000\000\000\000\027"
  callId: 41507
}
, term: 3
index: 59
stateMachineLogEntry {
  logData: "m52"
  stateMachineEntry {
    stateMachineData: "StateMachine Data"
  }
  clientId: "\000\000\000\000\000\000\000\000\000\000\000\000\000\000\000\027"
  callId: 41505
}
, term: 3
index: 61
stateMachineLogEntry {
  logData: "m58"
  stateMachineEntry {
    stateMachineData: "StateMachine Data"
  }
  clientId: "\000\000\000\000\000\000\000\000\000\000\000\000\000\000\000\027"
  callId: 41511
}
, term: 3
index: 63
stateMachineLogEntry {
  logData: "m56"
  stateMachineEntry {
    stateMachineData: "StateMachine Data"
  }
  clientId: "\000\000\000\000\000\000\000\000\000\000\000\000\000\000\000\027"
  callId: 41509
}
, term: 3
index: 65
stateMachineLogEntry {
  logData: "m62"
  stateMachineEntry {
    stateMachineData: "StateMachine Data"
  }
  clientId: "\000\000\000\000\000\000\000\000\000\000\000\000\000\000\000\027"
  callId: 41515
}
, term: 3
index: 67
stateMachineLogEntry {
  logData: "m60"
  stateMachineEntry {
    stateMachineData: "StateMachine Data"
  }
  clientId: "\000\000\000\000\000\000\000\000\000\000\000\000\000\000\000\027"
  callId: 41513
}
, term: 3
index: 69
stateMachineLogEntry {
  logData: "m31"
  stateMachineEntry {
    stateMachineData: "StateMachine Data"
  }
  clientId: "\000\000\000\000\000\000\000\000\000\000\000\000\000\000\000\027"
  callId: 41484
}
, term: 3
index: 71
stateMachineLogEntry {
  logData: "m35"
  stateMachineEntry {
    stateMachineData: "StateMachine Data"
  }
  clientId: "\000\000\000\000\000\000\000\000\000\000\000\000\000\000\000\027"
  callId: 41488
}
, term: 3
index: 73
stateMachineLogEntry {
  logData: "m39"
  stateMachineEntry {
    stateMachineData: "StateMachine Data"
  }
  clientId: "\000\000\000\000\000\000\000\000\000\000\000\000\000\000\000\027"
  callId: 41492
}
, term: 3
index: 75
stateMachineLogEntry {
  logData: "m43"
  stateMachineEntry {
    stateMachineData: "StateMachine Data"
  }
  clientId: "\000\000\000\000\000\000\000\000\000\000\000\000\000\000\000\027"
  callId: 41496
}
, term: 3
index: 77
stateMachineLogEntry {
  logData: "m27"
  stateMachineEntry {
    stateMachineData: "StateMachine Data"
  }
  clientId: "\000\000\000\000\000\000\000\000\000\000\000\000\000\000\000\027"
  callId: 41480
}
, term: 3
index: 79
stateMachineLogEntry {
  logData: "m47"
  stateMachineEntry {
    stateMachineData: "StateMachine Data"
  }
  clientId: "\000\000\000\000\000\000\000\000\000\000\000\000\000\000\000\027"
  callId: 41500
}
, term: 3
index: 81
stateMachineLogEntry {
  logData: "m51"
  stateMachineEntry {
    stateMachineData: "StateMachine Data"
  }
  clientId: "\000\000\000\000\000\000\000\000\000\000\000\000\000\000\000\027"
  callId: 41504
}
, term: 3
index: 83
stateMachineLogEntry {
  logData: "m55"
  stateMachineEntry {
    stateMachineData: "StateMachine Data"
  }
  clientId: "\000\000\000\000\000\000\000\000\000\000\000\000\000\000\000\027"
  callId: 41508
}
, term: 3
index: 85
stateMachineLogEntry {
  logData: "m59"
  stateMachineEntry {
    stateMachineData: "StateMachine Data"
  }
  clientId: "\000\000\000\000\000\000\000\000\000\000\000\000\000\000\000\027"
  callId: 41512
}
, term: 3
index: 87
stateMachineLogEntry {
  logData: "m63"
  stateMachineEntry {
    stateMachineData: "StateMachine Data"
  }
  clientId: "\000\000\000\000\000\000\000\000\000\000\000\000\000\000\000\027"
  callId: 41516
}
, term: 3
index: 89
stateMachineLogEntry {
  logData: "m45"
  stateMachineEntry {
    stateMachineData: "StateMachine Data"
  }
  clientId: "\000\000\000\000\000\000\000\000\000\000\000\000\000\000\000\027"
  callId: 41498
}
, term: 3
index: 91
stateMachineLogEntry {
  logData: "m49"
  stateMachineEntry {
    stateMachineData: "StateMachine Data"
  }
  clientId: "\000\000\000\000\000\000\000\000\000\000\000\000\000\000\000\027"
  callId: 41502
}
, term: 3
index: 93
stateMachineLogEntry {
  logData: "m53"
  stateMachineEntry {
    stateMachineData: "StateMachine Data"
  }
  clientId: "\000\000\000\000\000\000\000\000\000\000\000\000\000\000\000\027"
  callId: 41506
}
, term: 3
index: 95
stateMachineLogEntry {
  logData: "m57"
  stateMachineEntry {
    stateMachineData: "StateMachine Data"
  }
  clientId: "\000\000\000\000\000\000\000\000\000\000\000\000\000\000\000\027"
  callId: 41510
}
, term: 3
index: 97
stateMachineLogEntry {
  logData: "m76"
  stateMachineEntry {
    stateMachineData: "StateMachine Data"
  }
  clientId: "\000\000\000\000\000\000\000\000\000\000\000\000\000\000\000\027"
  callId: 41529
}
, term: 3
index: 99
stateMachineLogEntry {
  logData: "m64"
  stateMachineEntry {
    stateMachineData: "StateMachine Data"
  }
  clientId: "\000\000\000\000\000\000\000\000\000\000\000\000\000\000\000\027"
  callId: 41517
}
, term: 3
index: 101
stateMachineLogEntry {
  logData: "m68"
  stateMachineEntry {
    stateMachineData: "StateMachine Data"
  }
  clientId: "\000\000\000\000\000\000\000\000\000\000\000\000\000\000\000\027"
  callId: 41521
}
, term: 3
index: 103
stateMachineLogEntry {
  logData: "m72"
  stateMachineEntry {
    stateMachineData: "StateMachine Data"
  }
  clientId: "\000\000\000\000\000\000\000\000\000\000\000\000\000\000\000\027"
  callId: 41525
}
, term: 3
index: 105
stateMachineLogEntry {
  logData: "m80"
  stateMachineEntry {
    stateMachineData: "StateMachine Data"
  }
  clientId: "\000\000\000\000\000\000\000\000\000\000\000\000\000\000\000\027"
  callId: 41533
}
, term: 3
index: 107
stateMachineLogEntry {
  logData: "m84"
  stateMachineEntry {
    stateMachineData: "StateMachine Data"
  }
  clientId: "\000\000\000\000\000\000\000\000\000\000\000\000\000\000\000\027"
  callId: 41537
}
, term: 3
index: 109
stateMachineLogEntry {
  logData: "m66"
  stateMachineEntry {
    stateMachineData: "StateMachine Data"
  }
  clientId: "\000\000\000\000\000\000\000\000\000\000\000\000\000\000\000\027"
  callId: 41519
}
, term: 3
index: 111
stateMachineLogEntry {
  logData: "m70"
  stateMachineEntry {
    stateMachineData: "StateMachine Data"
  }
  clientId: "\000\000\000\000\000\000\000\000\000\000\000\000\000\000\000\027"
  callId: 41523
}
, term: 3
index: 113
stateMachineLogEntry {
  logData: "m74"
  stateMachineEntry {
    stateMachineData: "StateMachine Data"
  }
  clientId: "\000\000\000\000\000\000\000\000\000\000\000\000\000\000\000\027"
  callId: 41527
}
, term: 3
index: 115
stateMachineLogEntry {
  logData: "m78"
  stateMachineEntry {
    stateMachineData: "StateMachine Data"
  }
  clientId: "\000\000\000\000\000\000\000\000\000\000\000\000\000\000\000\027"
  callId: 41531
}
, term: 3
index: 117
stateMachineLogEntry {
  logData: "m75"
  stateMachineEntry {
    stateMachineData: "StateMachine Data"
  }
  clientId: "\000\000\000\000\000\000\000\000\000\000\000\000\000\000\000\027"
  callId: 41528
}
, term: 3
index: 119
stateMachineLogEntry {
  logData: "m82"
  stateMachineEntry {
    stateMachineData: "StateMachine Data"
  }
  clientId: "\000\000\000\000\000\000\000\000\000\000\000\000\000\000\000\027"
  callId: 41535
}
, term: 3
index: 121
stateMachineLogEntry {
  logData: "m67"
  stateMachineEntry {
    stateMachineData: "StateMachine Data"
  }
  clientId: "\000\000\000\000\000\000\000\000\000\000\000\000\000\000\000\027"
  callId: 41520
}
, term: 3
index: 123
stateMachineLogEntry {
  logData: "m71"
  stateMachineEntry {
    stateMachineData: "StateMachine Data"
  }
  clientId: "\000\000\000\000\000\000\000\000\000\000\000\000\000\000\000\027"
  callId: 41524
}
, term: 3
index: 125
stateMachineLogEntry {
  logData: "m61"
  stateMachineEntry {
    stateMachineData: "StateMachine Data"
  }
  clientId: "\000\000\000\000\000\000\000\000\000\000\000\000\000\000\000\027"
  callId: 41514
}
, term: 3
index: 127
stateMachineLogEntry {
  logData: "m79"
  stateMachineEntry {
    stateMachineData: "StateMachine Data"
  }
  clientId: "\000\000\000\000\000\000\000\000\000\000\000\000\000\000\000\027"
  callId: 41532
}
, term: 3
index: 129
stateMachineLogEntry {
  logData: "m65"
  stateMachineEntry {
    stateMachineData: "StateMachine Data"
  }
  clientId: "\000\000\000\000\000\000\000\000\000\000\000\000\000\000\000\027"
  callId: 41518
}
, term: 3
index: 131
stateMachineLogEntry {
  logData: "m83"
  stateMachineEntry {
    stateMachineData: "StateMachine Data"
  }
  clientId: "\000\000\000\000\000\000\000\000\000\000\000\000\000\000\000\027"
  callId: 41536
}
, term: 3
index: 133
stateMachineLogEntry {
  logData: "m69"
  stateMachineEntry {
    stateMachineData: "StateMachine Data"
  }
  clientId: "\000\000\000\000\000\000\000\000\000\000\000\000\000\000\000\027"
  callId: 41522
}
, term: 3
index: 135
stateMachineLogEntry {
  logData: "m73"
  stateMachineEntry {
    stateMachineData: "StateMachine Data"
  }
  clientId: "\000\000\000\000\000\000\000\000\000\000\000\000\000\000\000\027"
  callId: 41526
}
, term: 3
index: 137
stateMachineLogEntry {
  logData: "m77"
  stateMachineEntry {
    stateMachineData: "StateMachine Data"
  }
  clientId: "\000\000\000\000\000\000\000\000\000\000\000\000\000\000\000\027"
  callId: 41530
}
, term: 3
index: 139
stateMachineLogEntry {
  logData: "m81"
  stateMachineEntry {
    stateMachineData: "StateMachine Data"
  }
  clientId: "\000\000\000\000\000\000\000\000\000\000\000\000\000\000\000\027"
  callId: 41534
}
, term: 3
index: 141
stateMachineLogEntry {
  logData: "m96"
  stateMachineEntry {
    stateMachineData: "StateMachine Data"
  }
  clientId: "\000\000\000\000\000\000\000\000\000\000\000\000\000\000\000\027"
  callId: 41549
}
, term: 3
index: 143
stateMachineLogEntry {
  logData: "m2"
  stateMachineEntry {
    stateMachineData: "StateMachine Data"
  }
  clientId: "\000\000\000\000\000\000\000\000\000\000\000\000\000\000\000\027"
  callId: 41455
}
, term: 3
index: 145
stateMachineLogEntry {
  logData: "m6"
  stateMachineEntry {
    stateMachineData: "StateMachine Data"
  }
  clientId: "\000\000\000\000\000\000\000\000\000\000\000\000\000\000\000\027"
  callId: 41459
}
, term: 3
index: 147
stateMachineLogEntry {
  logData: "m92"
  stateMachineEntry {
    stateMachineData: "StateMachine Data"
  }
  clientId: "\000\000\000\000\000\000\000\000\000\000\000\000\000\000\000\027"
  callId: 41545
}
, term: 3
index: 149
stateMachineLogEntry {
  logData: "m88"
  stateMachineEntry {
    stateMachineData: "StateMachine Data"
  }
  clientId: "\000\000\000\000\000\000\000\000\000\000\000\000\000\000\000\027"
  callId: 41541
}
, term: 3
index: 151
stateMachineLogEntry {
  logData: "m94"
  stateMachineEntry {
    stateMachineData: "StateMachine Data"
  }
  clientId: "\000\000\000\000\000\000\000\000\000\000\000\000\000\000\000\027"
  callId: 41547
}
, term: 3
index: 153
stateMachineLogEntry {
  logData: "m98"
  stateMachineEntry {
    stateMachineData: "StateMachine Data"
  }
  clientId: "\000\000\000\000\000\000\000\000\000\000\000\000\000\000\000\027"
  callId: 41551
}
, term: 3
index: 155
stateMachineLogEntry {
  logData: "m4"
  stateMachineEntry {
    stateMachineData: "StateMachine Data"
  }
  clientId: "\000\000\000\000\000\000\000\000\000\000\000\000\000\000\000\027"
  callId: 41457
}
, term: 3
index: 157
stateMachineLogEntry {
  logData: "m90"
  stateMachineEntry {
    stateMachineData: "StateMachine Data"
  }
  clientId: "\000\000\000\000\000\000\000\000\000\000\000\000\000\000\000\027"
  callId: 41543
}
, term: 3
index: 159
stateMachineLogEntry {
  logData: "m86"
  stateMachineEntry {
    stateMachineData: "StateMachine Data"
  }
  clientId: "\000\000\000\000\000\000\000\000\000\000\000\000\000\000\000\027"
  callId: 41539
}
, term: 3
index: 161
stateMachineLogEntry {
  logData: "m95"
  stateMachineEntry {
    stateMachineData: "StateMachine Data"
  }
  clientId: "\000\000\000\000\000\000\000\000\000\000\000\000\000\000\000\027"
  callId: 41548
}
, term: 3
index: 163
stateMachineLogEntry {
  logData: "m1"
  stateMachineEntry {
    stateMachineData: "StateMachine Data"
  }
  clientId: "\000\000\000\000\000\000\000\000\000\000\000\000\000\000\000\027"
  callId: 41454
}
, term: 3
index: 165
stateMachineLogEntry {
  logData: "m5"
  stateMachineEntry {
    stateMachineData: "StateMachine Data"
  }
  clientId: "\000\000\000\000\000\000\000\000\000\000\000\000\000\000\000\027"
  callId: 41458
}
, term: 3
index: 167
stateMachineLogEntry {
  logData: "m91"
  stateMachineEntry {
    stateMachineData: "StateMachine Data"
  }
  clientId: "\000\000\000\000\000\000\000\000\000\000\000\000\000\000\000\027"
  callId: 41544
}
, term: 3
index: 169
stateMachineLogEntry {
  logData: "m87"
  stateMachineEntry {
    stateMachineData: "StateMachine Data"
  }
  clientId: "\000\000\000\000\000\000\000\000\000\000\000\000\000\000\000\027"
  callId: 41540
}
, term: 3
index: 171
stateMachineLogEntry {
  logData: "m89"
  stateMachineEntry {
    stateMachineData: "StateMachine Data"
  }
  clientId: "\000\000\000\000\000\000\000\000\000\000\000\000\000\000\000\027"
  callId: 41542
}
, term: 3
index: 173
stateMachineLogEntry {
  logData: "m93"
  stateMachineEntry {
    stateMachineData: "StateMachine Data"
  }
  clientId: "\000\000\000\000\000\000\000\000\000\000\000\000\000\000\000\027"
  callId: 41546
}
, term: 3
index: 175
stateMachineLogEntry {
  logData: "m97"
  stateMachineEntry {
    stateMachineData: "StateMachine Data"
  }
  clientId: "\000\000\000\000\000\000\000\000\000\000\000\000\000\000\000\027"
  callId: 41550
}
, term: 3
index: 177
stateMachineLogEntry {
  logData: "m3"
  stateMachineEntry {
    stateMachineData: "StateMachine Data"
  }
  clientId: "\000\000\000\000\000\000\000\000\000\000\000\000\000\000\000\027"
  callId: 41456
}
, term: 3
index: 179
stateMachineLogEntry {
  logData: "m85"
  stateMachineEntry {
    stateMachineData: "StateMachine Data"
  }
  clientId: "\000\000\000\000\000\000\000\000\000\000\000\000\000\000\000\027"
  callId: 41538
}
, term: 3
index: 181
stateMachineLogEntry {
  logData: "m10"
  stateMachineEntry {
    stateMachineData: "StateMachine Data"
  }
  clientId: "\000\000\000\000\000\000\000\000\000\000\000\000\000\000\000\027"
  callId: 41463
}
, term: 3
index: 183
stateMachineLogEntry {
  logData: "m14"
  stateMachineEntry {
    stateMachineData: "StateMachine Data"
  }
  clientId: "\000\000\000\000\000\000\000\000\000\000\000\000\000\000\000\027"
  callId: 41467
}
, term: 3
index: 185
stateMachineLogEntry {
  logData: "m18"
  stateMachineEntry {
    stateMachineData: "StateMachine Data"
  }
  clientId: "\000\000\000\000\000\000\000\000\000\000\000\000\000\000\000\027"
  callId: 41471
}
, term: 3
index: 187
stateMachineLogEntry {
  logData: "m8"
  stateMachineEntry {
    stateMachineData: "StateMachine Data"
  }
  clientId: "\000\000\000\000\000\000\000\000\000\000\000\000\000\000\000\027"
  callId: 41461
}
, term: 3
index: 189
stateMachineLogEntry {
  logData: "m12"
  stateMachineEntry {
    stateMachineData: "StateMachine Data"
  }
  clientId: "\000\000\000\000\000\000\000\000\000\000\000\000\000\000\000\027"
  callId: 41465
}
, term: 3
index: 191
stateMachineLogEntry {
  logData: "m16"
  stateMachineEntry {
    stateMachineData: "StateMachine Data"
  }
  clientId: "\000\000\000\000\000\000\000\000\000\000\000\000\000\000\000\027"
  callId: 41469
}
, term: 3
index: 193
stateMachineLogEntry {
  logData: "m11"
  stateMachineEntry {
    stateMachineData: "StateMachine Data"
  }
  clientId: "\000\000\000\000\000\000\000\000\000\000\000\000\000\000\000\027"
  callId: 41464
}
, term: 3
index: 195
stateMachineLogEntry {
  logData: "m15"
  stateMachineEntry {
    stateMachineData: "StateMachine Data"
  }
  clientId: "\000\000\000\000\000\000\000\000\000\000\000\000\000\000\000\027"
  callId: 41468
}
, term: 3
index: 197
stateMachineLogEntry {
  logData: "m7"
  stateMachineEntry {
    stateMachineData: "StateMachine Data"
  }
  clientId: "\000\000\000\000\000\000\000\000\000\000\000\000\000\000\000\027"
  callId: 41460
}
, term: 3
index: 199
stateMachineLogEntry {
  logData: "m9"
  stateMachineEntry {
    stateMachineData: "StateMachine Data"
  }
  clientId: "\000\000\000\000\000\000\000\000\000\000\000\000\000\000\000\027"
  callId: 41462
}
, term: 3
index: 201
stateMachineLogEntry {
  logData: "m13"
  stateMachineEntry {
    stateMachineData: "StateMachine Data"
  }
  clientId: "\000\000\000\000\000\000\000\000\000\000\000\000\000\000\000\027"
  callId: 41466
}
, term: 3
index: 203
stateMachineLogEntry {
  logData: "m17"
  stateMachineEntry {
    stateMachineData: "StateMachine Data"
  }
  clientId: "\000\000\000\000\000\000\000\000\000\000\000\000\000\000\000\027"
  callId: 41470
}
] ==> expected: <true> but was: <false>
[INFO] 
[WARNING] Flakes: 
[WARNING] org.apache.ratis.grpc.TestRaftReconfigurationWithGrpc.testKillLeaderDuringReconf
[ERROR]   Run 1: TestRaftReconfigurationWithGrpc>RaftReconfigurationBaseTest.testKillLeaderDuringReconf:513->RaftReconfigurationBaseTest.runTestKillLeaderDuringReconf:582 expected: <false> but was: <true>
[INFO]   Run 2: PASS
[INFO] 
[INFO] 
[ERROR] Tests run: 25, Failures: 1, Errors: 0, Skipped: 0, Flakes: 1
[INFO] 
[INFO] 
[INFO] ------------------------------------------------------------------------
[INFO] Skipping Apache Ratis Examples
[INFO] This project has been banned from the build due to previous failures.
[INFO] ------------------------------------------------------------------------
[INFO] 
[INFO] ------------------------------------------------------------------------
[INFO] Skipping Apache Ratis Project Assembly
[INFO] This project has been banned from the build due to previous failures.
[INFO] ------------------------------------------------------------------------
[INFO] 
[INFO] ---------------------< org.apache.ratis:ratis-bom >---------------------
[INFO] Building Apache Ratis BOM 3.3.0-SNAPSHOT                         [18/20]
[INFO]   from ratis-bom/pom.xml
[INFO] --------------------------------[ pom ]---------------------------------
[INFO] 
[INFO] --- enforcer:3.6.3:enforce (enforce-maven-version) @ ratis-bom ---
[INFO] Rule 0: org.apache.maven.enforcer.rules.version.RequireMavenVersion passed
[INFO] 
[INFO] --- enforcer:3.6.3:enforce (enforce-java-version) @ ratis-bom ---
[INFO] Rule 0: org.apache.maven.enforcer.rules.version.RequireJavaVersion passed
[INFO] 
[INFO] --- remote-resources:3.3.0:process (process-resource-bundles) @ ratis-bom ---
[INFO] Preparing remote bundle org.apache.apache.resources:apache-jar-resource-bundle:1.8
[INFO] Copying 3 resources from 1 bundle.
[INFO] ------------------------------------------------------------------------
[INFO] Reactor Summary for Apache Ratis 3.3.0-SNAPSHOT:
[INFO] 
[INFO] Apache Ratis ....................................... SUCCESS [  1.791 s]
[INFO] Apache Ratis Documentation ......................... SUCCESS [  0.771 s]
[INFO] Apache Ratis Protocols ............................. SUCCESS [ 10.196 s]
[INFO] Apache Ratis Common ................................ SUCCESS [  5.732 s]
[INFO] Apache Ratis Client ................................ SUCCESS [  2.194 s]
[INFO] Apache Ratis Server API ............................ SUCCESS [  2.354 s]
[INFO] Apache Ratis Metrics API ........................... SUCCESS [  1.082 s]
[INFO] Apache Ratis Metrics Default Implementation ........ SUCCESS [  1.653 s]
[INFO] Apache Ratis Server ................................ SUCCESS [  7.276 s]
[INFO] Apache Ratis - Resource Bundle ..................... SUCCESS [  0.217 s]
[INFO] Apache Ratis gRPC Support .......................... SUCCESS [  3.579 s]
[INFO] Apache Ratis Netty Support ......................... SUCCESS [  3.063 s]
[INFO] Apache Ratis Metrics Dropwizard 3 Implementation ... SUCCESS [  2.298 s]
[INFO] Apache Ratis Tracing - OpenTelemetry ............... SUCCESS [  1.966 s]
[INFO] Apache Ratis Tools ................................. SUCCESS [  1.098 s]
[INFO] Apache Ratis Shell ................................. SUCCESS [  1.772 s]
[INFO] Apache Ratis Test .................................. FAILURE [09:32 min]
[INFO] Apache Ratis Examples .............................. SKIPPED
[INFO] Apache Ratis Project Assembly ...................... SKIPPED
[INFO] Apache Ratis BOM ................................... SUCCESS [  0.314 s]
[INFO] ------------------------------------------------------------------------
[INFO] BUILD FAILURE
[INFO] ------------------------------------------------------------------------
[INFO] Total time:  10:22 min
[INFO] Finished at: 2026-07-26T21:15:32Z
[INFO] ------------------------------------------------------------------------
[INFO] 206 goals, 206 executed
[ERROR] Failed to execute goal org.apache.maven.plugins:maven-surefire-plugin:3.5.6:test (default-test) on project ratis-test: There are test failures.
[ERROR] 
[ERROR] See /home/runner/work/ratis/ratis/ratis-test/target/surefire-reports for the individual test results.
[ERROR] See dump files (if any exist) [date].dump, [date]-jvmRun[N].dump and [date].dumpstream.
[ERROR] -> [Help 1]
[ERROR] 
[ERROR] To see the full stack trace of the errors, re-run Maven with the -e switch.
[ERROR] Re-run Maven using the -X switch to enable full debug logging.
[ERROR] 
[ERROR] For more information about the errors and possible solutions, please read the following articles:
[ERROR] [Help 1] http://cwiki.apache.org/confluence/display/MAVEN/MojoFailureException
[ERROR] 
[ERROR] After correcting the problems, you can resume the build with the command
[ERROR]   mvn <args> -rf :ratis-test
